# Blender 5.0.1
# www.blender.org
mtllib tripo_convert_32372877-3193-469f-95e7-262d296b1971.mtl
o tripo_node_32372877-3193-469f-95e7-262d296b1971
v -0.037756 0.000000 0.193823
v -0.032017 0.000000 0.193823
v -0.051147 0.005739 0.224429
v -0.041582 0.003826 0.193823
v -0.032017 0.015303 0.163216
v -0.032017 0.005739 0.197648
v -0.045408 0.007652 0.224429
v -0.028191 0.015303 0.167042
v -0.054972 0.011478 0.222516
v -0.041582 0.007652 0.197648
v -0.037756 0.019129 0.165129
v -0.064537 0.026781 0.256949
v -0.037756 0.009565 0.197648
v -0.043495 0.013390 0.224429
v -0.028191 0.017216 0.172780
v -0.058798 0.028694 0.258862
v -0.032017 0.019129 0.172780
v -0.053059 0.017216 0.222516
v -0.047321 0.019129 0.222516
v -0.035843 0.021042 0.170867
v -0.007149 0.009565 -0.288234
v -0.001411 0.009565 -0.290147
v 0.011980 0.019129 -0.269105
v -0.010975 0.013390 -0.292060
v 0.006241 0.021042 -0.269105
v 0.004328 0.026781 -0.271018
v -0.001411 0.013390 -0.293973
v 0.013893 0.022955 -0.271018
v -0.068363 0.030607 0.255036
v -0.056885 0.034433 0.256949
v -0.007149 0.017216 -0.295886
v 0.006241 0.028694 -0.274844
v 0.011980 0.026781 -0.274844
v -0.033930 0.040171 0.149825
v -0.028191 0.040171 0.153651
v -0.030104 0.042084 0.159390
v -0.066450 0.036346 0.253123
v -0.060711 0.038258 0.255036
v -0.039669 0.043997 0.157477
v -0.039669 0.042084 0.151738
v -0.035843 0.043997 0.161303
v 0.015806 0.040171 -0.249976
v 0.011980 0.038258 -0.248063
v 0.006241 0.040171 -0.248063
v 0.013893 0.045910 -0.253802
v -0.074102 0.036346 0.289469
v -0.079840 0.036346 0.287556
v -0.081753 0.040171 0.285643
v 0.004328 0.043997 -0.251889
v 0.008154 0.047823 -0.255715
v -0.074102 0.040171 0.287556
v -0.081753 0.042084 0.283730
v -0.076015 0.043997 0.283730
v -0.127663 0.036346 -0.274844
v -0.118099 0.036346 -0.286321
v -0.114273 0.038258 -0.284408
v -0.120012 0.038258 -0.272931
v -0.133402 0.047823 -0.253802
v -0.131489 0.042084 -0.278670
v -0.141054 0.045910 -0.255715
v -0.121925 0.040171 -0.288234
v -0.114273 0.042084 -0.284408
v -0.118099 0.045910 -0.272931
v -0.120012 0.043997 -0.288234
v 0.008154 0.068865 -0.230847
v 0.004328 0.066952 -0.227021
v -0.041582 0.065039 0.140261
v -0.035843 0.065039 0.144087
v -0.001411 0.068865 -0.228934
v -0.144880 0.049736 -0.259540
v -0.129576 0.047823 -0.278670
v -0.116186 0.045910 -0.286321
v -0.121925 0.049736 -0.276757
v -0.049234 0.063126 0.142174
v -0.037756 0.068865 0.149825
v -0.137228 0.043997 0.075221
v -0.146793 0.049736 0.090525
v -0.158270 0.055475 0.080960
v -0.137228 0.049736 0.075221
v -0.131489 0.049736 0.067570
v -0.148706 0.051649 0.063744
v -0.045408 0.068865 0.151738
v -0.049234 0.066952 0.147912
v -0.003323 0.072691 -0.232759
v 0.000502 0.074604 -0.236585
v -0.152531 0.066952 -0.227021
v -0.160183 0.065039 -0.228934
v -0.131489 0.053562 -0.253802
v 0.006241 0.072691 -0.234672
v -0.142967 0.057388 -0.259540
v -0.135315 0.059301 -0.257627
v -0.144880 0.053562 0.090525
v -0.154444 0.059301 0.111567
v -0.165922 0.065039 0.103915
v -0.164009 0.068865 -0.230846
v -0.131489 0.051649 0.067570
v -0.146793 0.057388 0.067570
v -0.154444 0.061214 0.082873
v -0.139141 0.053562 0.056092
v -0.121925 0.055475 0.059918
v -0.162096 0.063126 0.058005
v -0.123838 0.057388 0.061831
v -0.139141 0.057388 0.059918
v -0.162096 0.070778 0.103915
v -0.152531 0.063126 0.111567
v -0.129576 0.059301 0.050353
v -0.150619 0.065039 0.042702
v -0.152531 0.074604 -0.228934
v -0.171661 0.068865 0.077134
v -0.118099 0.070778 0.048440
v -0.110447 0.065039 0.058005
v -0.158270 0.066952 0.059918
v -0.164009 0.076517 -0.232759
v -0.158270 0.078430 -0.230846
v -0.131489 0.063126 0.054179
v -0.150619 0.066952 0.048440
v -0.112360 0.066952 0.059918
v -0.121925 0.072691 0.052266
v -0.164009 0.078430 0.126870
v -0.175487 0.080343 0.121131
v -0.137228 0.070778 0.035050
v -0.167835 0.072691 0.077134
v -0.167835 0.072691 0.056092
v -0.160183 0.078430 0.035050
v -0.169748 0.086082 0.119219
v -0.160183 0.080343 0.124957
v -0.141054 0.072691 0.042702
v -0.064537 0.089907 0.128783
v -0.056885 0.091820 0.126870
v -0.179312 0.078430 0.098176
v -0.165922 0.082256 -0.205978
v -0.102795 0.082256 0.058005
v -0.053059 0.097559 0.130696
v -0.160183 0.080343 0.040789
v -0.158270 0.084169 -0.204066
v -0.104708 0.082256 0.059918
v -0.064537 0.093733 0.134522
v -0.001411 0.093733 -0.219369
v -0.005236 0.091820 -0.215543
v -0.175487 0.078430 0.075221
v -0.169748 0.086082 -0.207891
v -0.054972 0.099472 0.134522
v -0.060711 0.099472 0.138348
v -0.010975 0.091820 -0.217456
v -0.175487 0.082256 0.098176
v -0.144880 0.084169 0.027398
v -0.139141 0.089907 0.029311
v -0.127663 0.087994 0.036963
v -0.108534 0.087994 0.048440
v -0.171661 0.089907 0.040789
v -0.129576 0.089907 0.042702
v -0.146793 0.086082 0.035050
v -0.114273 0.087994 0.054179
v -0.012888 0.093733 -0.223195
v -0.007149 0.095646 -0.225108
v -0.003323 0.095646 -0.223195
v -0.158270 0.089907 -0.205978
v -0.169748 0.091820 -0.209804
v -0.186964 0.089907 0.113480
v -0.183138 0.086082 0.096263
v -0.169748 0.101385 0.136435
v -0.181225 0.099472 0.132609
v -0.164009 0.093733 0.029311
v -0.164009 0.095646 -0.209804
v -0.164009 0.095646 0.035050
v -0.175487 0.105211 0.128783
v -0.167835 0.103298 0.132609
v -0.183138 0.093733 0.113480
v -0.160183 0.091820 -0.190675
v -0.165922 0.093733 -0.190675
v -0.100883 0.103298 0.059918
v -0.104708 0.103298 0.061831
v -0.154444 0.095646 -0.190675
v -0.152531 0.101385 0.019746
v -0.190790 0.097559 0.111567
v -0.154444 0.103298 0.027398
v -0.131489 0.087994 -0.163894
v -0.129576 0.087994 -0.160068
v -0.135315 0.091820 -0.160068
v -0.116186 0.087994 -0.167720
v -0.137228 0.091820 -0.161981
v -0.121925 0.095646 -0.167720
v -0.114273 0.087994 -0.161981
v -0.118099 0.095646 -0.160068
v -0.133402 0.097559 0.036963
v -0.123838 0.099472 0.038876
v -0.100883 0.109037 -0.173459
v -0.093231 0.095646 -0.177285
v -0.089405 0.095646 -0.173459
v -0.095144 0.109037 -0.167720
v -0.125751 0.099472 0.042702
v -0.112360 0.109037 0.056092
v -0.106621 0.109037 0.052266
v -0.194616 0.103298 0.124957
v -0.175487 0.105211 0.035050
v -0.160183 0.105211 -0.194501
v -0.154444 0.101385 -0.192588
v -0.144880 0.105211 0.021659
v -0.077927 0.109037 0.117306
v -0.221397 0.091820 0.014008
v -0.208006 0.091820 0.025485
v -0.211832 0.095646 0.025485
v -0.217571 0.093733 -0.001296
v -0.202267 0.093733 0.010182
v -0.223310 0.095646 0.017834
v -0.238613 0.097559 0.010182
v -0.190790 0.103298 0.023572
v -0.194616 0.099472 0.035050
v -0.165922 0.099472 -0.192588
v -0.148706 0.099472 -0.177285
v -0.156357 0.101385 -0.175372
v -0.139141 0.091820 0.088612
v -0.142967 0.093733 0.084786
v -0.125751 0.097559 0.079047
v -0.137228 0.095646 0.090525
v -0.148706 0.097559 0.098176
v -0.150619 0.097559 0.092438
v -0.137228 0.097559 -0.160068
v -0.139141 0.097559 -0.163894
v -0.072189 0.110950 0.113480
v -0.020540 0.118601 -0.213630
v -0.024366 0.116688 -0.215543
v -0.016714 0.120514 -0.217456
v -0.232874 0.099472 -0.007034
v -0.213745 0.103298 -0.026164
v -0.200355 0.103298 -0.012773
v -0.190790 0.112862 0.008269
v -0.190790 0.109037 0.123044
v -0.169748 0.110950 0.025485
v -0.142967 0.099472 0.082873
v -0.131489 0.101385 0.077134
v -0.079840 0.112862 0.123044
v -0.024366 0.114775 -0.221282
v -0.018627 0.116688 -0.225108
v -0.211832 0.101385 0.017834
v -0.240526 0.101385 0.014008
v -0.225223 0.101385 0.010182
v -0.198442 0.103298 0.036963
v -0.200355 0.109037 0.029311
v -0.167835 0.112862 0.031224
v -0.142967 0.105211 -0.179198
v -0.125751 0.101385 0.084786
v -0.144880 0.099472 0.100089
v -0.135315 0.101385 0.090525
v -0.121925 0.103298 -0.167720
v -0.120012 0.105211 -0.160068
v -0.081753 0.124340 -0.196414
v -0.077927 0.128166 -0.194501
v -0.014801 0.118601 -0.221282
v -0.253916 0.109037 0.004443
v -0.198442 0.109037 0.121131
v -0.144880 0.103298 0.098176
v -0.148706 0.101385 0.092438
v -0.133402 0.105211 -0.161981
v -0.135315 0.103298 -0.169633
v -0.129576 0.105211 0.038876
v -0.112360 0.112862 0.082873
v -0.070276 0.118601 0.115393
v -0.223310 0.107124 -0.033815
v -0.246265 0.110950 -0.012773
v -0.179312 0.118601 0.036963
v -0.183138 0.112862 0.046527
v -0.175487 0.122427 0.142174
v -0.192703 0.116688 0.136435
v -0.158270 0.107124 -0.177285
v -0.142967 0.107124 -0.167720
v -0.139141 0.103298 0.086699
v -0.133402 0.107124 0.079047
v -0.125751 0.116688 0.046527
v -0.121925 0.118601 0.040789
v -0.077927 0.120514 0.123044
v -0.074102 0.122427 0.119219
v -0.238613 0.107124 0.008269
v -0.255829 0.110950 0.008269
v -0.206093 0.109037 -0.007034
v -0.219484 0.109037 -0.014686
v -0.198442 0.116688 0.010182
v -0.152531 0.112862 -0.179198
v -0.144880 0.110950 -0.179198
v -0.158270 0.118601 0.015921
v -0.146793 0.105211 0.094351
v -0.127663 0.105211 0.086699
v -0.131489 0.109037 0.084786
v -0.114273 0.118601 0.080960
v -0.112360 0.112862 0.088612
v -0.206093 0.109037 -0.035728
v -0.198442 0.110950 -0.020425
v -0.190790 0.118601 -0.003209
v -0.188877 0.116688 0.048440
v -0.188877 0.122427 0.042702
v -0.202267 0.120514 0.132609
v -0.181225 0.126253 0.019746
v -0.173574 0.124340 0.138348
v -0.158270 0.120514 0.021659
v -0.131489 0.109037 -0.173459
v -0.118099 0.114775 -0.171546
v -0.108534 0.126253 -0.171546
v -0.106621 0.122427 0.065657
v -0.110447 0.122427 0.065657
v -0.177399 0.120514 0.035050
v -0.192703 0.124340 0.132609
v -0.152531 0.122427 0.015921
v -0.118099 0.116688 -0.160068
v -0.142967 0.112862 -0.167720
v -0.129576 0.116688 -0.161981
v -0.127663 0.120514 0.040789
v -0.114273 0.116688 0.092438
v -0.100883 0.126253 -0.163894
v -0.230961 0.112862 -0.018512
v -0.252003 0.116688 0.004443
v -0.234787 0.118601 -0.039554
v -0.215658 0.114775 -0.045293
v -0.118099 0.122427 0.084786
v -0.267307 0.124340 -0.001296
v -0.202267 0.112862 -0.020425
v -0.213745 0.112862 -0.029990
v -0.206093 0.114775 -0.039554
v -0.194616 0.120514 -0.003209
v -0.186964 0.130079 0.023572
v -0.144880 0.109037 0.084786
v -0.146793 0.110950 0.084786
v -0.142967 0.110950 0.082873
v -0.141054 0.110950 0.086699
v -0.131489 0.116688 -0.173459
v -0.118099 0.122427 0.090525
v -0.118099 0.126253 0.059918
v -0.112360 0.128166 0.058005
v -0.089405 0.135818 -0.192588
v -0.081753 0.139643 -0.188762
v -0.091318 0.114775 0.103915
v -0.269220 0.126253 0.002530
v -0.257742 0.126253 -0.016599
v -0.171661 0.126253 0.025485
v -0.142967 0.112862 0.086699
v -0.144880 0.112862 0.080960
v -0.142967 0.120514 0.082873
v -0.146793 0.120514 0.080960
v -0.137228 0.118601 -0.169633
v -0.139141 0.116688 0.079047
v -0.139141 0.116688 0.082873
v -0.089405 0.118601 0.100089
v -0.223310 0.118601 -0.033815
v -0.242439 0.122427 -0.020425
v -0.215658 0.122427 -0.041467
v -0.179312 0.131992 0.012095
v -0.175487 0.126253 0.054179
v -0.169748 0.128166 0.031224
v -0.144880 0.118601 0.077134
v -0.095144 0.120514 0.107741
v -0.225223 0.124340 -0.049119
v -0.208006 0.124340 -0.052945
v -0.204180 0.126253 -0.049119
v -0.123838 0.124340 -0.165807
v -0.112360 0.135818 -0.171546
v -0.039669 0.131992 -0.228934
v -0.265394 0.130079 -0.001296
v -0.183138 0.133905 0.010182
v -0.190790 0.131992 0.147912
v -0.204180 0.128166 0.142174
v -0.179312 0.130079 0.056092
v -0.135315 0.137731 0.073308
v -0.135315 0.141556 0.077134
v -0.121925 0.126253 -0.161981
v -0.129576 0.131992 0.048440
v -0.108534 0.137731 -0.161981
v -0.041582 0.135818 -0.225108
v -0.033930 0.133905 -0.232759
v -0.242439 0.131992 -0.041467
v -0.232874 0.126253 -0.035728
v -0.171661 0.131992 0.044615
v -0.162096 0.133905 0.015921
v -0.142967 0.139643 0.071395
v -0.125751 0.135818 0.044615
v -0.089405 0.126253 0.098176
v -0.039669 0.139643 -0.225108
v -0.032017 0.139643 -0.232759
v -0.271133 0.120514 0.128783
v -0.255829 0.120514 0.128783
v -0.269220 0.124340 0.138348
v -0.269220 0.124340 0.126870
v -0.282610 0.128166 0.136435
v -0.286436 0.128166 0.130696
v -0.282610 0.131992 0.128783
v -0.257742 0.122427 0.128783
v -0.246265 0.126253 0.134522
v -0.242439 0.122427 0.134522
v -0.252003 0.128166 0.142174
v -0.173574 0.133905 0.036963
v -0.160183 0.137731 0.023572
v -0.144880 0.145382 0.075221
v -0.141054 0.147295 0.077134
v -0.131489 0.135818 0.042702
v -0.095144 0.128166 0.107741
v -0.033930 0.141556 -0.228934
v -0.269220 0.133905 0.136435
v -0.252003 0.137731 0.142174
v -0.252003 0.135818 -0.024251
v -0.229048 0.130079 0.142174
v -0.227135 0.126253 0.140261
v -0.230961 0.131992 0.147912
v -0.209919 0.130079 -0.049119
v -0.225223 0.131992 -0.043380
v -0.181225 0.135818 0.048440
v -0.169748 0.139643 0.140261
v -0.175487 0.135818 0.145999
v -0.156357 0.137731 0.015921
v -0.093231 0.130079 0.102002
v -0.121925 0.137731 0.069483
v -0.125751 0.135818 0.067570
v -0.255829 0.135818 0.149825
v -0.274959 0.130079 0.142174
v -0.276872 0.145382 -0.005122
v -0.230961 0.137731 -0.051032
v -0.215658 0.131992 -0.054858
v -0.202267 0.137731 -0.052945
v -0.198442 0.135818 0.140261
v -0.183138 0.141556 0.142174
v -0.118099 0.141556 -0.169633
v -0.087492 0.147295 -0.215543
v -0.278784 0.147295 0.000617
v -0.267307 0.147295 -0.018512
v -0.230961 0.143469 0.145999
v -0.240526 0.137731 -0.037641
v -0.213745 0.130079 0.144087
v -0.200355 0.139643 -0.049119
v -0.171661 0.141556 0.029311
v -0.171661 0.139643 0.058005
v -0.167835 0.141556 0.027398
v -0.116186 0.143469 -0.163894
v -0.131489 0.137731 0.063744
v -0.100883 0.151121 -0.184936
v -0.091318 0.154947 -0.181111
v -0.292175 0.141556 0.136435
v -0.296001 0.141556 0.130696
v -0.288349 0.143469 0.130696
v -0.278784 0.145382 0.144087
v -0.165922 0.141556 0.035050
v -0.125751 0.143469 0.061831
v -0.081753 0.151121 -0.213630
v -0.273046 0.149208 -0.003209
v -0.202267 0.149208 0.147912
v -0.206093 0.137731 0.153651
v -0.215658 0.137731 -0.049119
v -0.204180 0.141556 -0.049119
v -0.177399 0.145382 0.031224
v -0.171661 0.149208 0.017834
v -0.177399 0.141556 0.058005
v -0.274959 0.145382 0.138348
v -0.250091 0.149208 -0.041467
v -0.238613 0.151121 -0.051032
v -0.230961 0.141556 0.153651
v -0.230961 0.141556 -0.043380
v -0.221397 0.143469 -0.054858
v -0.208006 0.143469 -0.056770
v -0.188877 0.141556 0.151738
v -0.167835 0.147295 0.019746
v -0.167835 0.141556 0.048440
v -0.137228 0.143469 0.052266
v -0.056885 0.139643 -0.240411
v -0.196529 0.133905 -0.267192
v -0.190790 0.133905 -0.267192
v -0.192703 0.135818 -0.248063
v -0.204180 0.135818 -0.278670
v -0.198442 0.135818 -0.282495
v -0.192703 0.141556 -0.251889
v -0.194616 0.139643 -0.267192
v -0.177399 0.143469 -0.272931
v -0.185051 0.135818 -0.249976
v -0.173574 0.147295 -0.255715
v -0.164009 0.147295 0.036963
v -0.160183 0.149208 0.017834
v -0.148706 0.133905 -0.194501
v -0.152531 0.135818 -0.198327
v -0.144880 0.135818 -0.202153
v -0.148706 0.139643 -0.194501
v -0.053059 0.141556 -0.244237
v -0.257742 0.149208 0.151738
v -0.244352 0.151121 -0.037641
v -0.257742 0.151121 -0.024251
v -0.202267 0.141556 -0.278670
v -0.213745 0.143469 -0.286321
v -0.209919 0.143469 -0.290147
v -0.185051 0.147295 -0.288234
v -0.181225 0.141556 -0.234672
v -0.186964 0.141556 -0.230846
v -0.186964 0.149208 -0.234672
v -0.173574 0.154947 -0.242324
v -0.177399 0.147295 0.050353
v -0.175487 0.147295 0.145999
v -0.154444 0.137731 -0.211717
v -0.152531 0.141556 -0.196414
v -0.158270 0.141556 -0.211717
v -0.141054 0.139643 -0.215543
v -0.142967 0.141556 -0.202153
v -0.137228 0.149208 0.048440
v -0.133402 0.151121 0.048440
v -0.133402 0.139643 0.071395
v -0.110447 0.160686 -0.181111
v -0.093231 0.154947 -0.209804
v -0.058798 0.143469 -0.236585
v -0.253916 0.151121 0.145999
v -0.209919 0.147295 -0.049119
v -0.221397 0.147295 -0.049119
v -0.204180 0.149208 0.155564
v -0.200355 0.153034 -0.051032
v -0.160183 0.151121 0.023572
v -0.158270 0.153034 0.017834
v -0.164009 0.141556 -0.219369
v -0.150619 0.141556 -0.221282
v -0.141054 0.143469 0.065657
v -0.131489 0.147295 0.071395
v -0.104708 0.166424 -0.175372
v -0.196529 0.154947 -0.047206
v -0.181225 0.156860 -0.259540
v -0.183138 0.154947 -0.272931
v -0.165922 0.149208 0.050353
v -0.175487 0.154947 0.059918
v -0.173574 0.143469 0.136435
v -0.164009 0.141556 0.126870
v -0.165922 0.151121 0.130696
v -0.150619 0.149208 0.063744
v -0.133402 0.143469 -0.230846
v -0.139141 0.147295 -0.215543
v -0.085579 0.160686 -0.207891
v -0.083666 0.143469 -0.248063
v -0.081753 0.145382 -0.253802
v -0.058798 0.147295 -0.236585
v -0.051147 0.147295 -0.246150
v -0.296001 0.160686 0.136435
v -0.301740 0.160686 0.130696
v -0.292175 0.160686 0.130696
v -0.234787 0.153034 -0.043380
v -0.232874 0.154947 0.153651
v -0.200355 0.154947 -0.047206
v -0.211832 0.149208 -0.286321
v -0.188877 0.156860 -0.284408
v -0.181225 0.164511 -0.244237
v -0.185051 0.154947 0.151738
v -0.173574 0.143469 -0.225108
v -0.179312 0.145382 -0.221282
v -0.188877 0.153034 0.145999
v -0.169748 0.151121 -0.230846
v -0.181225 0.153034 0.061831
v -0.162096 0.151121 0.035050
v -0.162096 0.154947 0.031224
v -0.160183 0.153034 0.036963
v -0.167835 0.147295 -0.217456
v -0.162096 0.147295 -0.225108
v -0.167835 0.145382 0.123044
v -0.160183 0.143469 0.115393
v -0.162096 0.153034 0.115393
v -0.156357 0.145382 -0.209804
v -0.139141 0.143469 -0.234672
v -0.152531 0.149208 -0.221282
v -0.141054 0.147295 -0.234672
v -0.116186 0.166424 -0.177285
v -0.054972 0.151121 -0.242324
v -0.229048 0.156860 0.149825
v -0.227136 0.156860 -0.054858
v -0.211832 0.151121 -0.056770
v -0.225223 0.154947 -0.288234
v -0.221397 0.158773 -0.293973
v -0.198442 0.154947 -0.295886
v -0.169748 0.156860 -0.276757
v -0.177399 0.154947 0.136435
v -0.162096 0.147295 0.113480
v -0.146793 0.149208 0.056092
v -0.114273 0.143469 -0.246150
v -0.116186 0.147295 -0.251889
v -0.112360 0.145382 -0.240411
v -0.131489 0.149208 -0.230846
v -0.137228 0.153034 0.065657
v -0.112360 0.168337 -0.173459
v -0.085579 0.145382 -0.244237
v -0.280697 0.162598 0.144087
v -0.284523 0.166424 -0.005122
v -0.273046 0.166424 -0.018512
v -0.276872 0.162598 0.138348
v -0.175487 0.154947 -0.219369
v -0.181225 0.154947 -0.225108
v -0.171661 0.156860 0.033137
v -0.167835 0.154947 0.121131
v -0.146793 0.151121 -0.219369
v -0.165922 0.151121 -0.217456
v -0.152531 0.154947 0.067570
v -0.112360 0.151121 -0.240411
v -0.085579 0.151121 -0.244237
v -0.081753 0.151121 -0.253802
v -0.278784 0.168337 -0.003209
v -0.284523 0.166424 0.002530
v -0.253916 0.166424 -0.039554
v -0.211832 0.153034 -0.049119
v -0.223310 0.156860 -0.047206
v -0.175487 0.158773 -0.290147
v -0.179312 0.156860 0.052266
v -0.173574 0.158773 0.140261
v -0.167835 0.162598 -0.261453
v -0.164009 0.162598 0.021659
v -0.160183 0.160686 0.023572
v -0.158270 0.151121 0.048440
v -0.162096 0.151121 -0.223195
v -0.165922 0.156860 0.113480
v -0.137228 0.151121 -0.234672
v -0.148706 0.158773 0.065657
v -0.116186 0.153034 -0.249976
v -0.100883 0.170250 -0.234672
v -0.083666 0.153034 -0.249976
v -0.261568 0.168337 -0.022338
v -0.257742 0.166424 0.151738
v -0.240526 0.166424 -0.049119
v -0.198442 0.164511 -0.292060
v -0.221397 0.160686 -0.290147
v -0.204180 0.162598 0.153651
v -0.204180 0.162598 0.147912
v -0.162096 0.156860 0.054179
v -0.169748 0.160686 0.052266
v -0.158270 0.162598 0.023572
v -0.146793 0.154947 0.048440
v -0.114273 0.154947 -0.246150
v -0.248178 0.166424 -0.035728
v -0.252003 0.166424 0.145999
v -0.236700 0.166424 -0.041467
v -0.215658 0.162598 -0.054858
v -0.204180 0.160686 -0.052945
v -0.171661 0.156860 -0.227021
v -0.173574 0.158773 -0.221282
v -0.165922 0.164511 0.119219
v -0.156357 0.162598 0.035050
v -0.158270 0.162598 0.029311
v -0.144880 0.160686 0.052266
v -0.104708 0.170250 -0.202153
v -0.095144 0.172163 -0.234672
v -0.204180 0.162598 -0.047206
v -0.213745 0.162598 -0.049119
v -0.198442 0.164511 -0.047206
v -0.190790 0.166424 0.142174
v -0.188877 0.170250 0.065657
v -0.192703 0.168337 0.065657
v -0.190790 0.168337 0.059918
v -0.232874 0.172163 0.153651
v -0.238613 0.166424 -0.280582
v -0.215658 0.170250 -0.299712
v -0.183138 0.164511 -0.299712
v -0.188877 0.168337 0.147912
v -0.171661 0.170250 -0.265279
v -0.173574 0.164511 -0.276757
v -0.177399 0.166424 -0.221282
v -0.183138 0.172163 -0.228934
v -0.179312 0.168337 0.132609
v -0.181225 0.172163 0.058005
v -0.171661 0.175989 -0.249976
v -0.173574 0.166424 -0.232759
v -0.169748 0.164511 0.115393
v -0.108534 0.175989 -0.232759
v -0.095144 0.175989 -0.200240
v -0.229048 0.170250 0.147912
v -0.229048 0.168337 -0.051032
v -0.225223 0.166424 -0.047206
v -0.177399 0.166424 -0.288234
v -0.173574 0.179815 -0.253802
v -0.169748 0.164511 0.036963
v -0.177399 0.174076 0.042702
v -0.173574 0.170250 -0.225108
v -0.156357 0.160686 0.050353
v -0.238613 0.174076 -0.286321
v -0.177399 0.172163 0.136435
v -0.303652 0.179815 0.130696
v -0.294088 0.179815 0.128783
v -0.297914 0.181728 0.136435
v -0.211832 0.174076 -0.293973
v -0.236700 0.172163 -0.282495
v -0.206093 0.168337 -0.051032
v -0.160183 0.166424 0.040789
v -0.167835 0.177902 0.042702
v -0.158270 0.170250 0.021659
v -0.160183 0.172163 0.033137
v -0.114273 0.181728 -0.196414
v -0.098970 0.181728 -0.230846
v -0.280697 0.181728 0.142174
v -0.276872 0.179815 0.134522
v -0.217571 0.170250 -0.052945
v -0.206093 0.168337 -0.047206
v -0.215658 0.168337 -0.049119
v -0.206093 0.175989 0.142174
v -0.204180 0.177902 0.147912
v -0.162096 0.170250 0.021659
v -0.181225 0.170250 -0.295886
v -0.211832 0.187467 -0.303538
v -0.177400 0.172163 -0.303538
v -0.179312 0.187467 -0.238498
v -0.167835 0.177902 0.025485
v -0.173574 0.172163 0.119219
v -0.171661 0.174076 0.121131
v -0.286436 0.179815 -0.001296
v -0.276872 0.181728 -0.014686
v -0.288349 0.179815 0.004443
v -0.255829 0.177902 -0.035728
v -0.257742 0.185554 0.147912
v -0.242439 0.175989 -0.045293
v -0.253916 0.181728 0.140261
v -0.240526 0.175989 -0.041467
v -0.252003 0.177902 -0.033815
v -0.229048 0.174076 -0.049119
v -0.253916 0.179815 -0.265279
v -0.229048 0.174076 -0.045293
v -0.217571 0.174076 -0.049119
v -0.192703 0.179815 0.136435
v -0.173574 0.185554 -0.217456
v -0.169748 0.183641 -0.238498
v -0.120012 0.185554 -0.192588
v -0.108534 0.185554 -0.192588
v -0.265394 0.181728 -0.020425
v -0.280697 0.181728 -0.001296
v -0.209919 0.172163 -0.049119
v -0.204180 0.183641 0.067570
v -0.208006 0.179815 0.067570
v -0.206093 0.179815 0.061831
v -0.190790 0.183641 0.046527
v -0.190790 0.181728 0.140261
v -0.183138 0.179815 0.128783
v -0.116186 0.189379 -0.190675
v -0.230961 0.183641 0.140261
v -0.238613 0.185554 -0.292060
v -0.196529 0.185554 0.059918
v -0.175487 0.175989 -0.299712
v -0.209919 0.191292 -0.299712
v -0.165922 0.193205 -0.227021
v -0.164009 0.179815 0.019746
v -0.160183 0.179815 0.021659
v -0.118099 0.189379 -0.225108
v -0.116186 0.187467 -0.257627
v -0.234787 0.187467 -0.286321
v -0.252004 0.183641 -0.267192
v -0.232874 0.187467 0.147912
v -0.185051 0.193205 -0.223195
v -0.183138 0.191292 0.046527
v -0.164009 0.181728 -0.303538
v -0.188877 0.187467 -0.307363
v -0.181225 0.181728 0.130696
v -0.167835 0.187467 0.029311
v -0.112360 0.191292 -0.259540
v -0.257742 0.187467 -0.269105
v -0.179312 0.187467 0.031224
v -0.208006 0.189379 0.134522
v -0.198442 0.185554 0.132609
v -0.167835 0.185554 -0.299712
v -0.188877 0.193205 -0.299712
v -0.123838 0.193205 -0.255715
v -0.110447 0.195118 -0.223195
v -0.271133 0.183641 -0.018512
v -0.196529 0.187467 0.136435
v -0.208006 0.191292 0.140261
v -0.299827 0.198944 0.128783
v -0.274959 0.195118 0.130696
v -0.292175 0.197031 0.126870
v -0.282610 0.185554 -0.003209
v -0.265394 0.193205 -0.244237
v -0.217571 0.193205 0.063744
v -0.221397 0.191292 0.063744
v -0.217571 0.191292 0.059918
v -0.206093 0.193205 0.046527
v -0.190790 0.183641 0.132609
v -0.173574 0.189379 -0.242324
v -0.167835 0.179815 0.010182
v -0.173574 0.183641 0.019746
v -0.179312 0.187467 0.012095
v -0.164009 0.183641 0.012095
v -0.173574 0.189379 0.010182
v -0.171661 0.193205 0.021659
v -0.294088 0.200857 0.132609
v -0.276872 0.198944 0.136435
v -0.252003 0.197031 0.132609
v -0.169748 0.193205 -0.307363
v -0.150619 0.191292 -0.297799
v -0.127663 0.198944 -0.219369
v -0.116186 0.198944 -0.255715
v -0.252004 0.198944 -0.271018
v -0.261568 0.197031 -0.244237
v -0.229048 0.198944 0.130696
v -0.209919 0.197031 0.058005
v -0.192703 0.195118 0.033137
v -0.185051 0.191292 0.021659
v -0.253916 0.200857 0.138348
v -0.257742 0.200857 -0.274844
v -0.236700 0.202770 -0.295886
v -0.198442 0.193205 0.128783
v -0.198442 0.195118 0.132609
v -0.198442 0.200857 0.048440
v -0.173574 0.206596 -0.217456
v -0.154444 0.193205 -0.293973
v -0.175487 0.198944 -0.295886
v -0.127663 0.208509 -0.213630
v -0.131489 0.204683 -0.215543
v -0.120012 0.204683 -0.215543
v -0.269220 0.200857 -0.248063
v -0.232874 0.202770 -0.292060
v -0.229048 0.202770 0.138348
v -0.213745 0.208509 -0.305450
v -0.194616 0.208509 -0.305451
v -0.177400 0.210422 -0.303538
v -0.183138 0.197031 -0.230846
v -0.175487 0.200857 -0.230846
v -0.194616 0.197031 0.021659
v -0.186964 0.198944 0.017834
v -0.181225 0.197031 0.036963
v -0.131489 0.195118 -0.280583
v -0.206093 0.202770 0.124957
v -0.135315 0.204683 -0.249976
v -0.223310 0.200857 0.058005
v -0.227136 0.198944 0.056092
v -0.223310 0.197031 0.054179
v -0.219484 0.200857 0.044615
v -0.196529 0.210422 -0.295886
v -0.211832 0.210422 -0.297799
v -0.204180 0.204683 0.130696
v -0.192703 0.204683 0.042702
v -0.152532 0.200857 -0.299712
v -0.139141 0.198944 -0.278670
v -0.129576 0.202770 -0.282495
v -0.267307 0.206596 -0.219369
v -0.208006 0.200857 0.033137
v -0.192703 0.204683 0.119219
v -0.192703 0.206596 0.123044
v -0.179312 0.212335 -0.221282
v -0.192703 0.214247 -0.223195
v -0.183138 0.200857 0.029311
v -0.165922 0.212335 -0.225108
v -0.164009 0.204683 -0.288234
v -0.276872 0.216160 0.121131
v -0.261568 0.214247 0.121131
v -0.127663 0.210422 -0.249976
v -0.284523 0.218073 0.123044
v -0.263481 0.212335 -0.251889
v -0.265394 0.210422 -0.221282
v -0.238613 0.214247 0.121131
v -0.223310 0.204683 0.048440
v -0.211832 0.202770 0.048440
v -0.198442 0.204683 0.029311
v -0.192703 0.216160 -0.228934
v -0.185051 0.218073 -0.230846
v -0.194616 0.208509 0.038876
v -0.261568 0.218073 0.126870
v -0.278784 0.219986 0.126870
v -0.250091 0.216160 -0.278670
v -0.213745 0.216160 0.117306
v -0.185051 0.214247 -0.290147
v -0.150619 0.208509 -0.271018
v -0.142967 0.214247 -0.244237
v -0.133402 0.210422 -0.280583
v -0.273046 0.214247 -0.223195
v -0.271133 0.216160 -0.253802
v -0.255829 0.216160 -0.282495
v -0.236700 0.218073 0.126870
v -0.209919 0.204683 0.036963
v -0.202267 0.219986 0.052266
v -0.209919 0.216160 0.052266
v -0.171661 0.218073 -0.228934
v -0.156357 0.212335 -0.295886
v -0.232874 0.218073 -0.297799
v -0.229048 0.218073 -0.293973
v -0.211832 0.219986 0.124957
v -0.202267 0.206596 0.038876
v -0.192703 0.216160 0.107741
v -0.190790 0.219986 0.115393
v -0.183138 0.218073 0.103915
v -0.181225 0.219986 0.107741
v -0.175487 0.218073 -0.280583
v -0.142967 0.221899 -0.238498
v -0.146793 0.219986 -0.240411
v -0.137228 0.219986 -0.242324
v -0.265394 0.216160 -0.205978
v -0.209919 0.218073 0.046527
v -0.204180 0.221899 0.046527
v -0.213745 0.221899 -0.301625
v -0.198442 0.221899 -0.301625
v -0.183138 0.223812 -0.295886
v -0.160183 0.219986 -0.265279
v -0.267307 0.223812 -0.230846
v -0.263481 0.219986 -0.207891
v -0.202267 0.223812 -0.295886
v -0.213745 0.223812 -0.295886
v -0.190790 0.223812 -0.288234
v -0.164009 0.223812 -0.288234
v -0.144880 0.219986 -0.272931
v -0.263481 0.229551 -0.259540
v -0.186964 0.225725 -0.223195
v -0.269220 0.223812 -0.205978
v -0.274959 0.227638 -0.230846
v -0.253916 0.239115 0.111567
v -0.238613 0.235290 0.109654
v -0.217571 0.233377 0.105828
v -0.204180 0.246767 -0.225108
v -0.181225 0.225725 -0.276757
v -0.259655 0.241028 0.115393
v -0.269220 0.231464 -0.263366
v -0.253916 0.219986 -0.192588
v -0.252004 0.229551 -0.288234
v -0.246265 0.229551 -0.284408
v -0.198442 0.231464 0.096263
v -0.232874 0.241028 0.056092
v -0.232874 0.237203 0.052266
v -0.204180 0.244854 -0.230846
v -0.183138 0.231464 0.084786
v -0.236700 0.241028 0.119219
v -0.253916 0.242941 0.119219
v -0.215658 0.239115 0.113480
v -0.229048 0.227638 -0.297799
v -0.227136 0.227638 -0.293973
v -0.230961 0.237203 0.046527
v -0.198442 0.248680 -0.232759
v -0.196529 0.254419 -0.230846
v -0.175487 0.233377 0.079047
v -0.175487 0.235290 0.082873
v -0.165922 0.225725 -0.261453
v -0.307478 0.219986 -0.003209
v -0.301740 0.219986 -0.007034
v -0.288349 0.223812 0.010182
v -0.318956 0.223812 -0.020425
v -0.292175 0.223812 0.014008
v -0.307478 0.225725 -0.003209
v -0.315130 0.223812 -0.024251
v -0.299827 0.223812 -0.008947
v -0.265394 0.235290 -0.211717
v -0.252003 0.223812 -0.194501
v -0.236700 0.225725 -0.183023
v -0.257742 0.229551 -0.190675
v -0.194616 0.237203 0.105828
v -0.229048 0.246767 0.052266
v -0.179312 0.237203 0.094351
v -0.162096 0.229551 -0.261453
v -0.156357 0.227638 -0.265279
v -0.213745 0.225725 -0.297799
v -0.202268 0.225725 -0.297799
v -0.229048 0.242941 0.044615
v -0.227136 0.246767 0.048440
v -0.188877 0.227638 -0.290147
v -0.320869 0.227638 -0.018512
v -0.332346 0.237203 -0.031902
v -0.332346 0.233377 -0.035728
v -0.311304 0.227638 -0.026164
v -0.328520 0.235290 -0.039554
v -0.299827 0.227638 -0.007034
v -0.286436 0.227638 0.008269
v -0.278784 0.233377 0.025485
v -0.296001 0.229551 0.012095
v -0.282610 0.235290 0.027398
v -0.273046 0.239115 -0.211717
v -0.269220 0.242941 -0.240411
v -0.234787 0.229551 -0.186849
v -0.255829 0.241028 -0.198327
v -0.175487 0.229551 -0.278670
v -0.305565 0.229551 -0.003209
v -0.215658 0.235290 -0.177285
v -0.238613 0.235290 -0.181111
v -0.227136 0.231464 -0.295886
v -0.200355 0.250593 -0.223195
v -0.196529 0.254419 -0.227021
v -0.179312 0.229551 -0.276757
v -0.317043 0.231464 -0.018512
v -0.311304 0.231464 -0.022338
v -0.324695 0.239115 -0.039554
v -0.288349 0.231464 0.008269
v -0.276872 0.237203 0.021659
v -0.274959 0.244854 -0.242324
v -0.246265 0.237203 -0.290147
v -0.242439 0.237203 -0.286321
v -0.294088 0.233377 0.010182
v -0.286436 0.239115 0.027398
v -0.259655 0.244854 -0.267192
v -0.261568 0.246767 -0.194501
v -0.265394 0.244854 -0.271018
v -0.215658 0.239115 -0.181111
v -0.238613 0.246767 -0.188762
v -0.328520 0.242941 -0.031902
v -0.324695 0.242941 -0.035728
v -0.280697 0.242941 0.021659
v -0.242439 0.241028 -0.290147
v -0.204180 0.250593 0.084786
v -0.190790 0.248680 0.071395
v -0.183138 0.248680 0.058005
v -0.343824 0.254419 -0.043380
v -0.284523 0.242941 0.023572
v -0.267307 0.242941 0.036963
v -0.219484 0.254419 0.094351
v -0.177399 0.248680 0.052266
v -0.175487 0.250593 0.054179
v -0.341911 0.256332 -0.047206
v -0.271133 0.244854 0.040789
v -0.267307 0.254419 -0.219369
v -0.217571 0.244854 -0.175372
v -0.242439 0.254419 -0.183023
v -0.232874 0.256332 0.100089
v -0.204180 0.244854 -0.175372
v -0.177399 0.254419 0.063744
v -0.343824 0.256332 -0.039554
v -0.265394 0.248680 0.033137
v -0.261568 0.252506 -0.274844
v -0.255829 0.252506 -0.272931
v -0.252003 0.244854 0.048440
v -0.248178 0.244854 0.042702
v -0.185051 0.256332 0.079047
v -0.198442 0.258245 0.092438
v -0.336172 0.260158 -0.047206
v -0.273046 0.250593 0.040789
v -0.273046 0.258245 -0.219369
v -0.236700 0.260158 0.105828
v -0.217571 0.256332 -0.184936
v -0.204180 0.246767 -0.181111
v -0.215658 0.260158 0.102002
v -0.257742 0.262071 -0.204066
v -0.257742 0.254419 -0.274844
v -0.230961 0.262071 0.107741
v -0.252003 0.250593 0.050353
v -0.338085 0.260158 -0.037641
v -0.334259 0.262071 -0.043380
v -0.271133 0.254419 0.036963
v -0.267307 0.252506 0.033137
v -0.267307 0.258245 -0.248063
v -0.246265 0.250593 0.040789
v -0.273046 0.260158 -0.249976
v -0.206093 0.256332 -0.173459
v -0.221397 0.263983 -0.179198
v -0.215658 0.262071 -0.234672
v -0.213745 0.260158 -0.242324
v -0.192703 0.254419 -0.184936
v -0.263481 0.265896 -0.200240
v -0.240526 0.267809 -0.192588
v -0.248178 0.254419 0.042702
v -0.250091 0.254419 0.046527
v -0.194616 0.254419 -0.188762
v -0.206093 0.263983 -0.184936
v -0.209919 0.263983 -0.244237
v -0.198442 0.267809 0.061831
v -0.190790 0.263983 0.046527
v -0.186964 0.262071 0.031224
v -0.185051 0.262071 0.025485
v -0.183138 0.263983 0.027398
v -0.208006 0.271635 0.075221
v -0.211832 0.265896 -0.234672
v -0.181225 0.267809 0.033137
v -0.269220 0.267809 -0.253802
v -0.265394 0.265896 -0.251889
v -0.353388 0.285026 -0.039554
v -0.267307 0.269722 -0.227021
v -0.267307 0.269722 -0.253802
v -0.244352 0.273548 -0.188762
v -0.217571 0.273548 0.082873
v -0.185051 0.262071 -0.205978
v -0.183138 0.262071 -0.202153
v -0.196529 0.271635 -0.192588
v -0.192703 0.263983 -0.181111
v -0.183138 0.271635 0.048440
v -0.351476 0.286939 -0.035728
v -0.351476 0.286939 -0.045293
v -0.219484 0.277374 0.088612
v -0.223310 0.275461 -0.188762
v -0.208006 0.273548 -0.173459
v -0.190790 0.275461 0.065657
v -0.273046 0.271635 -0.227021
v -0.202267 0.277374 0.079047
v -0.347650 0.288851 -0.035728
v -0.345737 0.290764 -0.045293
v -0.213745 0.279287 0.088612
v -0.217571 0.267809 -0.248063
v -0.343824 0.290764 -0.039554
v -0.259655 0.277374 -0.207891
v -0.196529 0.275461 0.023572
v -0.198442 0.267809 0.008269
v -0.183138 0.269722 -0.227021
v -0.181225 0.269722 -0.227021
v -0.188877 0.277374 -0.207891
v -0.200355 0.265896 0.002530
v -0.196529 0.269722 0.002530
v -0.183138 0.273548 -0.200240
v -0.225223 0.283113 -0.183023
v -0.211832 0.285026 -0.186849
v -0.196529 0.283113 -0.181111
v -0.198442 0.281200 0.038876
v -0.192703 0.275461 0.008269
v -0.267307 0.279287 -0.230846
v -0.265394 0.281200 -0.205978
v -0.223310 0.267809 -0.014686
v -0.219484 0.271635 -0.014686
v -0.219484 0.269722 -0.008947
v -0.276872 0.267809 -0.024251
v -0.250091 0.267809 -0.022338
v -0.274959 0.271635 -0.020425
v -0.301740 0.269722 -0.016599
v -0.301740 0.275461 -0.018512
v -0.274959 0.273548 -0.026164
v -0.271133 0.279287 -0.230846
v -0.248178 0.269722 -0.018512
v -0.248178 0.271635 -0.022338
v -0.244352 0.285026 -0.196414
v -0.213745 0.281200 0.002530
v -0.204180 0.286939 0.052266
v -0.190790 0.283113 0.021659
v -0.320869 0.271635 -0.001296
v -0.301740 0.273548 -0.012773
v -0.269220 0.281200 -0.230846
v -0.240526 0.283113 -0.010860
v -0.271133 0.285026 -0.014686
v -0.213745 0.281200 -0.008947
v -0.188877 0.273548 -0.249976
v -0.185051 0.273548 -0.249976
v -0.188877 0.283113 -0.228934
v -0.179312 0.279287 -0.225108
v -0.334259 0.271635 0.025485
v -0.320869 0.275461 0.002530
v -0.343824 0.273548 0.059918
v -0.338085 0.275461 0.025485
v -0.322782 0.275461 -0.001296
v -0.334259 0.275461 0.027398
v -0.299827 0.286939 -0.010860
v -0.274959 0.286939 -0.024251
v -0.244352 0.285026 -0.020425
v -0.209919 0.290764 0.061831
v -0.202267 0.292677 -0.194501
v -0.192703 0.290764 0.038876
v -0.345737 0.275461 0.059918
v -0.343824 0.277374 0.059918
v -0.343824 0.277374 0.092438
v -0.248178 0.288851 -0.192588
v -0.209919 0.294590 0.067570
v -0.213745 0.294590 -0.177285
v -0.200355 0.277374 -0.272931
v -0.196529 0.277374 -0.272931
v -0.194616 0.286939 -0.249976
v -0.185051 0.283113 -0.249976
v -0.185051 0.290764 -0.200240
v -0.349563 0.279287 0.092438
v -0.355301 0.286939 0.059918
v -0.343824 0.286939 0.027398
v -0.326607 0.286939 -0.001296
v -0.322782 0.286939 0.004443
v -0.338085 0.288851 0.029311
v -0.303652 0.286939 -0.018512
v -0.229048 0.292677 -0.188762
v -0.209919 0.292677 0.015921
v -0.208006 0.292677 0.000617
v -0.198442 0.294590 0.054179
v -0.343824 0.281200 0.090525
v -0.349563 0.290764 0.059918
v -0.341911 0.283113 0.117306
v -0.259655 0.286939 -0.211717
v -0.206093 0.296503 0.065657
v -0.217571 0.281200 -0.292060
v -0.204180 0.288851 -0.271018
v -0.215658 0.281200 -0.293973
v -0.196529 0.286939 -0.274844
v -0.196529 0.300329 -0.209804
v -0.345737 0.286939 0.119219
v -0.357214 0.290764 0.090525
v -0.265394 0.288851 -0.209804
v -0.183138 0.298416 -0.225108
v -0.341911 0.288851 0.117306
v -0.353388 0.294590 0.090525
v -0.261568 0.290764 -0.211717
v -0.221397 0.294590 -0.288234
v -0.240526 0.290764 -0.305450
v -0.240526 0.290764 -0.309276
v -0.215658 0.290764 -0.295886
v -0.236700 0.300329 -0.014686
v -0.234787 0.298416 -0.001296
v -0.209919 0.302242 0.029311
v -0.332346 0.294590 0.138348
v -0.267307 0.302242 -0.008947
v -0.230961 0.298416 -0.183023
v -0.202267 0.302242 -0.183023
v -0.204180 0.304155 0.014008
v -0.196529 0.306068 -0.228934
v -0.188877 0.302242 -0.249976
v -0.361040 0.311807 -0.035728
v -0.297914 0.304155 -0.008947
v -0.246265 0.294590 -0.196414
v -0.271133 0.304155 -0.020425
v -0.217571 0.302242 -0.186849
v -0.361040 0.304155 0.058005
v -0.347650 0.302242 0.025485
v -0.359127 0.313720 -0.041467
v -0.359127 0.313720 -0.031902
v -0.338085 0.298416 0.140261
v -0.357214 0.298416 0.117306
v -0.326607 0.302242 0.000617
v -0.301740 0.304155 -0.016599
v -0.322782 0.304155 0.004443
v -0.209919 0.307981 0.038876
v -0.200355 0.304155 -0.272931
v -0.200355 0.307981 -0.248063
v -0.353388 0.315632 -0.031902
v -0.351476 0.300329 0.115393
v -0.332346 0.298416 0.136435
v -0.341911 0.304155 0.027398
v -0.250091 0.296503 -0.194501
v -0.209919 0.311807 -0.267192
v -0.368692 0.307981 0.088612
v -0.355301 0.306068 0.058005
v -0.353388 0.315632 -0.041467
v -0.351476 0.317545 -0.037641
v -0.248178 0.296503 -0.196414
v -0.269220 0.302242 -0.309276
v -0.240526 0.298416 -0.311189
v -0.269220 0.302242 -0.313102
v -0.242439 0.302242 -0.299712
v -0.219484 0.309894 -0.295886
v -0.208006 0.309894 0.044615
v -0.204180 0.309894 0.029311
v -0.192703 0.311807 -0.202153
v -0.230961 0.302242 -0.188762
v -0.229048 0.311807 0.008269
v -0.230961 0.313720 -0.005122
v -0.209919 0.311807 -0.194501
v -0.362953 0.311807 0.086699
v -0.318956 0.307981 0.151738
v -0.225223 0.315632 -0.284408
v -0.219484 0.306068 -0.181111
v -0.206093 0.311807 0.040789
v -0.232874 0.304155 -0.184936
v -0.232874 0.304155 -0.186849
v -0.349563 0.307981 0.138348
v -0.368692 0.313720 0.115393
v -0.324695 0.311807 0.153651
v -0.341911 0.309894 0.134522
v -0.318956 0.311807 0.149825
v -0.269220 0.309894 -0.318841
v -0.240526 0.315632 -0.311189
v -0.263481 0.319458 -0.003209
v -0.190790 0.317545 -0.225108
v -0.362953 0.317545 0.111567
v -0.267307 0.319458 -0.014686
v -0.204180 0.319458 -0.209804
v -0.364866 0.319458 0.054179
v -0.347650 0.317545 0.023572
v -0.326607 0.319458 0.000617
v -0.292175 0.311807 -0.305450
v -0.294088 0.311807 -0.309276
v -0.267307 0.311807 -0.307363
v -0.296001 0.321371 -0.005122
v -0.244352 0.321371 -0.297799
v -0.221397 0.309894 -0.186849
v -0.227136 0.321371 0.017834
v -0.208006 0.315632 -0.186849
v -0.194616 0.321371 -0.248063
v -0.343824 0.319458 0.025485
v -0.322782 0.319458 0.004443
v -0.299827 0.321371 -0.012773
v -0.221397 0.311807 -0.184936
v -0.225223 0.323284 0.006356
v -0.206093 0.325197 -0.271018
v -0.361040 0.321371 0.054179
v -0.202267 0.325197 -0.228934
v -0.376344 0.323284 0.084786
v -0.336172 0.323284 0.153651
v -0.362953 0.323284 0.136435
v -0.301740 0.325197 0.157477
v -0.223310 0.325197 0.019746
v -0.206093 0.329023 -0.248063
v -0.355301 0.327110 0.130696
v -0.328520 0.323284 0.147912
v -0.294088 0.321371 -0.315015
v -0.267307 0.327110 -0.318841
v -0.211832 0.319458 -0.192588
v -0.221397 0.329023 -0.292060
v -0.221397 0.327110 0.015921
v -0.372518 0.327110 0.082873
v -0.366779 0.332849 -0.041467
v -0.368692 0.330936 -0.045293
v -0.307478 0.329023 0.161303
v -0.303652 0.327110 0.155564
v -0.313217 0.317545 -0.299712
v -0.290262 0.321371 -0.303538
v -0.311304 0.317545 -0.295886
v -0.265394 0.329023 -0.307363
v -0.261568 0.329023 0.000617
v -0.211832 0.319458 -0.190675
v -0.215658 0.332849 -0.265279
v -0.200355 0.325197 -0.204066
v -0.378256 0.330936 0.111567
v -0.366779 0.330936 -0.051032
v -0.261568 0.330936 -0.007034
v -0.361040 0.334762 -0.051032
v -0.361040 0.336675 -0.047206
v -0.362953 0.336675 -0.041467
v -0.242439 0.336675 -0.307363
v -0.229048 0.336675 -0.282495
v -0.374431 0.332849 0.107741
v -0.366779 0.327110 0.052266
v -0.347650 0.327110 0.023572
v -0.328520 0.325197 -0.284408
v -0.315130 0.329023 -0.305450
v -0.309391 0.329023 -0.295886
v -0.324695 0.325197 -0.282495
v -0.198442 0.330936 -0.227021
v -0.345737 0.327110 0.023572
v -0.362953 0.329023 0.052266
v -0.324695 0.329023 0.000617
v -0.322782 0.329023 0.004443
v -0.296001 0.330936 -0.008947
v -0.294088 0.330936 -0.003209
v -0.204180 0.329023 -0.205978
v -0.206093 0.327110 -0.207891
v -0.292175 0.338587 -0.318841
v -0.286436 0.340500 -0.307363
v -0.246265 0.342413 -0.295886
v -0.259655 0.334762 0.000617
v -0.202267 0.334762 -0.248063
v -0.378256 0.332849 0.082873
v -0.349563 0.336675 0.153651
v -0.372518 0.340500 0.132609
v -0.318956 0.338587 0.163216
v -0.343824 0.338587 0.146000
v -0.313217 0.338587 0.153651
v -0.259655 0.334762 -0.001296
v -0.338085 0.334762 -0.265279
v -0.330433 0.336675 -0.290147
v -0.322782 0.336675 -0.282495
v -0.334259 0.334762 -0.263366
v -0.284523 0.342413 0.157477
v -0.211832 0.338587 -0.269105
v -0.204180 0.334762 -0.227021
v -0.376344 0.334762 0.080960
v -0.368692 0.342413 0.128783
v -0.322782 0.330936 0.002530
v -0.286436 0.346239 0.155564
v -0.265394 0.344326 -0.316928
v -0.202267 0.334762 -0.227021
v -0.315130 0.348152 -0.311189
v -0.307478 0.350065 -0.301625
v -0.290262 0.346239 0.161303
v -0.263481 0.350065 -0.307363
v -0.294088 0.334762 -0.005122
v -0.225223 0.342413 -0.286321
v -0.208006 0.338587 -0.246150
v -0.382082 0.340500 0.107741
v -0.382082 0.342413 -0.052945
v -0.382082 0.340500 -0.056770
v -0.380169 0.342413 -0.062509
v -0.380169 0.340500 0.107741
v -0.215658 0.342413 -0.265279
v -0.376344 0.346239 -0.062509
v -0.376344 0.350065 -0.058683
v -0.341911 0.346239 -0.244237
v -0.341911 0.346239 -0.269105
v -0.332346 0.346239 -0.265279
v -0.338085 0.344326 -0.242324
v -0.206093 0.338587 -0.246150
v -0.378256 0.348152 -0.052945
v -0.334259 0.353891 0.163216
v -0.362953 0.351978 0.149825
v -0.332346 0.357717 -0.295886
v -0.322782 0.359630 -0.290147
v -0.244352 0.348152 -0.303538
v -0.229048 0.346239 -0.282495
v -0.357214 0.353891 0.144087
v -0.330433 0.353891 0.153651
v -0.301740 0.357717 0.165129
v -0.297914 0.355804 0.153651
v -0.288349 0.355804 -0.318841
v -0.399299 0.351978 -0.060596
v -0.401212 0.350065 -0.064422
v -0.378256 0.348152 0.130696
v -0.374431 0.350065 0.128783
v -0.284523 0.359630 -0.309276
v -0.399299 0.351978 -0.068248
v -0.269220 0.361543 0.151738
v -0.244352 0.350065 -0.297799
v -0.227136 0.348152 -0.284408
v -0.336172 0.353891 -0.246150
v -0.334259 0.351978 -0.223195
v -0.336172 0.353891 -0.221282
v -0.263481 0.355804 -0.313102
v -0.395473 0.355804 -0.070161
v -0.395473 0.359630 -0.064422
v -0.345737 0.355804 -0.246150
v -0.343824 0.367281 -0.274844
v -0.332346 0.369194 -0.272931
v -0.274959 0.365368 0.153651
v -0.273046 0.363456 0.147912
v -0.397386 0.357717 -0.060596
v -0.366779 0.361543 0.146000
v -0.311304 0.365368 -0.315015
v -0.244352 0.351978 -0.299712
v -0.420341 0.363456 -0.064422
v -0.422254 0.359630 -0.068248
v -0.364866 0.361543 0.144087
v -0.305565 0.369194 -0.307363
v -0.263481 0.357717 -0.309276
v -0.420341 0.361543 -0.073987
v -0.416515 0.365368 -0.073987
v -0.416515 0.367281 -0.064422
v -0.347650 0.367281 0.161303
v -0.332346 0.361543 -0.225108
v -0.320869 0.359630 -0.204066
v -0.322782 0.361543 -0.204066
v -0.263481 0.359630 -0.311189
v -0.343824 0.369194 0.153651
v -0.336172 0.376846 -0.251889
v -0.339998 0.365368 -0.223195
v -0.317043 0.371107 0.167042
v -0.313217 0.371107 0.155564
v -0.414602 0.367281 -0.070161
v -0.345737 0.376846 -0.251889
v -0.282610 0.371107 0.147912
v -0.286436 0.365368 -0.316928
v -0.330433 0.376846 -0.301625
v -0.286436 0.374933 0.159390
v -0.284523 0.367281 -0.313102
v -0.433731 0.378759 -0.070161
v -0.435644 0.376846 -0.075900
v -0.320869 0.380672 -0.295886
v -0.318956 0.369194 -0.207891
v -0.301740 0.369194 -0.194501
v -0.284523 0.369194 -0.315015
v -0.433731 0.376846 -0.079726
v -0.353388 0.374933 0.157477
v -0.351476 0.376846 0.155564
v -0.334259 0.384498 -0.230846
v -0.301740 0.369194 -0.192588
v -0.324695 0.371107 -0.204066
v -0.261568 0.378759 0.138348
v -0.263481 0.378759 0.136435
v -0.427992 0.378759 -0.079726
v -0.426080 0.382585 -0.075900
v -0.341911 0.384498 -0.227021
v -0.309391 0.376846 -0.315015
v -0.263481 0.382585 0.142174
v -0.429905 0.380672 -0.070161
v -0.330433 0.384498 0.167042
v -0.341911 0.386411 -0.280582
v -0.305565 0.378759 -0.311189
v -0.328520 0.384498 0.157477
v -0.332346 0.390236 -0.278670
v -0.301740 0.376846 -0.198327
v -0.322782 0.392149 -0.211717
v -0.280697 0.376846 -0.194501
v -0.280697 0.378759 -0.190675
v -0.303652 0.378759 -0.190675
v -0.307478 0.378759 -0.313102
v -0.326608 0.392149 -0.205978
v -0.301740 0.388324 0.163216
v -0.299827 0.386411 0.151738
v -0.273046 0.386411 0.136435
v -0.336172 0.392149 0.163216
v -0.274959 0.392149 0.147912
v -0.441383 0.399801 -0.079726
v -0.437557 0.399801 -0.083551
v -0.336172 0.392149 0.159390
v -0.345737 0.395975 -0.255715
v -0.338085 0.399801 -0.257627
v -0.326608 0.388324 -0.301625
v -0.280697 0.384498 -0.196414
v -0.303652 0.397888 -0.200240
v -0.265394 0.388324 -0.204066
v -0.439470 0.399801 -0.073987
v -0.431818 0.399801 -0.083551
v -0.322782 0.390236 -0.301625
v -0.322782 0.390236 -0.299712
v -0.278784 0.388324 -0.188762
v -0.303652 0.399801 -0.190675
v -0.261568 0.388324 -0.200240
v -0.261568 0.392149 0.121131
v -0.257742 0.392149 0.123044
v -0.433731 0.401714 -0.073987
v -0.429905 0.401714 -0.079726
v -0.259655 0.397888 0.124957
v -0.341911 0.405540 -0.230846
v -0.336172 0.407453 -0.234672
v -0.315130 0.401714 0.165129
v -0.313217 0.401714 0.155564
v -0.265394 0.394062 -0.204066
v -0.280697 0.405540 -0.196414
v -0.338085 0.397888 -0.282495
v -0.288349 0.401714 0.142174
v -0.271133 0.399801 0.123044
v -0.288349 0.407453 0.153651
v -0.257742 0.397888 -0.196414
v -0.276872 0.407453 -0.184936
v -0.257742 0.397888 -0.219369
v -0.252004 0.397888 -0.217456
v -0.332346 0.399801 -0.282495
v -0.336172 0.401714 -0.282495
v -0.320869 0.407453 0.163216
v -0.320869 0.407453 0.159390
v -0.326608 0.413192 -0.207891
v -0.324695 0.415104 -0.213630
v -0.267307 0.407453 0.132609
v -0.265394 0.405540 0.105828
v -0.261568 0.407453 0.105828
v -0.257742 0.403627 -0.217456
v -0.263481 0.415104 -0.200240
v -0.341911 0.407453 -0.259540
v -0.303652 0.422756 -0.200240
v -0.261568 0.411279 0.107741
v -0.257742 0.405540 -0.236585
v -0.246265 0.407453 -0.213630
v -0.253916 0.415104 -0.192588
v -0.252004 0.407453 -0.236585
v -0.435644 0.422756 -0.077813
v -0.433731 0.422756 -0.072074
v -0.433731 0.424669 -0.081638
v -0.427992 0.424669 -0.081638
v -0.338085 0.409366 -0.259540
v -0.334259 0.399801 -0.104594
v -0.359127 0.401714 -0.089290
v -0.338085 0.401714 -0.108419
v -0.315130 0.403627 -0.125636
v -0.320869 0.401714 -0.100768
v -0.347650 0.405540 -0.081638
v -0.311304 0.403627 -0.123723
v -0.303652 0.420843 -0.192588
v -0.282610 0.417017 0.128783
v -0.273046 0.413192 0.107741
v -0.427992 0.422756 -0.072074
v -0.426080 0.424669 -0.075900
v -0.362953 0.403627 -0.093116
v -0.376344 0.413192 -0.073987
v -0.362953 0.407453 -0.095029
v -0.339998 0.403627 -0.110332
v -0.339998 0.411279 -0.259540
v -0.299827 0.405540 -0.117984
v -0.303652 0.407453 -0.087377
v -0.334259 0.413192 -0.072074
v -0.299827 0.418930 0.155564
v -0.299827 0.417017 0.147912
v -0.380169 0.413192 -0.077813
v -0.318956 0.405540 -0.127549
v -0.355301 0.413192 -0.091203
v -0.336172 0.409366 -0.108419
v -0.303652 0.415104 -0.139026
v -0.297914 0.415104 -0.135200
v -0.255829 0.413192 -0.234672
v -0.253916 0.422756 -0.211717
v -0.366779 0.418930 -0.066335
v -0.339998 0.417017 -0.234672
v -0.317043 0.411279 -0.123723
v -0.307478 0.417017 -0.139026
v -0.284523 0.411279 -0.104594
v -0.286436 0.417017 -0.129462
v -0.280697 0.430408 -0.192588
v -0.280697 0.417017 0.090525
v -0.276872 0.417017 0.088612
v -0.261568 0.413192 -0.253802
v -0.380169 0.417017 -0.079726
v -0.336172 0.418930 -0.236585
v -0.307478 0.424669 0.155564
v -0.307478 0.424669 0.151738
v -0.292175 0.413192 -0.077813
v -0.320869 0.420843 -0.062509
v -0.278784 0.422756 0.138348
v -0.274959 0.428495 -0.184936
v -0.265394 0.422756 0.113480
v -0.255829 0.415104 -0.255715
v -0.244352 0.417017 -0.234672
v -0.242439 0.424669 -0.209804
v -0.410776 0.409366 0.084786
v -0.405037 0.409366 0.082873
v -0.410776 0.413192 0.105828
v -0.414602 0.415104 0.105828
v -0.416515 0.418930 0.092438
v -0.401212 0.417017 0.075221
v -0.403124 0.411279 0.086699
v -0.387821 0.415104 0.073308
v -0.338085 0.422756 -0.081638
v -0.318956 0.417017 -0.098855
v -0.385908 0.417017 0.077134
v -0.406950 0.417017 0.107741
v -0.403124 0.422756 0.092438
v -0.338085 0.420843 -0.234672
v -0.303652 0.420843 -0.114158
v -0.305565 0.422756 -0.135200
v -0.273046 0.415104 -0.093116
v -0.271133 0.422756 -0.117984
v -0.273046 0.422756 0.088612
v -0.410776 0.424669 0.128783
v -0.395473 0.428495 -0.068248
v -0.391647 0.428495 -0.062509
v -0.372518 0.422756 -0.075900
v -0.353388 0.426582 -0.056770
v -0.326608 0.426582 -0.211717
v -0.288349 0.417017 -0.073987
v -0.315130 0.424669 -0.060596
v -0.282610 0.432321 0.115393
v -0.286436 0.424669 0.094351
v -0.257742 0.420843 -0.253802
v -0.269220 0.420843 -0.269105
v -0.248178 0.430408 -0.230846
v -0.420341 0.424669 0.103915
v -0.414602 0.426582 0.128783
v -0.385908 0.422756 0.069483
v -0.364866 0.418930 0.071395
v -0.324695 0.426582 -0.215543
v -0.297914 0.432321 -0.146678
v -0.290262 0.432321 -0.144765
v -0.269220 0.418930 -0.089290
v -0.259655 0.426582 -0.106506
v -0.261568 0.438060 -0.196414
v -0.263481 0.422756 -0.271018
v -0.246265 0.424669 -0.253802
v -0.252003 0.436147 -0.190675
v -0.408863 0.428495 0.105828
v -0.406950 0.428495 0.128783
v -0.414602 0.430408 0.084786
v -0.403124 0.432321 0.071395
v -0.364866 0.420843 0.075221
v -0.385908 0.428495 0.079047
v -0.393560 0.430408 -0.070161
v -0.318956 0.426582 -0.068248
v -0.299827 0.422756 -0.085464
v -0.301740 0.434234 -0.146678
v -0.292175 0.432321 0.136435
v -0.271133 0.422756 -0.091203
v -0.288349 0.420843 -0.075900
v -0.278784 0.436147 -0.137113
v -0.299827 0.420843 0.079047
v -0.296001 0.420843 0.077134
v -0.292175 0.426582 0.075221
v -0.236700 0.434234 -0.230846
v -0.385908 0.432321 -0.054858
v -0.330433 0.418930 0.071395
v -0.330433 0.420843 0.073308
v -0.362953 0.424669 0.067570
v -0.328520 0.424669 0.067570
v -0.288349 0.436147 0.142174
v -0.255829 0.430408 -0.102681
v -0.332346 0.430408 0.075221
v -0.364866 0.430408 0.077134
v -0.326608 0.428495 -0.213630
v -0.303652 0.428495 0.082873
v -0.341911 0.434234 -0.049119
v -0.303652 0.434234 -0.194501
v -0.284523 0.424669 -0.098855
v -0.292175 0.430408 -0.123723
v -0.313217 0.426582 -0.062509
v -0.265394 0.428495 -0.269105
v -0.280697 0.428495 -0.280582
v -0.250091 0.439972 -0.249976
v -0.424167 0.443798 -0.072074
v -0.420341 0.441885 -0.068248
v -0.414602 0.441885 -0.068248
v -0.405037 0.445711 0.090525
v -0.383995 0.436147 0.067570
v -0.387821 0.436147 -0.066335
v -0.355301 0.434234 -0.066335
v -0.299827 0.438060 -0.140939
v -0.303652 0.434234 -0.198327
v -0.273046 0.439972 0.119219
v -0.288349 0.438060 0.077134
v -0.271133 0.434234 0.092438
v -0.263481 0.439972 -0.125636
v -0.259655 0.434234 -0.102681
v -0.274959 0.430408 -0.284408
v -0.253916 0.432321 -0.272931
v -0.248178 0.445711 -0.207891
v -0.422254 0.443798 -0.075900
v -0.416515 0.443798 -0.075900
v -0.410776 0.441885 -0.072074
v -0.420341 0.436147 0.124957
v -0.424167 0.441885 0.100089
v -0.403124 0.436147 0.149825
v -0.361040 0.436147 0.065657
v -0.326607 0.438060 0.065657
v -0.336172 0.439972 -0.047206
v -0.338085 0.438060 -0.047206
v -0.294088 0.441885 0.142174
v -0.296001 0.439972 0.140261
v -0.290262 0.443798 0.100089
v -0.273046 0.436147 -0.110332
v -0.236700 0.443798 -0.249976
v -0.238613 0.443798 -0.205978
v -0.408863 0.439972 0.149825
v -0.372518 0.441885 -0.045293
v -0.303652 0.438060 -0.196414
v -0.339998 0.438060 -0.052945
v -0.250091 0.445711 -0.116071
v -0.213745 0.426582 -0.016599
v -0.204180 0.426582 -0.012773
v -0.223310 0.428495 0.002530
v -0.229048 0.430408 -0.001296
v -0.227136 0.434234 -0.003209
v -0.213745 0.430408 -0.018512
v -0.198442 0.430408 -0.033815
v -0.186964 0.428495 -0.005122
v -0.206093 0.430408 0.010182
v -0.188877 0.430408 -0.029990
v -0.408863 0.439972 0.124957
v -0.412689 0.451450 0.103915
v -0.401212 0.439972 0.147912
v -0.405037 0.439972 -0.062509
v -0.406950 0.439972 -0.068248
v -0.401212 0.443798 -0.056770
v -0.387821 0.447624 0.080960
v -0.303652 0.449537 0.086699
v -0.276872 0.434234 -0.280582
v -0.292175 0.432321 -0.286321
v -0.276872 0.439972 -0.186849
v -0.255829 0.447624 -0.265279
v -0.223310 0.439972 0.023572
v -0.236700 0.438060 0.015921
v -0.169748 0.430408 -0.020425
v -0.169748 0.430408 0.004443
v -0.188877 0.436147 0.019746
v -0.420341 0.453363 0.082873
v -0.405037 0.439972 -0.070161
v -0.364866 0.449537 0.077134
v -0.330433 0.451450 0.077134
v -0.286436 0.447624 -0.129462
v -0.278784 0.441885 -0.190675
v -0.290262 0.434234 -0.292060
v -0.286436 0.443798 -0.293973
v -0.265394 0.441885 -0.286321
v -0.248178 0.447624 -0.112245
v -0.242439 0.453363 -0.225108
v -0.240526 0.439972 0.010182
v -0.240526 0.443798 0.008269
v -0.221397 0.439972 -0.001296
v -0.200355 0.434234 -0.033815
v -0.208006 0.436147 -0.014686
v -0.206093 0.445711 0.033137
v -0.186964 0.441885 -0.049119
v -0.185051 0.438060 -0.049119
v -0.175487 0.438060 -0.045293
v -0.152531 0.430408 -0.010860
v -0.156357 0.436147 -0.037641
v -0.158270 0.436147 0.010182
v -0.175487 0.441885 0.025485
v -0.141054 0.434234 -0.005122
v -0.137228 0.436147 -0.028077
v -0.405037 0.453363 0.071395
v -0.389734 0.453363 -0.049119
v -0.294088 0.455276 -0.152417
v -0.288349 0.439972 -0.288234
v -0.307478 0.436147 -0.292060
v -0.305565 0.443798 -0.292060
v -0.288349 0.447624 0.121131
v -0.286436 0.455276 -0.150504
v -0.242439 0.451450 -0.269105
v -0.372518 0.447624 -0.056770
v -0.362953 0.449537 -0.039554
v -0.278784 0.443798 -0.188762
v -0.297914 0.455276 -0.150504
v -0.307478 0.438060 -0.295886
v -0.267307 0.453363 -0.278670
v -0.280697 0.455276 -0.286321
v -0.286436 0.457189 0.080960
v -0.274959 0.451450 0.098176
v -0.252003 0.451450 -0.112245
v -0.232874 0.453363 -0.225108
v -0.194616 0.439972 -0.029990
v -0.127663 0.439972 -0.020425
v -0.139141 0.438060 -0.003209
v -0.154444 0.439972 0.012095
v -0.416515 0.449537 0.146000
v -0.427992 0.453363 0.117306
v -0.389734 0.451450 0.168955
v -0.399299 0.445711 -0.068248
v -0.387821 0.457189 -0.058683
v -0.385908 0.455276 0.065657
v -0.361040 0.457189 0.065657
v -0.332346 0.447624 -0.297799
v -0.280697 0.451450 0.123044
v -0.274959 0.459102 -0.142852
v -0.265394 0.451450 -0.117984
v -0.253916 0.447624 -0.190675
v -0.204180 0.447624 0.008269
v -0.190790 0.443798 -0.005122
v -0.192703 0.453363 0.038876
v -0.171661 0.445711 0.027398
v -0.162096 0.447624 -0.060596
v -0.142967 0.445711 -0.051032
v -0.125751 0.447624 -0.041467
v -0.361040 0.453363 -0.043380
v -0.359127 0.455276 -0.039554
v -0.359127 0.453363 -0.037641
v -0.324695 0.459102 0.065657
v -0.305565 0.459102 0.071395
v -0.332346 0.447624 -0.301625
v -0.305565 0.447624 -0.299712
v -0.296001 0.459102 -0.144765
v -0.259655 0.449537 -0.194501
v -0.236700 0.459102 0.033137
v -0.248178 0.457189 0.025485
v -0.175487 0.451450 -0.062509
v -0.171661 0.449537 -0.064422
v -0.125751 0.443798 -0.016599
v -0.144880 0.441885 -0.005122
v -0.131489 0.447624 -0.018512
v -0.066450 0.438060 0.029311
v -0.083666 0.439972 0.048440
v -0.076015 0.439972 0.025485
v -0.062624 0.445711 0.008269
v -0.049234 0.439972 0.038876
v -0.066450 0.441885 0.058005
v -0.051147 0.443798 0.012095
v -0.414602 0.462928 0.119219
v -0.403124 0.451450 0.142174
v -0.395473 0.455276 0.168955
v -0.412689 0.447624 -0.064422
v -0.387821 0.453363 0.165129
v -0.288349 0.455276 0.123044
v -0.288349 0.453363 -0.290147
v -0.257742 0.462928 -0.133287
v -0.242439 0.462928 -0.244237
v -0.252003 0.457189 0.021659
v -0.219484 0.464840 0.040789
v -0.232874 0.447624 0.010182
v -0.175487 0.443798 -0.020425
v -0.181225 0.445711 -0.043380
v -0.160183 0.443798 0.010182
v -0.116186 0.451450 -0.033815
v -0.093231 0.441885 0.042702
v -0.083666 0.453363 0.075221
v -0.100883 0.451450 0.063744
v -0.093231 0.445711 0.038876
v -0.077927 0.443798 0.023572
v -0.032017 0.441885 0.050353
v -0.033930 0.443798 0.019746
v -0.429905 0.462928 0.096263
v -0.410776 0.449537 -0.073987
v -0.382082 0.461015 -0.041467
v -0.286436 0.457189 0.124957
v -0.269220 0.462928 -0.292060
v -0.253916 0.459102 -0.284408
v -0.186964 0.457189 0.038876
v -0.156357 0.443798 -0.008947
v -0.144880 0.449537 -0.022338
v -0.110447 0.451450 0.056092
v -0.047321 0.445711 0.069483
v -0.016714 0.445711 0.031224
v -0.022453 0.445711 0.056092
v -0.418428 0.455276 -0.068248
v -0.422254 0.455276 -0.072074
v -0.420341 0.455276 -0.075900
v -0.405037 0.459102 -0.058683
v -0.328520 0.453363 -0.297799
v -0.303652 0.455276 -0.293973
v -0.290262 0.462928 0.105828
v -0.288349 0.455276 -0.293973
v -0.257742 0.451450 -0.192588
v -0.250091 0.459102 0.017834
v -0.240526 0.457189 -0.204066
v -0.230961 0.462928 -0.246150
v -0.171661 0.445711 0.004443
v -0.185051 0.449537 0.019746
v -0.164009 0.449537 -0.033815
v -0.175487 0.449537 0.023572
v -0.114273 0.455276 -0.029990
v -0.087492 0.451450 0.042702
v -0.072189 0.449537 0.027398
v -0.064537 0.449537 0.008269
v -0.049234 0.455276 -0.007034
v -0.037756 0.453363 -0.003209
v -0.020540 0.451450 0.004443
v -0.408863 0.466753 0.088612
v -0.403124 0.461015 -0.066335
v -0.244352 0.466753 -0.123723
v -0.246265 0.457189 -0.205978
v -0.169748 0.455276 -0.056770
v -0.150619 0.461015 -0.070161
v -0.133402 0.461015 -0.060596
v -0.110447 0.455276 0.054179
v -0.102795 0.461015 0.056092
v -0.053059 0.459102 -0.005122
v -0.035843 0.449537 0.077134
v -0.064537 0.459102 0.088612
v -0.007149 0.447624 0.036963
v -0.007149 0.451450 0.038876
v -0.020540 0.449537 0.058005
v -0.003323 0.453363 0.014008
v -0.389734 0.468666 0.077134
v -0.380169 0.462928 -0.045293
v -0.361040 0.461015 -0.299712
v -0.332346 0.455276 -0.303538
v -0.361040 0.462928 -0.301625
v -0.303652 0.455276 -0.297799
v -0.282610 0.466753 -0.131374
v -0.246265 0.470579 -0.261453
v -0.242439 0.468666 -0.117984
v -0.213745 0.455276 0.019746
v -0.242439 0.462928 0.017834
v -0.196529 0.459102 0.029311
v -0.162096 0.462928 -0.073987
v -0.120012 0.459102 -0.029990
v -0.133402 0.459102 -0.033815
v -0.116186 0.464840 -0.051032
v 0.004328 0.455276 0.019746
v 0.004328 0.459102 0.021659
v -0.403124 0.464840 0.165129
v -0.424167 0.466753 0.138348
v -0.414602 0.464840 -0.072074
v -0.362953 0.470579 0.073308
v -0.378256 0.464840 -0.039554
v -0.303652 0.470579 0.088612
v -0.188877 0.459102 0.035050
v -0.154444 0.459102 -0.045293
v -0.068363 0.457189 0.052266
v -0.058798 0.453363 0.012095
v -0.054972 0.455276 0.038876
v -0.032017 0.453363 0.077134
v -0.051147 0.462928 0.094351
v -0.012888 0.455276 0.036963
v -0.024366 0.453363 0.056092
v -0.418428 0.474405 0.100089
v -0.412689 0.472492 0.132609
v -0.391647 0.464840 0.159390
v -0.372518 0.466753 0.180432
v -0.330433 0.472492 0.075221
v -0.280697 0.464840 0.103915
v -0.259655 0.472492 -0.121810
v -0.242439 0.461015 -0.204066
v -0.246265 0.470579 -0.117984
v -0.234787 0.470579 -0.265279
v -0.165922 0.464840 -0.072074
v -0.106621 0.468666 -0.041467
v -0.120012 0.466753 0.073308
v -0.127663 0.468666 0.065657
v -0.100883 0.470579 0.086699
v -0.083666 0.466753 0.065657
v -0.026278 0.468666 -0.016599
v -0.009062 0.466753 -0.008947
v -0.001410 0.462928 0.021659
v -0.433731 0.474405 0.111567
v -0.422254 0.470579 0.084786
v -0.406950 0.470579 0.073308
v -0.385908 0.470579 0.067570
v -0.399299 0.466753 -0.051032
v -0.370605 0.468666 0.176606
v -0.378256 0.464840 -0.041467
v -0.324695 0.468666 -0.297799
v -0.355301 0.470579 -0.299712
v -0.288349 0.457189 -0.292060
v -0.274959 0.464840 -0.288234
v -0.255829 0.476318 -0.274844
v -0.238613 0.466753 -0.223195
v -0.232874 0.466753 -0.223195
v -0.206093 0.470579 0.044615
v -0.081753 0.478231 0.100089
v -0.043495 0.459102 0.023572
v -0.047321 0.462928 -0.001296
v -0.037756 0.472492 -0.018512
v -0.035843 0.457189 0.073308
v -0.047321 0.466753 0.094351
v -0.037756 0.457189 0.048440
v 0.008154 0.468666 -0.001296
v -0.420341 0.464840 -0.070161
v -0.412689 0.466753 -0.062509
v -0.376344 0.470579 0.182345
v -0.361040 0.470579 -0.305450
v -0.328520 0.470579 -0.303538
v -0.303652 0.459102 -0.295886
v -0.322782 0.474405 -0.297799
v -0.294088 0.480144 -0.150504
v -0.290262 0.480144 -0.152417
v -0.290262 0.470579 0.107741
v -0.282610 0.480144 -0.150504
v -0.223310 0.470579 0.023572
v -0.206093 0.474405 0.035050
v -0.160183 0.468666 -0.066335
v -0.106621 0.470579 -0.037641
v -0.127663 0.470579 0.061831
v -0.118099 0.474405 0.063744
v -0.024366 0.459102 0.033137
v -0.012888 0.464840 0.017834
v 0.013893 0.470579 0.004443
v 0.055977 0.455276 0.102002
v 0.065542 0.455276 0.109654
v 0.038761 0.459102 0.123044
v 0.034935 0.462928 0.119219
v 0.050238 0.459102 0.100089
v 0.069368 0.461015 0.082873
v 0.080845 0.461015 0.088612
v 0.050238 0.461015 0.130696
v 0.088497 0.461015 0.121131
v 0.073194 0.464840 0.142174
v -0.395473 0.468666 -0.054858
v -0.359127 0.472492 0.065657
v -0.290262 0.472492 0.084786
v -0.286436 0.470579 0.105828
v -0.261568 0.478231 0.025485
v -0.259655 0.480144 0.031224
v -0.200355 0.474405 0.044615
v -0.049234 0.459102 0.065657
v -0.049234 0.468666 0.090525
v -0.324695 0.474405 0.067570
v -0.305565 0.474405 0.073308
v -0.322782 0.476318 -0.299712
v -0.292175 0.483970 -0.142852
v -0.269220 0.483970 -0.144765
v -0.257742 0.478231 -0.288234
v -0.244352 0.476318 -0.280582
v -0.259655 0.480144 0.021659
v -0.246265 0.482057 0.038876
v -0.198442 0.474405 0.040789
v -0.144880 0.472492 -0.054858
v -0.123838 0.474405 -0.043380
v -0.112360 0.474405 -0.037641
v -0.041582 0.474405 -0.016599
v -0.062624 0.468666 0.080960
v -0.032017 0.466753 0.008269
v 0.013893 0.472492 0.008269
v 0.008154 0.476318 0.008269
v 0.034935 0.468666 0.145999
v 0.023458 0.468666 0.136435
v 0.054064 0.464840 0.102002
v 0.063629 0.464840 0.080960
v -0.408863 0.470579 -0.064422
v -0.395473 0.470579 -0.049119
v -0.385908 0.476318 -0.292060
v -0.234787 0.470579 -0.221282
v -0.154444 0.480144 -0.079726
v -0.142967 0.478231 -0.075900
v -0.125751 0.478231 -0.068248
v -0.097057 0.482057 0.075221
v 0.055977 0.474405 0.157477
v 0.080845 0.474405 0.063744
v 0.094236 0.472492 0.069483
v 0.101887 0.462928 0.098176
v 0.121017 0.466753 0.107741
v 0.107626 0.464840 0.130696
v 0.092323 0.468666 0.151738
v -0.431818 0.480144 0.094351
v -0.422254 0.483970 0.111567
v -0.395473 0.470579 -0.051032
v -0.387821 0.478231 -0.293973
v -0.263481 0.480144 -0.286321
v -0.252003 0.487796 -0.135200
v -0.236700 0.476318 -0.242324
v -0.250091 0.482057 0.021659
v -0.229048 0.476318 -0.242324
v -0.068363 0.483970 0.105828
v -0.037756 0.478231 -0.010860
v -0.003323 0.478231 0.006356
v 0.038761 0.466753 0.119219
v 0.019632 0.470579 0.132609
v 0.025370 0.474405 0.132609
v 0.115278 0.472492 0.079047
v -0.410776 0.470579 -0.062509
v -0.385908 0.482057 0.180432
v -0.414602 0.482057 0.157477
v -0.403124 0.485883 0.149825
v -0.376344 0.480144 0.170867
v -0.229048 0.487796 0.042702
v -0.158270 0.480144 -0.077813
v -0.108534 0.482057 -0.056770
v -0.022453 0.480144 -0.001296
v 0.052151 0.474405 0.124957
v 0.065542 0.468666 0.082873
v 0.065542 0.470579 0.107741
v 0.077019 0.476318 0.063744
v 0.073194 0.478231 0.168955
v 0.126755 0.470579 0.111567
v 0.115278 0.468666 0.132609
v 0.099974 0.472492 0.153651
v -0.431818 0.485883 0.128783
v -0.391647 0.478231 0.075221
v -0.412689 0.480144 0.086699
v -0.351476 0.485883 0.186171
v -0.276872 0.489709 -0.129462
v -0.238613 0.489709 -0.125636
v -0.118099 0.493534 0.088612
v -0.137228 0.487796 0.075221
v -0.076015 0.485883 0.090525
v -0.062624 0.485883 0.105828
v -0.018627 0.491621 -0.024251
v 0.000502 0.487796 -0.018512
v 0.036848 0.482057 0.138348
v 0.132494 0.474405 0.088612
v 0.136320 0.476318 0.092438
v -0.351476 0.485883 0.182345
v -0.347650 0.491621 -0.299712
v -0.236700 0.491621 -0.119897
v -0.154444 0.483970 -0.070161
v -0.142967 0.485883 0.067570
v -0.100883 0.487796 -0.047206
v -0.064537 0.487796 0.100089
v 0.015806 0.487796 -0.010860
v 0.019632 0.482057 0.153651
v 0.010067 0.480144 0.145999
v 0.038761 0.487796 0.167042
v 0.077019 0.474405 0.090525
v 0.077019 0.480144 0.065657
v 0.080845 0.482057 0.170867
v 0.122930 0.474405 0.111567
v 0.113365 0.472492 0.132609
v -0.424167 0.483970 0.088612
v -0.408863 0.480144 0.077134
v -0.385908 0.478231 0.069483
v -0.355301 0.489709 0.188084
v -0.362953 0.480144 0.071395
v -0.385908 0.487796 -0.297799
v -0.353388 0.489709 -0.305450
v -0.378256 0.485883 -0.292060
v -0.345737 0.503099 -0.303538
v -0.299827 0.480144 0.090525
v -0.330433 0.483970 0.073308
v -0.294088 0.480144 0.088612
v -0.240526 0.483970 -0.259540
v -0.240526 0.493534 -0.119897
v -0.255829 0.493534 -0.121810
v -0.240526 0.489709 -0.276757
v -0.232874 0.483970 -0.261453
v -0.232874 0.480144 -0.240411
v -0.230961 0.487796 0.025485
v -0.213745 0.493534 0.033137
v -0.213745 0.491621 0.046527
v -0.141054 0.487796 0.063744
v -0.131489 0.491621 0.063744
v -0.100883 0.489709 -0.043380
v -0.097057 0.501186 0.100089
v 0.021545 0.487796 -0.005122
v 0.006241 0.482057 0.142174
v 0.075106 0.478231 0.134522
v 0.086584 0.474405 0.117306
v 0.132494 0.480144 0.094350
v -0.422254 0.493534 0.123044
v -0.359127 0.480144 0.067570
v -0.139141 0.487796 -0.058683
v -0.028191 0.493534 -0.024251
v 0.021545 0.489709 -0.001296
v 0.096149 0.491621 0.050353
v 0.107626 0.489709 0.054179
v 0.098062 0.476318 0.151738
v 0.103800 0.476318 0.126870
v 0.090410 0.478231 0.145999
v 0.126755 0.487796 0.063744
v -0.435644 0.489709 0.107741
v -0.422254 0.485883 0.096263
v -0.326607 0.483970 0.071395
v -0.309391 0.483970 0.075221
v -0.343824 0.503099 -0.297799
v -0.208006 0.495447 0.040789
v -0.208006 0.493534 0.044615
v -0.118099 0.491621 -0.047206
v -0.112360 0.499273 0.075221
v -0.106621 0.491621 -0.041467
v -0.032017 0.497360 -0.022338
v 0.011980 0.485883 0.140261
v 0.025370 0.491621 0.145999
v 0.059803 0.485883 0.149825
v 0.054064 0.495447 0.178519
v 0.098062 0.478231 0.100089
v 0.088497 0.483970 0.073308
v 0.113365 0.478231 0.109654
v 0.142059 0.487796 0.073308
v 0.145885 0.489709 0.077134
v -0.403125 0.487796 -0.278670
v -0.341911 0.505012 -0.301625
v -0.250091 0.489709 -0.272931
v -0.250091 0.487796 -0.282495
v 0.015806 0.491621 0.000617
v 0.004328 0.495447 -0.001296
v 0.090410 0.495447 0.050353
v 0.080845 0.485883 0.167042
v 0.142059 0.491621 0.079047
v -0.391647 0.480144 0.073308
v -0.405037 0.489709 -0.280582
v -0.362953 0.482057 0.069483
v -0.269220 0.499273 0.023572
v -0.267307 0.499273 0.019746
v -0.252004 0.489709 -0.280582
v -0.148706 0.497360 -0.079726
v -0.137228 0.497360 -0.077813
v -0.120012 0.497360 -0.068248
v -0.085579 0.506925 0.105828
v -0.028191 0.499273 -0.016599
v -0.014801 0.497360 -0.007034
v 0.063629 0.499273 0.180432
v 0.075106 0.487796 0.159390
v 0.122930 0.483970 0.092438
v 0.107626 0.485883 0.084786
v -0.429905 0.493534 0.100089
v -0.414602 0.482057 0.084786
v -0.387821 0.499273 0.163216
v -0.357214 0.495447 0.176606
v -0.328520 0.485883 0.071395
v -0.311304 0.485883 0.079047
v -0.288349 0.503099 -0.140939
v -0.284523 0.503099 -0.142852
v -0.276872 0.505012 -0.142852
v -0.267307 0.501186 0.029311
v -0.234787 0.487796 -0.259540
v -0.152531 0.499273 -0.077813
v 0.006241 0.499273 0.159390
v -0.003323 0.497360 0.149825
v 0.090410 0.497360 0.054179
v 0.132494 0.495447 0.079047
v 0.187969 0.480144 0.184258
v 0.180317 0.483970 0.182345
v 0.197534 0.487796 0.161303
v 0.205185 0.483970 0.163216
v 0.207098 0.483970 0.195735
v 0.189882 0.489709 0.212952
v 0.170753 0.485883 0.201474
v -0.426080 0.489709 0.096263
v -0.397386 0.499273 0.174693
v -0.422254 0.501186 0.149825
v -0.362953 0.501186 0.188084
v -0.257742 0.501186 0.017834
v -0.253916 0.505012 0.035050
v -0.104708 0.501186 -0.056770
v -0.091318 0.506925 0.090525
v -0.003323 0.497360 0.145999
v 0.044500 0.499273 0.157477
v -0.427992 0.495447 0.107741
v -0.286436 0.503099 -0.135200
v -0.263481 0.508838 -0.137113
v -0.242439 0.491621 -0.272931
v -0.148706 0.501186 -0.070161
v 0.099974 0.499273 0.061831
v 0.165014 0.489709 0.195735
v 0.184143 0.489709 0.182345
v 0.214750 0.499273 0.142174
v 0.224315 0.487796 0.174693
v 0.222402 0.497360 0.144086
v 0.228140 0.487796 0.209126
v -0.433731 0.501186 0.123044
v -0.414602 0.505012 0.140261
v -0.368692 0.508838 -0.293973
v -0.397386 0.497360 -0.278670
v -0.330433 0.505012 0.178519
v -0.328520 0.505012 0.182345
v -0.150619 0.510751 0.069483
v -0.156357 0.506925 0.061831
v -0.079840 0.510751 0.100089
v -0.079840 0.510751 0.105828
v 0.002415 0.501186 0.144087
v 0.057890 0.503099 0.168955
v 0.063629 0.503099 0.176606
v 0.117191 0.497360 0.073308
v 0.170753 0.508838 0.224429
v 0.153536 0.505012 0.211039
v -0.414602 0.499273 -0.261453
v -0.405037 0.501186 -0.284408
v -0.378256 0.508838 -0.299712
v -0.246265 0.512664 -0.129462
v -0.236700 0.506925 0.021659
v -0.219484 0.512664 0.029311
v -0.234787 0.510751 0.038876
v -0.152531 0.506925 0.058005
v -0.142967 0.510751 0.059918
v -0.135315 0.505012 -0.056770
v -0.133402 0.516489 0.080960
v -0.097057 0.506925 -0.049119
v 0.006241 0.510751 -0.020425
v 0.021545 0.508838 -0.014686
v 0.027283 0.508838 -0.008947
v 0.023458 0.506925 0.170867
v 0.119104 0.514576 0.048440
v 0.138233 0.510751 0.056092
v 0.153536 0.506925 0.063744
v 0.199446 0.491621 0.165129
v 0.245357 0.487796 0.189997
v 0.260660 0.495447 0.170867
v 0.239618 0.497360 0.155564
v 0.258747 0.491621 0.199561
v 0.241531 0.493534 0.218691
v 0.209011 0.497360 0.228255
v 0.274051 0.497360 0.180432
v -0.431818 0.501186 0.109654
v -0.429905 0.497360 0.105828
v -0.416515 0.501186 -0.263366
v -0.332346 0.508838 0.186171
v -0.273046 0.508838 -0.121810
v -0.232874 0.512664 -0.121810
v -0.097057 0.508838 -0.043380
v 0.027283 0.508838 -0.005122
v 0.105713 0.516489 0.044614
v 0.157362 0.506925 0.069483
v 0.168840 0.495447 0.195735
v 0.149710 0.505012 0.205300
v 0.182230 0.501186 0.201474
v 0.195621 0.495447 0.189997
v -0.236700 0.512664 -0.114158
v -0.230961 0.512664 -0.116071
v -0.219484 0.514576 0.040789
v -0.123838 0.520315 0.069483
v -0.116186 0.508838 -0.045293
v -0.102795 0.508838 -0.043380
v -0.010975 0.514576 -0.024251
v 0.021545 0.510751 -0.001296
v 0.013893 0.506925 0.147912
v 0.151623 0.508838 0.071395
v 0.142059 0.512664 0.071395
v 0.210924 0.497360 0.172780
v 0.214750 0.503099 0.145999
v 0.262573 0.497360 0.203387
v 0.277876 0.501186 0.184258
v -0.427992 0.503099 0.119219
v -0.250091 0.512664 -0.114158
v -0.211832 0.514576 0.035050
v -0.213745 0.514576 0.038876
v -0.114273 0.526054 0.092438
v -0.020540 0.518402 -0.024251
v 0.247270 0.499273 0.222516
v 0.222402 0.503099 0.235907
v -0.370605 0.514576 0.168955
v -0.338085 0.512664 0.174693
v 0.010067 0.512664 -0.001296
v -0.007149 0.516489 -0.007034
v 0.040674 0.516489 0.180432
v 0.099974 0.518402 0.044614
v 0.126755 0.514576 0.067570
v 0.153536 0.508838 0.203387
v 0.168840 0.514576 0.209126
v 0.205185 0.506925 0.214865
v 0.218576 0.501186 0.203387
v 0.274051 0.508838 0.153651
v 0.287441 0.508838 0.163216
v -0.431818 0.505012 0.117306
v -0.408863 0.508838 -0.263366
v -0.387821 0.522228 -0.284408
v -0.144880 0.518402 -0.073987
v -0.135315 0.518402 -0.072074
v -0.118099 0.520315 -0.064422
v -0.024366 0.520315 -0.020425
v -0.020540 0.520315 -0.014686
v -0.012888 0.518402 0.147912
v -0.012888 0.518402 0.142174
v -0.005236 0.522228 0.157477
v 0.099974 0.518402 0.050353
v 0.109539 0.518402 0.058005
v 0.187969 0.516489 0.237820
v 0.233879 0.501186 0.186171
v 0.226227 0.506925 0.155564
v 0.228140 0.518402 0.128783
v 0.235792 0.516489 0.130696
v 0.253008 0.512664 0.140261
v 0.260660 0.501186 0.203387
v 0.275963 0.505012 0.186171
v 0.289354 0.512664 0.168955
v -0.416515 0.510751 -0.242324
v -0.376344 0.518402 0.184258
v -0.408863 0.518402 0.167042
v -0.401212 0.518402 0.155564
v -0.276872 0.520315 0.015921
v -0.274959 0.518402 0.012095
v -0.263481 0.518402 0.010182
v -0.150619 0.518402 -0.072074
v -0.102795 0.527967 0.082873
v 0.033022 0.516489 0.159390
v 0.046413 0.522228 0.170867
v 0.048326 0.522228 0.182345
v 0.245357 0.503099 0.220603
v 0.228140 0.508838 0.237820
v -0.426080 0.512664 0.142174
v -0.426080 0.516489 0.136435
v -0.420341 0.514576 -0.242324
v -0.416515 0.512664 -0.267192
v -0.397386 0.522228 -0.288234
v -0.339998 0.520315 0.186171
v -0.259655 0.526054 0.025485
v -0.273046 0.522228 0.019746
v -0.242439 0.522228 0.012095
v -0.146793 0.518402 -0.064422
v -0.102795 0.524141 -0.052945
v -0.098970 0.533706 0.096263
v -0.007149 0.520315 0.140261
v 0.187969 0.522228 0.222516
v 0.237705 0.503099 0.214865
v 0.220489 0.510751 0.228255
v 0.253008 0.503099 0.197648
v 0.247270 0.508838 0.170867
v 0.266399 0.506925 0.182345
v 0.287441 0.514576 0.170867
v -0.422254 0.514576 0.136435
v -0.370605 0.524141 -0.301625
v -0.364866 0.524141 -0.295886
v -0.286436 0.522228 -0.125636
v -0.284523 0.520315 -0.119897
v -0.282610 0.524141 -0.127549
v 0.050238 0.524141 0.178519
v 0.228140 0.522228 0.134522
v 0.201359 0.524141 0.245471
v 0.226227 0.510751 0.233994
v -0.364866 0.527967 -0.297799
v -0.313217 0.524141 0.168955
v -0.311304 0.524141 0.170867
v -0.274959 0.527967 -0.125636
v -0.238613 0.529880 0.027398
v -0.133402 0.522228 -0.051032
v 0.136320 0.527967 0.211039
v 0.132494 0.526054 0.205300
v 0.151623 0.535619 0.224429
v 0.277876 0.518402 0.168955
v -0.223310 0.527967 0.017834
v -0.162096 0.527967 0.054179
v -0.160183 0.527967 0.050353
v -0.095144 0.527967 -0.045293
v -0.093231 0.533706 0.092438
v 0.006241 0.526054 0.144087
v 0.013893 0.531793 0.168955
v 0.163101 0.533706 0.061831
v 0.166927 0.531793 0.067570
v 0.203272 0.527967 0.233994
v 0.239618 0.522228 0.144086
v 0.258747 0.520315 0.159390
v -0.412689 0.520315 -0.244237
v -0.401212 0.533706 -0.269105
v -0.313217 0.529880 0.174693
v -0.269220 0.524141 -0.108419
v -0.261568 0.531793 -0.121810
v -0.114273 0.526054 -0.041467
v -0.100883 0.527967 -0.039554
v -0.095144 0.527967 -0.041467
v 0.011980 0.533706 -0.016599
v 0.025370 0.531793 -0.010860
v 0.031109 0.529880 -0.007034
v 0.031109 0.529880 -0.003209
v 0.161188 0.531793 0.069483
v 0.151623 0.533706 0.071395
v 0.138233 0.527967 0.203387
v 0.151623 0.533706 0.209126
v 0.207098 0.527967 0.245471
v 0.283615 0.529880 0.142174
v 0.297006 0.527967 0.151738
v 0.298919 0.529880 0.159390
v 0.333351 0.508838 0.266514
v 0.337177 0.508838 0.270339
v 0.318048 0.518402 0.279904
v 0.348655 0.508838 0.255036
v 0.331438 0.510751 0.264601
v 0.316135 0.518402 0.274165
v 0.352480 0.508838 0.258862
v 0.358219 0.508838 0.266514
v 0.342916 0.512664 0.279904
v 0.346742 0.510751 0.253123
v 0.360132 0.512664 0.245471
v 0.363958 0.512664 0.249297
v 0.369697 0.512664 0.255036
v 0.381174 0.514576 0.268427
v 0.369697 0.514576 0.281817
v -0.412689 0.520315 -0.221282
v -0.142967 0.539445 0.071395
v -0.158270 0.531793 0.059918
v -0.150619 0.529880 0.052266
v -0.131489 0.537532 0.059918
v -0.093231 0.535619 0.096263
v 0.025370 0.529880 0.000617
v 0.145885 0.537532 0.056092
v 0.207098 0.529880 0.241646
v 0.335264 0.514576 0.264601
v 0.316135 0.520315 0.272252
v 0.348655 0.514576 0.255036
v 0.358219 0.514576 0.245471
v -0.412689 0.527967 0.159390
v -0.412689 0.531793 0.155564
v -0.420341 0.526054 -0.246150
v -0.412689 0.533706 -0.271018
v -0.351476 0.531793 0.168955
v -0.320869 0.531793 0.165129
v -0.246265 0.527967 -0.102681
v -0.242439 0.533706 -0.114158
v -0.230961 0.529880 -0.102681
v -0.229048 0.533706 -0.108419
v -0.227136 0.531793 -0.104594
v -0.215658 0.531793 0.023572
v 0.013893 0.531793 0.002530
v -0.001410 0.535619 -0.001296
v 0.136320 0.537532 0.067570
v 0.264486 0.535619 0.132609
v 0.354393 0.520315 0.293295
v 0.323787 0.522228 0.287556
v 0.369697 0.520315 0.241646
v 0.373523 0.520315 0.243559
v 0.379261 0.520315 0.247384
v 0.388826 0.520315 0.256949
v -0.408863 0.529880 0.151738
v -0.414602 0.524141 -0.219369
v -0.385908 0.535619 0.163216
v -0.223310 0.533706 0.029311
v -0.215658 0.533706 0.027398
v -0.005236 0.537532 -0.016599
v 0.113365 0.543270 0.048440
v 0.126755 0.541357 0.050353
v 0.117191 0.541357 0.059918
v 0.172666 0.543270 0.220603
v 0.297006 0.531793 0.163216
v 0.318048 0.524141 0.272252
v 0.342916 0.522228 0.272252
v 0.360132 0.518402 0.247384
v 0.358219 0.520315 0.262688
v 0.369697 0.522228 0.241646
v 0.394565 0.518402 0.281817
v 0.383087 0.520315 0.295207
v 0.400303 0.522228 0.270339
v -0.121925 0.549009 0.079047
v -0.014801 0.539445 -0.007034
v 0.025370 0.537532 0.153651
v 0.031109 0.541357 0.174693
v 0.170753 0.547096 0.235907
v 0.247270 0.539445 0.124957
v -0.387821 0.535619 0.176606
v -0.353388 0.539445 0.182345
v -0.280697 0.533706 -0.001296
v -0.269220 0.531793 -0.003209
v -0.248178 0.535619 -0.001296
v -0.150619 0.537532 -0.058683
v -0.146793 0.539445 -0.060596
v -0.146793 0.537532 -0.052945
v -0.135315 0.541357 -0.060596
v -0.014801 0.539445 -0.014686
v -0.020540 0.543270 0.138348
v -0.020540 0.541357 0.132609
v -0.010975 0.549009 0.145999
v 0.107626 0.543270 0.048440
v 0.107626 0.543270 0.052266
v 0.239618 0.541357 0.124957
v 0.287441 0.533706 0.161303
v 0.270225 0.537532 0.153651
v 0.295093 0.537532 0.283730
v 0.293180 0.537532 0.279904
v 0.369697 0.522228 0.255036
v 0.371610 0.524141 0.243559
v 0.404129 0.524141 0.281817
v 0.400303 0.524141 0.293295
v -0.406950 0.529880 -0.223195
v -0.406950 0.545183 -0.251889
v -0.393560 0.527967 -0.200240
v -0.320869 0.541357 0.176606
v -0.282610 0.531793 -0.096942
v -0.286436 0.533706 -0.100768
v -0.278784 0.539445 0.004443
v -0.282610 0.535619 0.000617
v -0.110447 0.547096 0.071395
v -0.120012 0.543270 -0.052945
v -0.018627 0.541357 -0.010860
v -0.014801 0.541357 0.130696
v 0.249183 0.541357 0.140261
v 0.295093 0.539445 0.277991
v 0.365871 0.527967 0.306685
v 0.333351 0.533706 0.300946
v 0.371610 0.526054 0.277991
v 0.383087 0.524141 0.268427
v 0.377348 0.526054 0.241646
v 0.381174 0.527967 0.241646
v 0.386913 0.529880 0.243559
v 0.392652 0.529880 0.251210
v 0.390739 0.526054 0.302859
v 0.400303 0.526054 0.264601
v -0.391647 0.539445 -0.290147
v -0.383995 0.539445 -0.288234
v -0.265394 0.545183 0.008269
v -0.227136 0.541357 0.004443
v -0.133402 0.539445 -0.041467
v 0.040674 0.543270 0.165129
v 0.044500 0.547096 0.170867
v 0.040674 0.545183 0.174693
v 0.239618 0.543270 0.128783
v 0.300831 0.543270 0.291382
v 0.325699 0.531793 0.279904
v 0.358219 0.531793 0.287556
v 0.377348 0.527967 0.241646
v 0.388826 0.526054 0.258862
v 0.377348 0.526054 0.249297
v 0.404129 0.526054 0.279904
v -0.395473 0.529880 -0.198327
v -0.414602 0.535619 -0.221282
v -0.305565 0.541357 0.151738
v -0.303652 0.541357 0.153651
v -0.284523 0.537532 -0.100768
v -0.265394 0.533706 -0.087377
v -0.102795 0.547096 -0.043380
v 0.184143 0.552835 0.241646
v 0.297006 0.543270 0.277991
v 0.392652 0.529880 0.279904
v 0.398391 0.526054 0.272252
v 0.404129 0.527967 0.291382
v 0.402216 0.529880 0.299033
v -0.416515 0.547096 -0.249976
v -0.244352 0.547096 0.012095
v -0.112360 0.543270 -0.031902
v -0.001410 0.547096 0.134522
v 0.117191 0.549009 0.199561
v 0.122930 0.549009 0.197648
v 0.379261 0.535619 0.295207
v 0.383087 0.533706 0.285643
v 0.390739 0.529880 0.251210
v 0.385000 0.531793 0.245471
v 0.398391 0.527967 0.262688
v 0.392652 0.531793 0.304772
v 0.375436 0.533706 0.312424
v 0.402216 0.529880 0.283730
v -0.395473 0.545183 0.170867
v -0.397386 0.549009 0.167042
v -0.391647 0.537532 -0.204066
v -0.368692 0.529880 -0.183023
v -0.385908 0.545183 -0.290147
v -0.276872 0.541357 -0.100768
v -0.242439 0.539445 -0.083551
v -0.219484 0.545183 0.008269
v -0.162096 0.550922 0.046527
v -0.164009 0.545183 0.038876
v -0.165922 0.547096 0.040789
v -0.152531 0.545183 0.040789
v -0.100883 0.552835 0.079047
v -0.100883 0.545183 -0.029990
v -0.095144 0.547096 -0.035728
v -0.095144 0.547096 -0.031902
v 0.119104 0.554748 0.205300
v 0.136320 0.554748 0.203387
v 0.187969 0.552835 0.232081
v 0.191795 0.556661 0.241646
v 0.304657 0.552835 0.149825
v 0.344829 0.545183 0.312424
v 0.381174 0.529880 0.241646
v 0.402216 0.531793 0.295207
v -0.393560 0.545183 0.163216
v -0.403125 0.556661 -0.230846
v -0.368692 0.531793 -0.181110
v -0.395473 0.541357 -0.198327
v -0.366779 0.541357 -0.186849
v -0.341911 0.539445 -0.173459
v -0.303652 0.547096 0.155564
v -0.227136 0.549009 0.012095
v -0.229048 0.543270 -0.083551
v -0.133402 0.550922 0.046527
v 0.033022 0.550922 0.006356
v 0.029196 0.549009 0.008269
v 0.029196 0.552835 -0.001296
v 0.033022 0.550922 0.002530
v 0.191795 0.556661 0.237820
v 0.291267 0.554748 0.142174
v 0.306570 0.552835 0.157477
v 0.400303 0.549009 0.283730
v 0.402216 0.537532 0.287556
v -0.341911 0.541357 -0.171546
v -0.368692 0.545183 -0.181110
v -0.368692 0.552835 0.165129
v -0.336172 0.550922 0.161303
v -0.313217 0.549009 0.147912
v -0.282610 0.539445 -0.068248
v -0.286436 0.539445 -0.070161
v -0.274959 0.539445 -0.022338
v -0.252003 0.543270 -0.020425
v -0.261568 0.547096 -0.098855
v -0.227136 0.549009 -0.089290
v -0.223310 0.545183 -0.085464
v -0.219484 0.549009 0.010182
v -0.146793 0.556661 0.054179
v 0.017719 0.549009 0.012095
v 0.002415 0.552835 0.010182
v 0.008154 0.558574 0.155564
v 0.015806 0.554748 -0.003209
v 0.168840 0.558574 0.073308
v 0.159275 0.558574 0.075221
v 0.172666 0.558574 0.071395
v 0.304657 0.552835 0.161303
v 0.304657 0.550922 0.283730
v 0.339090 0.543270 0.295207
v 0.369697 0.537532 0.300946
v 0.390739 0.535619 0.299033
v 0.377348 0.539445 0.308598
v 0.402216 0.541357 0.295207
v -0.405037 0.552835 -0.274844
v -0.397386 0.552835 -0.272931
v -0.286436 0.545183 -0.020425
v -0.284523 0.541357 -0.022338
v -0.261568 0.541357 -0.062509
v -0.240526 0.549009 -0.093116
v -0.108534 0.554748 0.082873
v -0.100883 0.554748 0.082873
v 0.142059 0.558574 0.073308
v 0.159275 0.566225 0.212952
v 0.168840 0.560487 0.065657
v 0.295093 0.554748 0.161303
v 0.277876 0.558574 0.153651
v 0.312309 0.554748 0.300946
v 0.362045 0.554748 0.318163
v 0.356306 0.552835 0.318163
v 0.386913 0.543270 0.293295
v 0.392652 0.550922 0.287556
v -0.410776 0.558574 -0.225108
v -0.368692 0.556661 0.178519
v -0.282610 0.550922 -0.016599
v -0.230961 0.550922 -0.014686
v -0.010975 0.554748 0.006356
v 0.134407 0.566225 0.214865
v 0.272138 0.560487 0.132609
v 0.394565 0.543270 0.297120
v -0.387821 0.562400 -0.209804
v -0.286436 0.545183 -0.070161
v -0.156357 0.554748 -0.039554
v -0.152531 0.558574 -0.041467
v -0.150619 0.552835 -0.035728
v -0.112360 0.558574 0.056092
v 0.000502 0.558574 -0.003209
v 0.021545 0.556661 0.142174
v 0.121017 0.562400 0.067570
v 0.151623 0.562400 0.059918
v 0.256834 0.564312 0.142174
v 0.274051 0.564312 0.281817
v 0.274051 0.562400 0.276078
v 0.354393 0.552835 0.306685
v 0.360132 0.556661 0.314337
v 0.407955 0.554748 0.287556
v -0.334259 0.560487 0.174693
v -0.339998 0.549009 -0.175372
v -0.320869 0.560487 -0.169633
v -0.286436 0.543270 -0.043380
v -0.278784 0.541357 -0.041467
v -0.269220 0.554748 -0.012773
v -0.257742 0.545183 -0.037641
v -0.238613 0.545183 -0.058683
v -0.125751 0.564312 0.061831
v -0.135315 0.552835 -0.024251
v -0.010975 0.558574 -0.001296
v -0.014801 0.558574 0.002530
v 0.254921 0.566225 0.126870
v -0.391647 0.564312 -0.204066
v -0.362953 0.566225 -0.192588
v -0.341911 0.552835 -0.171546
v -0.309391 0.558574 0.157477
v -0.309391 0.554748 0.130696
v -0.305565 0.554748 0.132609
v -0.286436 0.547096 -0.041467
v -0.278784 0.549009 -0.070161
v -0.221397 0.554748 -0.012773
v -0.141054 0.560487 -0.039554
v -0.022453 0.564312 0.121131
v -0.024366 0.560487 0.117306
v -0.018627 0.560487 0.115393
v 0.027283 0.566225 0.161303
v 0.111452 0.564312 0.061831
v 0.130581 0.566225 0.056092
v 0.247270 0.566225 0.126870
v 0.247270 0.566225 0.132609
v 0.407955 0.556661 0.295207
v -0.234787 0.550922 -0.035728
v -0.225223 0.550922 -0.058683
v -0.123838 0.562400 -0.033815
v -0.114273 0.556661 -0.016599
v -0.012888 0.570051 0.128783
v 0.036848 0.564312 0.151738
v 0.042587 0.568138 0.157477
v 0.109539 0.566225 0.058005
v 0.115278 0.568138 0.056092
v 0.277876 0.566225 0.274165
v 0.281702 0.568138 0.289469
v 0.319961 0.564312 0.293295
v 0.394565 0.558574 0.293295
v 0.402216 0.558574 0.297120
v -0.403125 0.564312 -0.255715
v -0.376344 0.566225 0.174693
v -0.376344 0.564312 0.165129
v -0.399299 0.558574 -0.274844
v -0.364866 0.568138 -0.186849
v -0.280697 0.552835 -0.039554
v -0.248178 0.558574 -0.010860
v -0.227136 0.556661 -0.062509
v -0.223310 0.554748 -0.060596
v -0.221397 0.558574 -0.010860
v -0.165922 0.560487 0.021659
v -0.164009 0.556661 0.019746
v -0.154444 0.556661 0.021659
v -0.133402 0.558574 0.027398
v -0.100883 0.558574 -0.014686
v 0.038761 0.568138 0.161303
v 0.327612 0.568138 0.310511
v -0.410776 0.564312 -0.253802
v -0.305565 0.560487 0.134522
v -0.263481 0.554748 -0.068248
v -0.229048 0.560487 -0.010860
v -0.162096 0.564312 0.025485
v -0.102795 0.564312 0.061831
v -0.104708 0.564312 -0.026164
v -0.097057 0.564312 -0.020425
v -0.095144 0.562400 -0.016599
v -0.003323 0.564312 0.119219
v 0.017719 0.570051 0.124957
v 0.153536 0.577703 0.224429
v -0.378256 0.568138 0.168955
v -0.336172 0.573877 -0.181110
v -0.317043 0.570051 -0.173459
v -0.326607 0.568138 0.146000
v -0.315130 0.562400 0.128783
v -0.242439 0.556661 -0.064422
v -0.110447 0.568138 0.065657
v 0.031109 0.566225 0.023572
v 0.019632 0.564312 0.025485
v 0.034935 0.568138 0.019746
v 0.103800 0.573877 0.189997
v 0.109539 0.571964 0.188084
v 0.124842 0.575790 0.191910
v 0.409868 0.579616 0.285643
v -0.351476 0.571964 0.159390
v -0.267307 0.556661 -0.037641
v -0.223310 0.554748 -0.033815
v -0.146793 0.570051 0.031224
v -0.112360 0.564312 0.035050
v 0.029196 0.571964 0.015921
v 0.034935 0.570051 0.017834
v 0.287441 0.573877 0.277991
v 0.404129 0.581529 0.289469
v -0.318956 0.571964 -0.169633
v -0.338085 0.575790 -0.175372
v -0.154444 0.560487 -0.010860
v -0.160183 0.564312 -0.014686
v -0.137228 0.560487 -0.003209
v -0.102795 0.568138 0.063744
v 0.002415 0.566225 0.025485
v 0.015806 0.573877 0.014008
v 0.168840 0.585355 0.228255
v 0.174578 0.577703 0.220603
v 0.308483 0.579616 0.155564
v 0.312309 0.577703 0.161303
v 0.308483 0.577703 0.165129
v 0.337177 0.575790 0.302859
v 0.346742 0.579616 0.308598
v 0.341003 0.575790 0.316250
v -0.320869 0.560487 0.109654
v -0.317043 0.560487 0.109654
v -0.246265 0.560487 -0.035728
v -0.229048 0.562400 -0.033815
v -0.221397 0.558574 -0.033815
v -0.158270 0.566225 -0.014686
v -0.010975 0.568138 0.023572
v -0.014801 0.571964 0.019746
v 0.105713 0.579616 0.193823
v 0.147798 0.585355 0.199561
v 0.297006 0.581529 0.147912
v 0.298919 0.579616 0.165129
v 0.297006 0.577703 0.295207
v 0.348655 0.579616 0.314337
v 0.415607 0.583442 0.289469
v -0.399299 0.575790 -0.234672
v -0.370605 0.556661 0.061831
v -0.368692 0.556661 0.058005
v -0.341911 0.558574 0.082873
v -0.345737 0.566225 0.080960
v -0.403124 0.562400 0.052266
v -0.370605 0.566225 0.063744
v -0.338085 0.558574 0.080960
v -0.401212 0.562400 0.046527
v -0.364866 0.562400 0.054179
v -0.349563 0.577703 0.172780
v -0.162096 0.566225 -0.003209
v -0.123838 0.573877 0.038876
v -0.114273 0.562400 0.004443
v 0.034935 0.575790 0.132609
v 0.178404 0.583442 0.226342
v 0.178404 0.585355 0.228255
v 0.415607 0.585355 0.295207
v -0.406950 0.575790 -0.230846
v -0.405037 0.570051 -0.255715
v -0.326607 0.568138 0.107741
v -0.336172 0.564312 0.077134
v -0.307478 0.571964 0.136435
v -0.320869 0.577703 0.159390
v -0.100883 0.570051 0.040789
v -0.095144 0.570051 0.004443
v -0.100883 0.566225 0.006356
v -0.012888 0.573877 0.017834
v -0.001410 0.573877 0.014008
v 0.006241 0.577703 0.136435
v 0.145885 0.577703 0.082873
v 0.122930 0.579616 0.077134
v 0.163101 0.577703 0.082873
v 0.172666 0.579616 0.080960
v 0.174578 0.581529 0.079047
v 0.281702 0.581529 0.159390
v 0.404129 0.585355 0.295207
v 0.409868 0.587268 0.299033
v -0.307478 0.573877 -0.175372
v -0.305565 0.575790 -0.173459
v -0.315130 0.566225 0.107741
v -0.156357 0.570051 0.000617
v -0.146793 0.570051 -0.014686
v -0.024366 0.577703 0.100089
v -0.026278 0.573877 0.098176
v -0.020540 0.571964 0.096263
v -0.005236 0.571964 0.098176
v 0.168840 0.583442 0.073308
v 0.275963 0.587268 0.142174
v -0.399299 0.570051 0.052266
v -0.435644 0.575790 0.048440
v -0.397386 0.568138 0.042702
v -0.435644 0.577703 0.042702
v -0.383995 0.581529 -0.213630
v -0.389734 0.581529 0.036963
v -0.359127 0.577703 0.050353
v -0.326607 0.581529 0.126870
v -0.129576 0.571964 -0.008947
v -0.098970 0.571964 0.002530
v 0.111452 0.581529 0.073308
v 0.151623 0.585355 0.069483
v 0.260660 0.587268 0.270339
v 0.260660 0.585355 0.264601
v -0.387821 0.583442 -0.209804
v -0.359127 0.585355 0.161303
v -0.332346 0.579616 0.075221
v -0.274959 0.564312 -0.240411
v -0.282610 0.566225 -0.211717
v -0.278784 0.568138 -0.240411
v -0.278784 0.570051 -0.265279
v -0.274959 0.568138 -0.265279
v -0.267307 0.570051 -0.238498
v -0.141054 0.573877 0.006356
v -0.108534 0.575790 0.040789
v -0.108534 0.573877 -0.003209
v -0.100883 0.573877 0.040789
v -0.012888 0.583442 0.105828
v 0.017719 0.577703 0.103915
v 0.019632 0.573877 0.042702
v 0.040674 0.581529 0.136435
v 0.260660 0.587268 0.149825
v 0.249183 0.591093 0.142174
v 0.268312 0.591093 0.279904
v 0.304657 0.587268 0.285643
v -0.357214 0.587268 0.168955
v -0.347650 0.589181 0.077134
v -0.370605 0.587268 0.058005
v -0.359127 0.587268 -0.196414
v -0.332346 0.589181 0.103915
v -0.315130 0.579616 0.107741
v -0.286436 0.570051 -0.211717
v -0.276872 0.571964 -0.209804
v -0.292175 0.575790 -0.186849
v 0.000502 0.573877 0.042702
v 0.025370 0.583442 0.140261
v 0.033022 0.575790 0.042702
v 0.111452 0.585355 0.069483
v 0.130581 0.587268 0.067570
v 0.121017 0.591093 0.199561
v 0.249183 0.591093 0.136435
v 0.256834 0.591093 0.136435
v 0.264486 0.587268 0.264601
v -0.431818 0.581529 0.036963
v -0.361040 0.589181 0.165129
v -0.361040 0.589181 -0.192588
v -0.339998 0.591093 0.146000
v -0.269220 0.587268 -0.234672
v -0.267307 0.591093 -0.257627
v -0.282610 0.577703 -0.284408
v -0.267307 0.575790 -0.265279
v -0.014801 0.575790 0.042702
v -0.020540 0.579616 0.040789
v 0.036848 0.581529 0.038876
v 0.038761 0.579616 0.040789
v 0.036848 0.583442 0.140261
v 0.117191 0.587268 0.067570
v 0.314222 0.591093 0.302859
v -0.401212 0.581529 -0.234672
v -0.431818 0.583442 0.048440
v -0.395473 0.591093 0.046527
v -0.317043 0.593006 -0.177285
v -0.307478 0.579616 -0.177285
v -0.296001 0.579616 -0.186849
v -0.278784 0.589181 -0.207891
v -0.284523 0.579616 -0.282495
v -0.259655 0.589181 -0.232759
v -0.118099 0.575790 0.012095
v 0.008154 0.589181 0.109654
v 0.034935 0.581529 0.107741
v 0.031109 0.585355 0.036963
v -0.305565 0.585355 -0.171546
v -0.318956 0.594919 -0.171546
v -0.317043 0.593006 0.138348
v -0.288349 0.581529 -0.183023
v -0.271133 0.589181 -0.204066
v -0.026278 0.579616 0.073308
v -0.020540 0.575790 0.073308
v -0.005236 0.575790 0.073308
v -0.016714 0.583442 0.038876
v 0.017719 0.577703 0.075221
v 0.105713 0.589181 0.170867
v 0.121017 0.591093 0.174693
v -0.334259 0.593006 -0.184936
v -0.022453 0.583442 0.075221
v -0.003323 0.585355 0.036963
v 0.015806 0.585355 0.036963
v 0.099974 0.591093 0.170867
v 0.275963 0.593006 0.268427
v -0.464338 0.596832 0.052266
v -0.336172 0.594919 -0.179198
v -0.274959 0.587268 -0.284408
v -0.255829 0.596832 -0.259540
v 0.034935 0.581529 0.077134
v 0.040674 0.585355 0.109654
v 0.143972 0.598745 0.180432
v 0.323787 0.598745 0.293295
v 0.335264 0.602571 0.299033
v 0.331438 0.600658 0.306685
v -0.464338 0.598745 0.048440
v -0.382082 0.600658 0.033137
v -0.353388 0.598745 0.048440
v -0.334259 0.596832 0.159390
v -0.296001 0.594919 -0.295886
v -0.009062 0.587268 0.077134
v 0.027283 0.589181 0.111567
v 0.145885 0.591093 0.094350
v 0.122930 0.591093 0.092438
v 0.161188 0.606397 0.209126
v 0.143972 0.602571 0.205300
v 0.163101 0.591093 0.096263
v 0.165014 0.596832 0.205300
v 0.285528 0.600658 0.285643
v 0.312309 0.600658 0.172780
v 0.310396 0.600658 0.174693
v 0.310396 0.602571 0.167042
v -0.330433 0.602571 0.075221
v -0.318956 0.600658 0.109654
v -0.307478 0.598745 -0.177285
v -0.294088 0.596832 -0.183023
v -0.271133 0.600658 -0.274844
v -0.297914 0.596832 -0.292060
v 0.038761 0.587268 0.077134
v 0.040674 0.585355 0.077134
v 0.101887 0.596832 0.172780
v 0.111452 0.594919 0.088612
v 0.172666 0.594919 0.094350
v 0.300831 0.600658 0.174693
v 0.337177 0.602571 0.304772
v 0.417520 0.608310 0.285643
v -0.426080 0.593006 0.029311
v -0.462425 0.602571 0.040789
v -0.383995 0.589181 -0.213630
v -0.416515 0.606397 0.021659
v -0.334259 0.606397 0.128783
v -0.288349 0.596832 -0.179198
v 0.029196 0.589181 0.077134
v 0.036848 0.589181 0.111567
v 0.174578 0.598745 0.092438
v 0.283615 0.602571 0.172780
v 0.298919 0.606397 0.161303
v 0.411781 0.612136 0.289469
v -0.424167 0.600658 0.040789
v -0.458599 0.602571 0.052266
v 0.011980 0.589181 0.077134
v 0.168840 0.600658 0.088612
v 0.170753 0.602571 0.209126
v 0.423259 0.608310 0.289469
v -0.345737 0.604484 0.149825
v -0.305565 0.600658 -0.171546
v 0.109539 0.598745 0.084786
v 0.161188 0.606397 0.186171
v 0.151623 0.602571 0.084786
v 0.168840 0.606397 0.211039
v 0.254921 0.604484 0.255036
v 0.254921 0.602571 0.251210
v 0.411781 0.615961 0.295207
v 0.423259 0.612136 0.295207
v -0.347650 0.614049 0.073308
v -0.366779 0.612136 0.052266
v -0.359127 0.594919 -0.196414
v -0.341911 0.606397 0.157477
v -0.288349 0.604484 -0.295886
v -0.261568 0.608310 -0.278670
v -0.259655 0.612136 -0.227021
v 0.115278 0.600658 0.084786
v 0.130581 0.602571 0.084786
v 0.260660 0.606397 0.165129
v 0.249183 0.610223 0.159390
v 0.262573 0.610223 0.262688
v 0.258747 0.602571 0.249297
v 0.270225 0.608310 0.255036
v 0.275963 0.610223 0.157477
v 0.295093 0.604484 0.276078
v 0.417520 0.615961 0.297120
v -0.345737 0.608310 0.153651
v -0.336172 0.614049 0.102002
v -0.273046 0.606397 -0.202153
v -0.253916 0.606397 -0.228934
v -0.269220 0.602571 -0.200240
v 0.107626 0.600658 0.147912
v 0.121017 0.600658 0.149825
v -0.387821 0.612136 0.038876
v -0.253916 0.619787 -0.249976
v 0.101887 0.602571 0.147912
v 0.143972 0.604484 0.155564
v 0.142059 0.614049 0.182345
v 0.119104 0.606397 0.178519
v 0.121017 0.600658 0.111567
v 0.109539 0.602571 0.109654
v 0.143972 0.600658 0.115393
v 0.163101 0.602571 0.117306
v 0.249183 0.612136 0.155564
v 0.256834 0.612136 0.153651
v 0.304657 0.612136 0.291382
v -0.456686 0.610223 0.029311
v -0.447122 0.619787 0.017834
v -0.334259 0.600658 -0.183023
v -0.317043 0.604484 -0.177285
v -0.326607 0.612136 0.140261
v 0.289354 0.617874 0.262688
v -0.313217 0.615961 -0.299712
v 0.107626 0.604484 0.107741
v 0.172666 0.608310 0.113480
v 0.170753 0.604484 0.115393
v -0.475816 0.617874 0.061831
v -0.282610 0.615961 -0.286321
v -0.315130 0.615961 -0.297799
v -0.292175 0.606397 -0.179198
v -0.290262 0.606397 -0.177285
v -0.250091 0.614049 -0.253802
v 0.105713 0.608310 0.147912
v -0.477728 0.619787 0.056092
v -0.376344 0.617874 0.033137
v -0.351476 0.619787 0.048440
v -0.305565 0.606397 -0.175372
v 0.161188 0.608310 0.157477
v 0.165014 0.610223 0.111567
v 0.314222 0.615961 0.281817
v 0.325699 0.621700 0.287556
v -0.414602 0.617874 0.029311
v -0.450948 0.615961 0.040789
v -0.406950 0.619787 0.019746
v -0.332346 0.623613 0.075221
v -0.324695 0.623613 0.113480
v -0.257742 0.631265 -0.267192
v 0.111452 0.608310 0.107741
v 0.277876 0.619787 0.272252
v 0.300831 0.615961 0.191910
v 0.312309 0.619787 0.188084
v 0.310396 0.617874 0.189997
v 0.310396 0.623613 0.184258
v 0.321874 0.621700 0.295207
v -0.477728 0.623613 0.048440
v -0.470077 0.623613 0.059918
v -0.255829 0.612136 -0.227021
v -0.269220 0.608310 -0.200240
v 0.126755 0.612136 0.107741
v 0.147798 0.612136 0.109654
v 0.159275 0.615961 0.186171
v 0.168840 0.612136 0.186171
v 0.253008 0.617874 0.237820
v 0.253008 0.614049 0.233994
v 0.256834 0.614049 0.232081
v 0.268312 0.617874 0.235907
v 0.281702 0.615961 0.189997
v 0.258747 0.617874 0.184258
v 0.327612 0.623613 0.291382
v 0.459604 0.602571 0.243559
v 0.467256 0.602571 0.247384
v 0.453865 0.614049 0.264601
v 0.474908 0.604484 0.233994
v 0.467256 0.606397 0.232081
v 0.457691 0.610223 0.245471
v 0.463430 0.610223 0.235907
v 0.448127 0.614049 0.260775
v 0.474908 0.608310 0.239733
v 0.469169 0.608310 0.251210
v -0.336172 0.621700 0.132609
v -0.307478 0.625526 -0.301625
v -0.274959 0.625526 -0.292060
v 0.168840 0.615961 0.157477
v 0.168840 0.612136 0.157477
v 0.260660 0.623613 0.245471
v 0.306570 0.629352 0.268427
v 0.386913 0.604484 0.144086
v 0.367784 0.606397 0.134522
v 0.385000 0.614049 0.113480
v 0.373523 0.606397 0.165129
v 0.390739 0.606397 0.144086
v 0.375436 0.608310 0.165129
v 0.404129 0.610223 0.121131
v 0.478733 0.627439 0.230168
v -0.437557 0.629352 0.012095
v -0.332346 0.623613 0.140261
v 0.121017 0.614049 0.149825
v 0.143972 0.617874 0.153651
v 0.166927 0.614049 0.186171
v 0.247270 0.621700 0.180432
v 0.297006 0.625526 0.180432
v 0.354393 0.606397 0.157477
v 0.362045 0.614049 0.188084
v 0.331438 0.610223 0.147912
v 0.344829 0.610223 0.124957
v 0.341003 0.615961 0.180432
v 0.407955 0.612136 0.123044
v 0.386913 0.612136 0.142174
v 0.471082 0.627439 0.228255
v -0.336172 0.625526 0.136435
v -0.253916 0.625526 -0.272931
v 0.161188 0.617874 0.155564
v 0.287441 0.625526 0.241646
v 0.373523 0.614049 0.163216
v 0.365871 0.617874 0.188084
v 0.428997 0.621700 0.279904
v 0.434736 0.621700 0.283730
v 0.471082 0.614049 0.241646
v 0.463430 0.614049 0.251210
v 0.455778 0.619787 0.268427
v 0.478733 0.629352 0.235907
v -0.473903 0.631265 0.035050
v 0.247270 0.625526 0.178519
v 0.274051 0.627439 0.178519
v 0.321874 0.614049 0.142174
v 0.318048 0.617874 0.168955
v 0.335264 0.614049 0.121131
v 0.360132 0.623613 0.103915
v 0.404129 0.633178 0.094350
v 0.423259 0.627439 0.102002
v 0.446214 0.621700 0.260775
v 0.467256 0.629352 0.232081
v -0.383995 0.623613 0.033137
v -0.362953 0.625526 0.048440
v -0.250091 0.621700 -0.251889
v 0.254921 0.627439 0.176606
v 0.298919 0.631265 0.276078
v 0.402216 0.615961 0.123044
v 0.386913 0.625526 0.119218
v 0.371610 0.617874 0.136435
v 0.427084 0.627439 0.105828
v 0.427084 0.627439 0.279904
v 0.436649 0.625526 0.287556
v -0.345737 0.629352 0.071395
v -0.336172 0.629352 0.105828
v 0.251095 0.627439 0.216778
v 0.254921 0.621700 0.212952
v 0.249183 0.623613 0.214865
v 0.268312 0.623613 0.216778
v 0.308483 0.621700 0.163216
v 0.323787 0.617874 0.142174
v 0.312309 0.625526 0.161303
v 0.337177 0.619787 0.121131
v 0.348655 0.629352 0.102002
v 0.352480 0.629352 0.207213
v 0.358219 0.619787 0.155564
v 0.362045 0.621700 0.184258
v 0.448127 0.627439 0.266514
v 0.471082 0.633178 0.237820
v -0.439470 0.629352 0.025485
v -0.464338 0.635091 0.044615
v -0.299827 0.635091 -0.292060
v -0.330433 0.635091 -0.295886
v -0.330433 0.635091 -0.299712
v -0.267307 0.644655 -0.280582
v 0.281702 0.623613 0.209126
v 0.260660 0.621700 0.205300
v 0.298919 0.625526 0.211039
v 0.318048 0.635091 0.272252
v 0.331438 0.629352 0.197648
v 0.421346 0.633178 0.105828
v 0.406042 0.640829 0.103915
v 0.427084 0.631265 0.285643
v 0.432823 0.631265 0.289469
v -0.477728 0.640829 0.071395
v -0.408863 0.625526 0.023572
v -0.405037 0.625526 0.019746
v -0.376344 0.625526 0.033137
v 0.260660 0.633178 0.220603
v 0.249183 0.623613 0.201474
v 0.285528 0.625526 0.220603
v 0.302744 0.635091 0.247384
v 0.308483 0.629352 0.211039
v 0.306570 0.631265 0.186171
v 0.337177 0.621700 0.147912
v 0.325699 0.629352 0.167042
v 0.358219 0.631265 0.207213
v 0.350567 0.623613 0.126870
v 0.363958 0.635091 0.111567
v -0.481554 0.642742 0.067570
v -0.466251 0.638916 0.019747
v -0.431818 0.633178 0.012095
v -0.353388 0.627439 0.050353
v 0.275963 0.635091 0.251210
v 0.308483 0.637004 0.207213
v 0.312309 0.633178 0.209126
v 0.350567 0.633178 0.103915
v 0.348655 0.627439 0.176606
v -0.334259 0.635091 0.109654
v -0.252004 0.633178 -0.269105
v 0.247270 0.627439 0.201474
v 0.297006 0.633178 0.178519
v 0.314222 0.637004 0.277991
v 0.319961 0.637004 0.276078
v 0.354393 0.635091 0.201474
v -0.481554 0.646568 0.059918
v -0.471990 0.644655 0.067570
v -0.336172 0.633178 0.077134
v -0.328520 0.635091 0.113480
v 0.279789 0.640829 0.224429
v 0.375436 0.644655 0.086699
v -0.433731 0.635091 0.015921
v -0.324695 0.646568 -0.301625
v -0.292175 0.646568 -0.299712
v -0.265394 0.642742 -0.286321
v 0.253008 0.631265 0.201474
v 0.302744 0.633178 0.224429
v 0.272138 0.637004 0.203387
v 0.295093 0.638916 0.205300
v 0.300831 0.637004 0.176606
v 0.316135 0.640829 0.182345
v 0.377348 0.652307 0.098176
v 0.339090 0.638916 0.193823
v 0.417520 0.656133 0.084786
v 0.438562 0.650394 0.090525
v 0.442388 0.648481 0.094350
v 0.469169 0.659959 0.224429
v 0.476820 0.659959 0.228255
v -0.454773 0.646568 0.025485
v -0.456686 0.646568 0.012095
v 0.312309 0.640829 0.251210
v 0.310396 0.638916 0.226342
v 0.323787 0.648481 0.209126
v 0.363958 0.650394 0.084786
v 0.344829 0.650394 0.216778
v 0.465343 0.661872 0.228255
v 0.476820 0.661872 0.233994
v -0.481554 0.654220 0.044615
v 0.295093 0.642742 0.255036
v 0.295093 0.648481 0.197648
v 0.352480 0.652307 0.216778
v -0.452860 0.650394 0.010182
v -0.263481 0.648481 -0.284408
v 0.285528 0.650394 0.188084
v 0.312309 0.642742 0.226342
v 0.363958 0.654220 0.090525
v 0.436649 0.652307 0.098176
v 0.469169 0.665697 0.235907
v -0.468164 0.656133 0.050353
v -0.450948 0.650394 0.015921
v -0.345737 0.650394 -0.290147
v -0.347650 0.652307 -0.292060
v -0.315130 0.654220 -0.292060
v -0.282610 0.661872 -0.290147
v 0.235792 0.635091 0.088612
v 0.251095 0.635091 0.096263
v 0.222402 0.637004 0.113480
v 0.199446 0.638916 0.102002
v 0.212837 0.638916 0.077134
v 0.247270 0.638916 0.065657
v 0.260660 0.638916 0.073308
v 0.239618 0.638916 0.121131
v 0.253008 0.638916 0.100089
v 0.264486 0.640829 0.077134
v 0.298919 0.644655 0.226342
v 0.314222 0.644655 0.253123
v 0.348655 0.654220 0.211039
v 0.209011 0.644655 0.138348
v 0.186056 0.644655 0.126870
v 0.289354 0.654220 0.186171
v 0.306570 0.656133 0.189997
v 0.308483 0.644655 0.226342
v 0.310396 0.646568 0.255036
v -0.477728 0.661872 0.027398
v 0.182230 0.642742 0.092438
v 0.170753 0.646568 0.117306
v 0.195621 0.644655 0.069483
v 0.224315 0.646568 0.058005
v 0.243444 0.642742 0.123044
v 0.228140 0.648481 0.145999
v 0.235792 0.658046 0.042702
v 0.272138 0.650394 0.054179
v 0.258747 0.652307 0.048440
v 0.258747 0.646568 0.077134
v 0.249182 0.642742 0.098176
v 0.275963 0.650394 0.059918
v 0.333351 0.656133 0.201474
v -0.473903 0.661872 0.082873
v 0.268312 0.654220 0.061831
v 0.419433 0.659959 0.096263
v -0.477728 0.663785 0.080960
v -0.282610 0.661872 -0.295886
v 0.165014 0.650394 0.111567
v 0.178404 0.646568 0.090525
v 0.239618 0.646568 0.121131
v 0.231966 0.652307 0.145999
v 0.243444 0.652307 0.073308
v 0.233879 0.648481 0.092438
v -0.470077 0.665697 0.077134
v 0.176491 0.658046 0.142174
v 0.161188 0.658046 0.132609
v 0.189882 0.648481 0.069483
v 0.207098 0.652307 0.052266
v 0.199446 0.659959 0.155564
v 0.388826 0.667610 0.077134
v -0.481554 0.669523 0.071395
v -0.471990 0.667610 0.017834
v -0.466251 0.665697 0.029311
v -0.343824 0.663785 -0.293973
v -0.311304 0.665697 -0.301625
v 0.155449 0.659959 0.124957
v 0.170753 0.654220 0.111567
v 0.182230 0.650394 0.092438
v 0.216663 0.665697 0.040789
v 0.222402 0.650394 0.113480
v 0.212837 0.658046 0.132609
v 0.228140 0.656133 0.142174
v 0.253008 0.659959 0.059918
v -0.278784 0.667610 -0.293973
v 0.193708 0.652307 0.073308
v 0.201359 0.658046 0.054179
v 0.216663 0.663785 0.163216
v 0.199446 0.652307 0.100089
v 0.210924 0.652307 0.080960
v 0.220489 0.658046 0.065657
v 0.316135 0.671436 0.212952
v 0.285528 0.669523 0.201474
v 0.448127 0.669523 0.092438
v 0.451952 0.667610 0.096263
v -0.468164 0.671436 0.015921
v -0.464338 0.671436 0.019747
v -0.330433 0.671436 -0.288234
v -0.359127 0.665697 -0.278670
v 0.161188 0.663785 0.123044
v 0.187969 0.658046 0.119219
v 0.283615 0.667610 0.044614
v 0.285528 0.667610 0.050353
v 0.279789 0.669523 0.052266
v 0.275963 0.671436 0.191910
v 0.339090 0.673349 0.220603
v 0.377348 0.673349 0.077134
v -0.362953 0.667610 -0.280582
v 0.105713 0.652307 0.046527
v 0.111452 0.652307 0.023572
v 0.126755 0.654220 0.027398
v 0.119104 0.654220 0.050353
v 0.098062 0.659959 0.071395
v 0.082758 0.656133 0.040789
v 0.075106 0.661872 0.063744
v 0.088497 0.658046 0.017834
v 0.099974 0.669523 -0.003209
v 0.121017 0.663785 0.000617
v 0.205185 0.659959 0.058005
v 0.222402 0.667610 0.163216
v 0.230053 0.667610 0.054179
v 0.247270 0.679088 0.035050
v 0.270225 0.671436 0.038876
v 0.346742 0.675262 0.218690
v 0.390739 0.671436 0.090525
v 0.377348 0.675262 0.082873
v 0.446214 0.669523 0.100089
v -0.483467 0.677175 0.056092
v -0.297914 0.681001 -0.293973
v 0.128668 0.658046 0.029311
v 0.119104 0.659959 0.052266
v 0.109539 0.663785 0.075221
v 0.134407 0.661872 0.006356
v 0.138233 0.663785 0.010182
v 0.262573 0.675262 0.052266
v 0.281702 0.673349 0.188084
v 0.298919 0.675262 0.191910
v 0.342916 0.675262 0.212952
v -0.470077 0.675262 0.058005
v 0.059803 0.661872 0.033137
v 0.205185 0.671436 0.145999
v 0.218576 0.669523 0.157477
v 0.327612 0.677175 0.205300
v 0.428997 0.677175 0.084786
v 0.069368 0.665697 0.012095
v 0.078932 0.677175 -0.005122
v 0.121017 0.663785 0.031224
v 0.132494 0.669523 0.012095
v 0.166927 0.679088 0.149825
v 0.151623 0.677175 0.138348
v 0.180317 0.667610 0.130696
v 0.210924 0.669523 0.042702
v 0.214750 0.671436 0.048440
v 0.228140 0.684827 0.035050
v 0.086584 0.677175 0.096263
v 0.111452 0.663785 0.052266
v 0.109539 0.667610 0.075221
v 0.147798 0.679088 0.128783
v 0.189882 0.682914 0.161303
v 0.239618 0.682914 0.048440
v 0.428997 0.677175 0.098176
v 0.463430 0.690565 0.216778
v 0.471082 0.690565 0.218690
v -0.483467 0.684827 0.036963
v -0.466251 0.681001 0.094351
v -0.299827 0.681001 -0.299712
v 0.050238 0.663785 0.056092
v 0.048326 0.665697 0.031224
v 0.057890 0.671436 0.010182
v 0.063629 0.675262 0.086699
v 0.145885 0.679088 -0.008947
v 0.147798 0.679088 -0.003209
v 0.459604 0.692478 0.220603
v 0.471082 0.692478 0.224429
v -0.470077 0.684827 0.092438
v -0.359127 0.679088 -0.282495
v -0.330433 0.684827 -0.295886
v 0.038761 0.667610 0.052266
v 0.038761 0.673349 0.077134
v 0.096149 0.681001 0.098176
v 0.103800 0.669523 0.027398
v 0.094236 0.669523 0.046527
v 0.101887 0.671436 0.073308
v 0.132494 0.682914 -0.012773
v 0.115278 0.675262 0.010182
v 0.142059 0.682914 -0.001296
v 0.155449 0.681001 0.128783
v 0.209011 0.686740 0.168955
v -0.464338 0.684827 0.086699
v -0.471990 0.686740 0.036963
v -0.343824 0.684827 -0.278670
v -0.368692 0.677175 -0.263366
v 0.048326 0.669523 0.031224
v 0.057890 0.675262 0.014008
v 0.461517 0.696304 0.226342
v -0.481554 0.690565 0.025485
v -0.372518 0.679088 -0.263366
v -0.296001 0.684827 -0.297799
v -0.020540 0.667610 -0.031902
v -0.032017 0.669523 -0.008947
v -0.045408 0.671436 -0.039554
v -0.009062 0.669523 -0.028077
v -0.033930 0.675262 -0.058683
v -0.010975 0.671436 -0.052945
v 0.036848 0.671436 0.052266
v 0.027283 0.675262 0.071395
v 0.096149 0.684827 0.096263
v 0.174578 0.684827 0.136435
v 0.214750 0.690565 0.168955
v 0.224315 0.686740 0.042702
v 0.281702 0.694391 0.038876
v 0.297006 0.688653 0.048440
v 0.295093 0.690565 0.042702
v 0.289354 0.690565 0.052266
v 0.400303 0.688653 0.079047
v 0.455778 0.688653 0.100089
v 0.461517 0.684827 0.105828
v -0.473903 0.690565 0.082873
v -0.020540 0.673349 -0.005122
v -0.056885 0.671436 -0.018512
v -0.043495 0.679088 0.017834
v -0.066450 0.677175 0.008269
v -0.001410 0.673349 -0.047206
v -0.001410 0.677175 -0.045293
v -0.009062 0.675262 -0.026164
v 0.046413 0.675262 0.054179
v 0.055977 0.673349 0.035050
v 0.078932 0.675262 0.021659
v 0.069368 0.673349 0.038876
v 0.084671 0.675262 0.067570
v 0.111452 0.690565 -0.016599
v 0.090410 0.682914 0.006356
v 0.126755 0.690565 -0.001296
v 0.222402 0.688653 0.036963
v 0.212837 0.690565 0.163216
v 0.274051 0.694391 0.052266
v 0.310396 0.696304 0.211039
v 0.279789 0.694391 0.199561
v 0.453865 0.686740 0.107741
v 0.438562 0.696304 0.094350
v -0.475816 0.692478 0.023572
v -0.473903 0.692478 0.027398
v -0.315130 0.696304 -0.292060
v -0.079840 0.675262 -0.028077
v -0.068363 0.675262 -0.047206
v -0.091318 0.679088 -0.003209
v -0.056885 0.681001 -0.066335
v -0.003323 0.682914 -0.068248
v 0.006241 0.682914 -0.062509
v 0.027283 0.679088 0.069483
v 0.034935 0.682914 0.069483
v 0.069368 0.682914 -0.005122
v 0.090410 0.686740 0.092438
v 0.199446 0.688653 0.151738
v 0.258747 0.702043 0.035050
v 0.272138 0.694391 0.188084
v 0.400303 0.688653 0.092438
v 0.386913 0.692478 0.084786
v -0.020540 0.677175 -0.005122
v -0.032017 0.682914 0.019746
v 0.050238 0.694391 0.100089
v 0.027283 0.690565 0.090525
v 0.065542 0.677175 0.015921
v 0.059803 0.677175 0.058005
v 0.275963 0.696304 0.186171
v 0.295093 0.696304 0.189997
v 0.335264 0.700130 0.216778
v 0.388826 0.692478 0.079047
v -0.466251 0.694391 0.067570
v -0.414602 0.675262 -0.041467
v -0.389734 0.675262 -0.028077
v -0.391647 0.679088 -0.026164
v -0.410776 0.677175 -0.047206
v -0.414602 0.681001 -0.039554
v -0.441383 0.682914 -0.049119
v -0.385908 0.679088 -0.031902
v -0.366779 0.677175 -0.008947
v -0.370605 0.682914 -0.007034
v -0.098970 0.681001 -0.008947
v -0.087492 0.679088 -0.031902
v -0.076015 0.681001 -0.051032
v -0.022453 0.686740 -0.075900
v -0.010975 0.682914 -0.045293
v -0.018627 0.679088 -0.028077
v 0.017719 0.690565 0.082873
v 0.048326 0.684827 0.073308
v 0.067455 0.684827 -0.003209
v 0.075106 0.686740 0.002530
v 0.073194 0.686740 0.084786
v 0.101887 0.698217 -0.005122
v 0.251095 0.702043 0.048440
v 0.323787 0.698217 0.201474
v 0.339090 0.700130 0.209126
v 0.342916 0.700130 0.214865
v -0.477728 0.700130 0.067570
v -0.439470 0.682914 -0.056770
v -0.405037 0.692478 -0.056770
v -0.382082 0.694391 -0.039554
v -0.355301 0.696304 -0.265279
v -0.372518 0.686740 -0.242324
v -0.364866 0.682914 -0.012773
v -0.349563 0.684827 0.014008
v -0.355301 0.688653 0.014008
v -0.077927 0.692478 0.027398
v -0.102795 0.690565 0.015921
v -0.030104 0.681001 -0.008947
v -0.033930 0.686740 0.017834
v 0.006241 0.686740 -0.058683
v 0.092323 0.698217 -0.018512
v 0.073194 0.700130 0.109654
v 0.159275 0.703956 0.147912
v 0.143972 0.702043 0.136435
v 0.436649 0.692478 0.107741
v -0.372518 0.698217 -0.014686
v -0.391647 0.694391 -0.033815
v -0.376344 0.690565 -0.242324
v -0.370605 0.690565 -0.265279
v -0.347650 0.698217 -0.286321
v -0.110447 0.692478 0.008269
v -0.098970 0.686740 -0.010860
v -0.085579 0.682914 -0.031902
v -0.054972 0.696304 0.036963
v -0.032017 0.688653 -0.051032
v -0.041582 0.684827 -0.035728
v 0.015806 0.692478 0.079047
v 0.157362 0.702043 -0.012773
v 0.159275 0.702043 -0.008947
v 0.142059 0.702043 0.128783
v 0.182230 0.709695 0.159390
v 0.239618 0.707782 0.035050
v -0.452860 0.698217 0.102002
v -0.439470 0.686740 -0.049119
v -0.412689 0.696304 -0.049119
v -0.318956 0.698217 -0.295886
v -0.108534 0.696304 0.004443
v -0.076015 0.684827 -0.051032
v -0.066450 0.686740 -0.068248
v -0.045408 0.694391 -0.081638
v -0.053059 0.684827 -0.018512
v -0.041582 0.688653 0.012095
v 0.082758 0.703956 0.111567
v 0.149710 0.703956 0.126870
v -0.462425 0.696304 -0.052945
v -0.433731 0.694391 -0.070161
v -0.460512 0.698217 -0.058683
v -0.359127 0.703956 0.008269
v -0.347650 0.692478 0.010182
v -0.362953 0.702043 -0.018512
v -0.087492 0.690565 -0.007034
v -0.076015 0.686740 -0.028077
v -0.045408 0.700130 0.038876
v -0.003323 0.690565 -0.058683
v 0.006241 0.700130 -0.079726
v 0.015806 0.700130 -0.073987
v 0.023458 0.696304 0.079047
v 0.036848 0.700130 0.082873
v 0.080845 0.702043 -0.016599
v 0.086584 0.703956 -0.008947
v 0.143972 0.707782 -0.018512
v 0.153536 0.703956 -0.005122
v 0.235792 0.707782 0.042702
v -0.481554 0.709695 0.048440
v -0.456686 0.702043 0.102002
v -0.452860 0.700130 0.094351
v -0.341911 0.696304 0.038876
v -0.347650 0.698217 0.036963
v -0.330433 0.709695 -0.284408
v -0.313217 0.702043 -0.293973
v -0.064537 0.686740 -0.045293
v -0.066450 0.690565 -0.066335
v -0.064537 0.690565 0.002530
v -0.054972 0.692478 -0.060596
v 0.061716 0.703956 0.094350
v 0.080845 0.703956 -0.012773
v 0.082758 0.705869 0.107741
v 0.168840 0.707782 0.134522
v 0.233879 0.709695 0.038876
v 0.463430 0.703956 0.113480
v 0.467256 0.700130 0.119218
v -0.470077 0.705869 0.046527
v -0.435644 0.702043 -0.058683
v -0.460512 0.702043 -0.051032
v -0.368692 0.694391 -0.221282
v -0.359127 0.705869 -0.248063
v -0.098970 0.700130 0.006356
v -0.054972 0.700130 -0.083551
v -0.045408 0.703956 0.035050
v -0.012888 0.705869 -0.087377
v 0.013893 0.702043 -0.070161
v 0.077019 0.705869 0.102002
v 0.201359 0.715433 0.167042
v 0.459604 0.702043 0.121131
v -0.353388 0.711608 0.029311
v -0.156357 0.688653 -0.098855
v -0.146793 0.690565 -0.095029
v -0.169748 0.692478 -0.075900
v -0.144880 0.690565 -0.119897
v -0.179312 0.692478 -0.108419
v -0.167835 0.692478 -0.127549
v -0.053059 0.703956 0.027398
v -0.024366 0.698217 -0.064422
v 0.193708 0.713521 0.147912
v 0.207098 0.717346 0.159390
v 0.306570 0.711608 0.056092
v 0.298919 0.711608 0.058005
v 0.407955 0.707782 0.088612
v 0.407955 0.703956 0.102002
v 0.394565 0.709695 0.094350
v 0.444301 0.713521 0.107741
v -0.479641 0.713521 0.036963
v -0.460512 0.707782 0.094351
v -0.372518 0.696304 -0.219369
v -0.374431 0.700130 -0.246150
v -0.361040 0.711608 -0.271018
v -0.303652 0.690565 -0.173459
v -0.297914 0.690565 -0.192588
v -0.294088 0.690565 -0.190675
v -0.297914 0.692478 -0.171546
v -0.307478 0.698217 -0.165807
v -0.313217 0.696304 -0.167720
v -0.318956 0.698217 -0.177285
v -0.296001 0.696304 -0.223195
v -0.292175 0.696304 -0.221282
v -0.315130 0.698217 -0.196414
v -0.299827 0.696304 -0.192588
v -0.301740 0.698217 -0.173459
v -0.135315 0.692478 -0.114158
v -0.144880 0.694391 -0.093116
v -0.160183 0.694391 -0.072074
v -0.156357 0.700130 -0.144765
v -0.133402 0.698217 -0.137113
v -0.089405 0.717346 0.036963
v -0.112360 0.713521 0.023572
v -0.076015 0.703956 0.015921
v -0.056885 0.703956 -0.079726
v 0.004328 0.705869 -0.068248
v 0.017719 0.711608 0.096263
v 0.008154 0.711608 0.088612
v 0.122930 0.715433 -0.022338
v 0.136320 0.709695 -0.005122
v 0.209011 0.717346 0.165129
v 0.281702 0.715433 0.058005
v 0.293180 0.717346 0.046527
v 0.304657 0.713521 0.050353
v 0.448127 0.709695 0.209126
v 0.457691 0.707782 0.207213
v 0.465343 0.709695 0.214865
v -0.473903 0.711608 0.036963
v -0.477728 0.715433 0.035050
v -0.399299 0.709695 -0.068248
v -0.378256 0.713521 -0.049119
v -0.347650 0.709695 0.004443
v -0.339998 0.703956 0.035050
v -0.192703 0.694391 -0.087377
v -0.202267 0.696304 -0.119897
v -0.190790 0.696304 -0.137113
v -0.185051 0.705869 -0.051032
v -0.206093 0.703956 -0.062509
v -0.179312 0.703956 -0.154330
v -0.133402 0.696304 -0.112245
v -0.123838 0.700130 -0.131374
v -0.121925 0.713521 0.015921
v -0.045408 0.703956 -0.073987
v 0.006241 0.711608 0.082873
v 0.396478 0.711608 0.090525
v 0.442388 0.707782 0.119218
v 0.413694 0.717346 0.115393
v 0.444301 0.711608 0.216778
v 0.463430 0.711608 0.222516
v -0.456686 0.711608 0.075221
v -0.456686 0.707782 -0.073987
v -0.426080 0.711608 -0.083551
v -0.370605 0.721172 -0.026164
v -0.385908 0.717346 -0.047206
v -0.355301 0.698217 -0.200240
v -0.357214 0.713521 -0.227021
v -0.349563 0.711608 -0.205978
v -0.215658 0.698217 -0.098855
v -0.229048 0.703956 -0.073987
v -0.158270 0.698217 -0.072074
v -0.173574 0.707782 -0.047206
v -0.142967 0.702043 -0.114158
v -0.154444 0.700130 -0.096942
v -0.033930 0.713521 -0.093116
v 0.040674 0.719259 0.105828
v 0.281702 0.719259 0.195735
v 0.272138 0.719259 0.184258
v 0.258747 0.723085 0.054179
v 0.270225 0.724998 0.044614
v -0.475816 0.715433 -0.049119
v -0.405037 0.715433 -0.064422
v -0.359127 0.700130 -0.196414
v -0.370605 0.707782 -0.221282
v -0.341911 0.723085 -0.271018
v -0.343824 0.707782 0.061831
v -0.349563 0.707782 0.059918
v -0.313217 0.703956 -0.163894
v -0.336172 0.700130 -0.177285
v -0.297914 0.702043 -0.221282
v -0.317043 0.705869 -0.196414
v -0.317043 0.707782 -0.179198
v -0.315130 0.703956 -0.227021
v -0.288349 0.705869 -0.248063
v -0.284523 0.705869 -0.246150
v -0.211832 0.700130 -0.121810
v -0.200355 0.702043 -0.140939
v -0.123838 0.703956 -0.127549
v -0.120012 0.715433 0.012095
v -0.066450 0.723085 0.044615
v 0.013893 0.715433 0.080960
v 0.027283 0.719259 0.084786
v 0.277876 0.717346 0.182345
v 0.293180 0.717346 0.184258
v 0.321874 0.719259 0.191910
v 0.310396 0.721172 0.203387
v 0.415607 0.723085 0.103915
v 0.451952 0.717346 0.222516
v -0.475816 0.719259 -0.054857
v -0.435644 0.709695 0.107741
v -0.359127 0.728824 -0.003209
v -0.336172 0.700130 -0.183023
v -0.334259 0.703956 -0.186849
v -0.336172 0.713521 -0.288234
v -0.336172 0.707782 -0.202153
v -0.305565 0.705869 -0.167720
v -0.299827 0.715433 -0.163894
v -0.223310 0.702043 -0.102681
v -0.236700 0.707782 -0.079726
v -0.165922 0.703956 -0.077813
v -0.173574 0.711608 -0.051032
v -0.144880 0.715433 -0.160068
v -0.123838 0.713521 -0.150504
v -0.014801 0.713521 -0.073987
v 0.103800 0.723085 -0.024251
v 0.113365 0.719259 -0.008947
v 0.337177 0.721172 0.197648
v -0.466251 0.719259 0.077134
v -0.435644 0.713521 0.100089
v -0.364866 0.721172 -0.249976
v -0.357214 0.711608 -0.190675
v -0.334259 0.709695 -0.173459
v -0.209919 0.705869 -0.121810
v -0.165922 0.705869 -0.123723
v -0.175487 0.705869 -0.108419
v -0.114273 0.715433 -0.144765
v -0.108534 0.719259 0.012095
v -0.085579 0.723085 0.021659
v -0.043495 0.719259 -0.093116
v -0.054972 0.726911 0.044615
v 0.015806 0.723085 -0.085464
v 0.023458 0.721172 -0.079726
v 0.052151 0.724998 0.094350
v 0.061716 0.724998 0.111567
v 0.333351 0.723085 0.205300
v 0.341003 0.723085 0.201474
v 0.469169 0.717346 0.130696
v 0.472995 0.713521 0.134522
v -0.454773 0.715433 -0.062509
v -0.471990 0.721172 -0.049119
v -0.437557 0.713521 0.107741
v -0.429905 0.719259 -0.075900
v -0.361040 0.721172 -0.028077
v -0.330433 0.717346 -0.286321
v -0.290262 0.711608 -0.246150
v -0.315130 0.711608 -0.227021
v -0.221397 0.705869 -0.102681
v -0.198442 0.707782 -0.139026
v -0.188877 0.709695 -0.156242
v -0.133402 0.709695 -0.129462
v 0.021545 0.723085 -0.075900
v 0.092323 0.726911 -0.018512
v 0.094236 0.726911 -0.022338
v 0.138233 0.726911 0.130696
v 0.138233 0.724998 0.123044
v 0.151623 0.730737 0.140261
v 0.166927 0.726911 -0.007034
v 0.168840 0.724998 -0.003209
v 0.245357 0.728824 0.050353
v 0.251095 0.730737 0.042702
v 0.465343 0.713521 0.136435
v 0.446214 0.719259 0.134522
v -0.355301 0.736476 0.017834
v -0.341911 0.721172 0.025485
v -0.341911 0.715433 0.058005
v -0.332346 0.711608 -0.230846
v -0.305565 0.713521 -0.251889
v -0.305565 0.721172 -0.161981
v -0.240526 0.719259 -0.054858
v -0.248178 0.721172 -0.062509
v -0.219484 0.721172 -0.043380
v -0.167835 0.721172 -0.167720
v -0.188877 0.707782 -0.089290
v -0.181225 0.713521 -0.056770
v -0.116186 0.717346 -0.140939
v -0.062624 0.726911 0.033137
v -0.045408 0.721172 -0.089290
v -0.054972 0.728824 0.040789
v -0.035843 0.719259 -0.083551
v 0.067455 0.728824 0.103915
v 0.098062 0.724998 -0.012773
v 0.073194 0.728824 0.111567
v 0.145885 0.726911 0.121131
v 0.161188 0.724998 -0.001296
v 0.174578 0.736476 0.149825
v 0.402216 0.724998 0.109654
v 0.451952 0.724998 0.124957
v -0.462425 0.724998 0.056092
v -0.347650 0.732650 -0.253802
v -0.336172 0.713521 -0.204066
v -0.334259 0.717346 -0.188762
v -0.317043 0.715433 -0.175372
v -0.297914 0.724998 -0.167720
v -0.292175 0.723085 -0.269105
v -0.274959 0.715433 -0.265279
v -0.271133 0.711608 -0.259540
v -0.234787 0.711608 -0.081638
v -0.211832 0.707782 -0.098855
v -0.225223 0.713521 -0.079726
v -0.200355 0.707782 -0.117984
v -0.198442 0.724998 -0.033815
v -0.188877 0.709695 -0.133287
v -0.156357 0.713521 -0.139026
v -0.001411 0.728824 -0.093116
v 0.011980 0.724998 -0.073987
v 0.073194 0.728824 0.107741
v -0.443296 0.723085 0.102002
v -0.471990 0.726911 -0.070161
v -0.449035 0.721172 -0.089290
v -0.361040 0.728824 -0.225108
v -0.361040 0.717346 0.079047
v -0.355301 0.721172 0.050353
v -0.357214 0.717346 0.080960
v -0.202267 0.715433 -0.068248
v -0.188877 0.715433 -0.154330
v -0.188877 0.728824 -0.031902
v 0.155449 0.732650 -0.012773
v 0.163101 0.730737 0.128783
v 0.189882 0.736476 0.138348
v 0.243444 0.730737 0.046527
v 0.419433 0.726911 0.130696
v 0.444301 0.717346 0.197648
v 0.463430 0.715433 0.207213
v -0.471990 0.730737 0.059918
v -0.414602 0.719259 0.107741
v -0.397386 0.721172 -0.072074
v -0.376344 0.724998 -0.054858
v -0.349563 0.730737 -0.005122
v -0.326607 0.728824 -0.171546
v -0.349563 0.732650 -0.192588
v -0.177399 0.724998 -0.169633
v -0.179312 0.715433 -0.148591
v -0.125751 0.723085 -0.140939
v 0.145885 0.730737 -0.001296
v 0.404129 0.726911 0.105828
v 0.425172 0.721172 0.199561
v 0.425171 0.719259 0.193823
v 0.469169 0.715433 0.216778
v -0.466251 0.730737 0.048440
v -0.441383 0.724998 0.082873
v -0.422254 0.721172 -0.089290
v -0.349563 0.724998 -0.272931
v -0.345737 0.719259 -0.205978
v -0.338085 0.715433 -0.230846
v -0.334259 0.715433 -0.228934
v -0.322782 0.719259 -0.255715
v -0.305565 0.719259 -0.249976
v -0.267307 0.721172 -0.257627
v -0.292175 0.730737 -0.265279
v -0.257742 0.723085 -0.271018
v -0.246265 0.723085 -0.066335
v -0.236700 0.726911 -0.064422
v -0.186964 0.730737 -0.035728
v 0.000502 0.734563 0.086699
v 0.000502 0.734563 0.080960
v 0.010067 0.736476 0.094351
v 0.306570 0.728824 0.069483
v 0.289354 0.732650 0.069483
v 0.314222 0.730737 0.067570
v 0.440475 0.726911 0.207213
v 0.467256 0.717346 0.224429
v -0.471990 0.734563 0.048440
v -0.468164 0.734563 0.046527
v -0.416515 0.723085 0.109654
v -0.416515 0.721172 0.100089
v -0.345737 0.740301 -0.234672
v -0.309391 0.730737 -0.272931
v -0.215658 0.730737 -0.054858
v -0.194616 0.730737 -0.043380
v -0.148706 0.726911 -0.148591
v -0.133402 0.738389 -0.167720
v -0.114273 0.734563 -0.158155
v -0.120012 0.740301 0.023572
v -0.127663 0.738389 0.015921
v -0.022453 0.736476 -0.098855
v -0.007149 0.732650 -0.077813
v 0.201359 0.742214 0.147912
v 0.300831 0.738389 0.059918
v 0.312309 0.732650 0.063744
v 0.423259 0.734563 0.123044
v 0.469169 0.721172 0.155564
v 0.451952 0.724998 0.153651
v 0.474908 0.724998 0.149825
v 0.476820 0.721172 0.153651
v -0.481554 0.738389 -0.041467
v -0.449035 0.730737 -0.081638
v -0.468164 0.732650 -0.060596
v -0.382082 0.726911 -0.052945
v -0.399299 0.724998 -0.072074
v -0.341911 0.715433 -0.133287
v -0.338085 0.715433 -0.137113
v -0.336172 0.719259 -0.133287
v -0.361040 0.719259 -0.148591
v -0.341911 0.721172 -0.129462
v -0.345737 0.734563 0.046527
v -0.355301 0.726911 0.077134
v -0.322782 0.724998 -0.253802
v -0.326608 0.723085 -0.255715
v -0.357214 0.719259 -0.154330
v -0.336172 0.721172 -0.139026
v -0.313217 0.736476 -0.177285
v -0.290262 0.736476 -0.163894
v -0.261568 0.728824 -0.276757
v -0.177399 0.728824 -0.165807
v -0.169748 0.730737 -0.160068
v -0.127663 0.740301 0.012095
v -0.106621 0.734563 -0.150504
v 0.006241 0.736476 0.079047
v 0.134407 0.740301 -0.014686
v 0.193708 0.742214 0.155564
v 0.266399 0.740301 0.067570
v 0.461517 0.721172 0.199561
v 0.478733 0.717346 0.212952
v 0.482559 0.717346 0.218690
v -0.366779 0.732650 -0.031902
v -0.376344 0.724998 0.096263
v -0.380169 0.724998 0.092438
v -0.366779 0.730737 0.067570
v -0.374431 0.732650 0.094351
v -0.328520 0.738389 -0.190675
v -0.341911 0.728824 -0.272931
v -0.108534 0.736476 -0.146678
v -0.095144 0.746040 0.035050
v 0.203272 0.744127 0.153651
v 0.277876 0.734563 0.174693
v 0.293180 0.734563 0.174693
v 0.277876 0.746040 0.058005
v 0.319961 0.734563 0.178519
v 0.407955 0.734563 0.126870
v 0.434736 0.724998 0.186171
v 0.463430 0.726911 0.212952
v 0.459604 0.732650 0.145999
v 0.480646 0.721172 0.195735
v 0.488298 0.721172 0.199561
v 0.480646 0.724998 0.209126
v -0.483467 0.742214 -0.049119
v -0.449035 0.734563 0.084786
v -0.424167 0.726911 -0.087377
v -0.395473 0.723085 0.103915
v -0.361040 0.726911 -0.146678
v -0.378256 0.732650 -0.154330
v -0.357214 0.726911 -0.156242
v -0.376344 0.734563 -0.160068
v -0.338085 0.747953 -0.211717
v -0.338085 0.724998 -0.135200
v -0.309391 0.736476 -0.269105
v -0.250091 0.742214 -0.047206
v -0.116186 0.742214 0.012095
v -0.032017 0.742214 -0.098855
v -0.026279 0.740301 -0.087377
v 0.021545 0.738389 0.082873
v 0.046413 0.744127 0.090525
v 0.033022 0.744127 0.102002
v 0.122930 0.738389 -0.003209
v 0.283615 0.740301 0.184258
v 0.274051 0.736476 0.176606
v 0.335264 0.736476 0.182345
v 0.417520 0.732650 0.178519
v 0.419433 0.728824 0.176606
v 0.425171 0.732650 0.149825
v -0.477728 0.742214 -0.041467
v -0.468164 0.738389 -0.087377
v -0.445209 0.730737 -0.096942
v -0.422254 0.734563 0.084786
v -0.397386 0.726911 0.098176
v -0.357214 0.740301 -0.010860
v -0.355301 0.736476 -0.253802
v -0.362953 0.732650 -0.033815
v -0.359127 0.746040 0.036963
v -0.345737 0.742214 0.015921
v -0.297914 0.740301 -0.161981
v -0.263481 0.724998 -0.261453
v -0.255829 0.732650 -0.246150
v -0.259655 0.732650 -0.242324
v -0.259655 0.746040 -0.261453
v -0.269220 0.747953 -0.271018
v -0.257742 0.742214 -0.054858
v -0.229048 0.746040 -0.037641
v -0.154444 0.744127 -0.175372
v -0.033930 0.742214 -0.093116
v 0.031109 0.744127 -0.079726
v 0.027283 0.744127 -0.075900
v 0.312309 0.742214 0.189997
v 0.339090 0.738389 0.184258
v 0.430910 0.736476 0.182345
v 0.459604 0.724998 0.186171
v 0.476820 0.723085 0.176606
v 0.457691 0.726911 0.170867
v 0.480646 0.728824 0.172780
v 0.484472 0.724998 0.176606
v 0.486385 0.726911 0.193823
v -0.420341 0.732650 0.103915
v -0.395473 0.728824 0.105828
v -0.315130 0.736476 -0.272931
v -0.278784 0.738389 -0.280582
v -0.242439 0.751779 -0.278670
v -0.250091 0.751779 -0.274844
v -0.255829 0.742214 -0.058683
v -0.118099 0.740301 -0.146678
v -0.091318 0.746040 0.021659
v -0.068363 0.751779 0.029311
v -0.072189 0.751779 0.042702
v 0.023458 0.747953 -0.085464
v 0.115278 0.747953 -0.016599
v 0.333351 0.740301 0.188084
v 0.409868 0.736476 0.123044
v -0.447122 0.740301 0.063744
v -0.383995 0.738389 0.079047
v -0.359127 0.730737 -0.152417
v -0.290262 0.742214 -0.169633
v -0.208006 0.749866 -0.029990
v -0.165922 0.747953 -0.175372
v 0.019632 0.746040 -0.073987
v 0.061716 0.747953 0.098176
v 0.055977 0.749866 0.107741
v 0.109539 0.744127 -0.007034
v 0.136320 0.747953 0.119219
v 0.134407 0.746040 0.113480
v 0.168840 0.744127 0.008269
v 0.153536 0.747953 0.008269
v 0.174578 0.746040 0.006356
v 0.258747 0.749866 0.058005
v 0.430910 0.730737 0.170867
v 0.430910 0.740301 0.142174
v 0.428997 0.732650 0.161303
v 0.465343 0.736476 0.167042
v 0.471082 0.734563 0.186171
v -0.483467 0.749866 -0.064422
v -0.445209 0.736476 -0.095029
v -0.403124 0.740301 0.084786
v -0.376344 0.738389 -0.150504
v -0.372518 0.740301 -0.161981
v -0.357214 0.744127 0.065657
v -0.246265 0.746040 -0.058683
v -0.225223 0.749866 -0.051032
v -0.139141 0.746040 -0.154330
v -0.160183 0.749866 -0.163894
v -0.060711 0.753692 0.036963
v -0.062624 0.753692 0.040789
v 0.103800 0.747953 -0.010860
v 0.105713 0.749866 -0.014686
v 0.147798 0.751779 0.128783
v 0.142059 0.746040 0.111567
v 0.159275 0.749866 0.117306
v 0.174578 0.747953 0.004443
v 0.413694 0.738389 0.145999
v 0.453865 0.736476 0.186171
v -0.397386 0.738389 0.100089
v -0.353388 0.744127 -0.228934
v -0.347650 0.740301 -0.253802
v -0.318956 0.747953 -0.173459
v -0.339998 0.749866 -0.194501
v -0.246265 0.755605 -0.282495
v -0.196529 0.751779 -0.028077
v -0.165922 0.749866 -0.171546
v 0.008154 0.753692 -0.091203
v 0.067455 0.751779 0.103915
v 0.065542 0.751779 0.105828
v 0.254921 0.746040 0.063744
v 0.312309 0.742214 0.084786
v 0.295093 0.744127 0.084786
v 0.417520 0.734563 0.161303
v -0.454773 0.747953 0.067570
v -0.450948 0.747953 0.056092
v -0.464338 0.746040 -0.081638
v -0.466251 0.746040 -0.096942
v -0.370605 0.753692 0.052266
v -0.372518 0.742214 -0.156242
v -0.353388 0.740301 -0.010860
v -0.297914 0.747953 -0.280582
v -0.296001 0.757518 -0.274844
v -0.261568 0.730737 -0.223195
v -0.257742 0.730737 -0.223195
v -0.259655 0.732650 -0.205978
v -0.265394 0.734563 -0.205978
v -0.261568 0.742214 -0.205978
v -0.259655 0.740301 -0.221282
v -0.244352 0.747953 -0.238498
v -0.253916 0.740301 -0.205978
v -0.250091 0.746040 -0.219369
v -0.204180 0.753692 -0.039554
v -0.196529 0.753692 -0.033815
v 0.168840 0.757518 0.134522
v 0.184143 0.753692 0.123044
v 0.253008 0.749866 0.059918
v 0.319961 0.744127 0.082873
v -0.473903 0.751779 -0.054857
v -0.426080 0.746040 0.088612
v -0.389734 0.753692 -0.154330
v -0.378256 0.751779 0.080960
v -0.255829 0.744127 -0.240411
v 0.000502 0.751779 -0.075900
v 0.163101 0.753692 0.000617
v 0.272138 0.751779 0.082873
v 0.318048 0.747953 0.080960
v 0.425171 0.740301 0.161303
v 0.415607 0.738389 0.161303
v 0.444301 0.740301 0.161303
v -0.456686 0.751779 0.058005
v -0.452860 0.751779 0.054179
v -0.427992 0.751779 0.069483
v -0.387821 0.755605 -0.160068
v -0.349563 0.753692 0.035050
v -0.123838 0.763257 -0.165807
v -0.104708 0.757518 -0.156242
v -0.098970 0.755605 -0.148591
v -0.003323 0.755605 0.077134
v -0.003323 0.757518 0.080960
v 0.277876 0.747953 0.159390
v 0.293180 0.746040 0.159390
v 0.318048 0.744127 0.161303
v 0.333351 0.746040 0.163216
v 0.415607 0.740301 0.144086
v -0.462425 0.749866 -0.095029
v -0.347650 0.747953 -0.232759
v -0.353388 0.749866 0.010182
v -0.303652 0.753692 -0.278670
v -0.322782 0.753692 -0.188762
v -0.307478 0.751779 -0.177285
v -0.288349 0.747953 -0.167720
v -0.100883 0.755605 -0.144765
v -0.010975 0.761344 -0.095029
v 0.004328 0.755605 0.073308
v 0.006241 0.761344 0.086699
v 0.197534 0.759431 0.128783
v 0.285528 0.755605 0.167042
v 0.274051 0.751779 0.161303
v 0.337177 0.749866 0.165129
v -0.479641 0.761344 -0.033815
v -0.483467 0.759431 -0.083551
v -0.401212 0.753692 0.086699
v -0.387821 0.759431 0.063744
v -0.383995 0.755605 -0.150504
v -0.267307 0.763257 -0.284408
v -0.133402 0.763257 0.012095
v 0.019632 0.757518 0.077134
v 0.130581 0.755605 0.008269
v 0.283615 0.761344 0.077134
v 0.306570 0.753692 0.079047
v 0.331438 0.751779 0.167042
v -0.406950 0.757518 0.067570
v -0.382082 0.759431 -0.161981
v -0.349563 0.751779 0.010182
v -0.307478 0.755605 -0.173459
v -0.252004 0.749866 -0.207891
v -0.246265 0.755605 -0.221282
v -0.250091 0.749866 -0.207891
v -0.131489 0.761344 0.008269
v -0.123838 0.765170 0.017834
v -0.110447 0.759431 -0.144765
v -0.016714 0.759431 -0.083551
v 0.143972 0.761344 -0.001296
v 0.312309 0.755605 0.168955
v -0.483467 0.765170 -0.041467
v -0.475816 0.763257 -0.035728
v -0.380169 0.761344 -0.156242
v -0.263481 0.765170 -0.052945
v -0.263481 0.765170 -0.056770
v -0.255829 0.767082 -0.045293
v -0.120012 0.763257 0.008269
v -0.024366 0.763257 -0.089290
v -0.022453 0.765170 -0.095029
v 0.187969 0.763257 0.136435
v 0.199446 0.763257 0.134522
v 0.316135 0.749866 0.103915
v 0.298919 0.751779 0.103915
v -0.362953 0.763257 0.052266
v -0.336172 0.755605 -0.202153
v -0.244352 0.761344 -0.240411
v -0.142967 0.770908 -0.171546
v 0.033022 0.763257 -0.066335
v 0.034935 0.765170 -0.070161
v 0.029196 0.767082 0.092438
v 0.044500 0.763257 0.082873
v 0.117191 0.761344 0.006356
v 0.172666 0.759431 0.021659
v 0.159275 0.761344 0.023572
v 0.275963 0.757518 0.102002
v 0.314222 0.751779 0.140261
v 0.329525 0.751779 0.140261
v 0.323787 0.753692 0.102002
v -0.479641 0.765170 -0.091203
v -0.473903 0.763257 -0.077813
v -0.431818 0.761344 0.073308
v -0.359127 0.759431 0.029311
v -0.242439 0.780473 -0.261453
v -0.255829 0.778560 -0.271018
v -0.244352 0.753692 -0.221282
v -0.253916 0.767082 -0.056770
v -0.234787 0.770908 -0.037641
v -0.131489 0.767082 -0.152417
v -0.150619 0.772821 -0.160068
v -0.098970 0.770908 0.027398
v -0.095144 0.767082 0.014008
v -0.074102 0.772821 0.021659
v 0.023458 0.765170 -0.066335
v 0.132494 0.765170 0.105828
v 0.132494 0.761344 0.100089
v 0.138233 0.761344 0.098176
v 0.155449 0.763257 0.100089
v 0.180317 0.761344 0.021659
v 0.258747 0.757518 0.080960
v 0.266399 0.765170 0.077134
v 0.291267 0.753692 0.138348
v 0.333351 0.755605 0.140261
v -0.431818 0.761344 0.061831
v -0.322782 0.757518 -0.184936
v -0.288349 0.772821 -0.282495
v -0.271133 0.782386 -0.272931
v -0.236700 0.784299 -0.272931
v -0.240526 0.761344 -0.242324
v -0.230961 0.786212 -0.269105
v -0.154444 0.774734 -0.171546
v 0.029196 0.770908 -0.075900
v 0.059803 0.767082 0.088612
v 0.113365 0.765170 0.002530
v 0.115278 0.768995 0.000617
v 0.124842 0.767082 -0.001296
v 0.143972 0.770908 0.111567
v 0.136320 0.767082 0.023572
v 0.178404 0.763257 0.019746
v 0.275963 0.757518 0.138348
v 0.323787 0.757518 0.102002
v -0.487293 0.772821 -0.056770
v -0.475816 0.768995 -0.091203
v -0.230961 0.770908 -0.051032
v -0.208006 0.774734 -0.043380
v -0.211832 0.774734 -0.031902
v -0.156357 0.774734 -0.167720
v 0.052151 0.770908 0.096263
v 0.180317 0.765170 0.103915
v 0.258747 0.763257 0.079047
v 0.329525 0.759431 0.142174
v -0.473903 0.772821 -0.049119
v -0.433731 0.767082 0.063744
v -0.433731 0.765170 0.059918
v -0.383995 0.768995 0.065657
v -0.355301 0.761344 0.029311
v -0.230961 0.782386 -0.276757
v -0.200355 0.776647 -0.033815
v -0.076015 0.776647 0.033137
v -0.064537 0.774734 0.027398
v 0.006241 0.768995 -0.068248
v 0.063629 0.770908 0.092438
v 0.061716 0.772821 0.096263
v 0.163101 0.774734 0.113480
v 0.262573 0.763257 0.102002
v 0.279789 0.765170 0.142174
v 0.272138 0.761344 0.140261
v -0.406950 0.768995 0.071395
v -0.393560 0.776647 -0.150504
v -0.370605 0.767082 0.044615
v -0.296001 0.776647 -0.276757
v -0.200355 0.776647 -0.037641
v -0.064537 0.776647 0.031224
v 0.013893 0.776647 -0.081638
v 0.168840 0.768995 0.017834
v 0.193708 0.768995 0.107741
v 0.289354 0.768995 0.102002
v 0.310396 0.763257 0.102002
v -0.391647 0.780473 -0.156242
v -0.387821 0.776647 -0.146678
v -0.236700 0.786212 -0.280582
v -0.093231 0.776647 -0.140939
v -0.095144 0.776647 -0.137113
v -0.098970 0.780473 -0.146678
v -0.005236 0.772821 0.065657
v 0.002415 0.770908 0.063744
v 0.310396 0.763257 0.144086
v -0.408863 0.768995 0.059918
v -0.288349 0.780473 -0.272931
v -0.005236 0.776647 0.069483
v 0.017719 0.772821 0.065657
v 0.184143 0.776647 0.113480
v -0.489206 0.782386 -0.075900
v -0.389734 0.770908 0.054179
v -0.385908 0.782386 -0.158155
v -0.368692 0.770908 0.044615
v -0.104708 0.778560 -0.137113
v -0.010975 0.776647 -0.073987
v 0.178404 0.767082 0.040789
v 0.163101 0.768995 0.042702
v 0.195621 0.772821 0.109654
v -0.471990 0.782386 -0.026164
v -0.383995 0.780473 -0.152417
v -0.135315 0.780473 0.000617
v -0.123838 0.780473 0.000617
v -0.005236 0.784299 -0.083551
v 0.002415 0.782386 0.073308
v 0.124842 0.772821 0.023572
v 0.130581 0.778560 0.084786
v 0.128668 0.774734 0.080960
v 0.151623 0.770908 0.079047
v 0.136320 0.772821 0.079047
v 0.132494 0.780473 0.017834
v 0.149710 0.776647 0.017834
v 0.142059 0.774734 0.044614
v 0.184143 0.768995 0.040789
v 0.270225 0.770908 0.102002
v 0.262573 0.767082 0.100089
v -0.468164 0.784299 -0.028077
v -0.475816 0.784299 -0.072074
v -0.257742 0.793863 -0.282495
v -0.135315 0.782386 0.004443
v -0.114273 0.788125 -0.152417
v -0.100883 0.784299 0.004443
v -0.016714 0.782386 -0.077813
v 0.036848 0.780473 -0.052945
v 0.044500 0.778560 0.067570
v 0.174578 0.770908 0.080960
v 0.184143 0.772821 0.040789
v -0.475816 0.786212 -0.031902
v -0.487293 0.788125 -0.085464
v -0.410776 0.774734 0.059918
v -0.265394 0.788125 -0.060596
v -0.267307 0.788125 -0.056770
v -0.127663 0.786212 0.010182
v -0.014801 0.784299 -0.081638
v 0.027283 0.780473 -0.051032
v 0.038761 0.782386 -0.054858
v 0.119104 0.778560 0.021659
v 0.140146 0.782386 0.088612
v 0.187969 0.770908 0.080960
v -0.410776 0.774734 0.063744
v -0.387821 0.776647 0.056092
v -0.257742 0.791950 -0.051032
v -0.255829 0.788125 -0.062509
v -0.123838 0.786212 -0.140939
v -0.142967 0.793863 -0.148591
v -0.077927 0.788125 0.010182
v 0.050238 0.790038 0.079047
v 0.027283 0.786212 0.077134
v 0.059803 0.782386 0.071395
v 0.122930 0.780473 0.019746
v 0.128668 0.778560 0.044614
v -0.481554 0.790038 -0.085464
v 0.010067 0.784299 -0.052945
v 0.174578 0.778560 0.040789
v 0.193708 0.774734 0.082873
v -0.236700 0.795776 -0.045293
v -0.232874 0.791950 -0.058683
v -0.135315 0.795776 -0.158155
v -0.102795 0.791950 0.015921
v 0.000502 0.784299 0.046527
v 0.034935 0.788125 -0.058683
v 0.061716 0.788125 0.077134
v 0.063629 0.786212 0.075221
v 0.157362 0.784299 0.088612
v -0.481554 0.795776 -0.047206
v -0.466251 0.791950 -0.043380
v -0.278784 0.799602 -0.276757
v -0.148706 0.797689 -0.154330
v -0.068363 0.791950 0.014008
v -0.007149 0.786212 0.048440
v 0.017719 0.784299 0.046527
v 0.124842 0.782386 0.044614
v 0.189882 0.778560 0.082873
v -0.211832 0.797689 -0.041467
v -0.209919 0.795776 -0.051032
v -0.200355 0.797689 -0.047206
v -0.144880 0.797689 -0.158155
v 0.128668 0.786212 0.044614
v 0.178404 0.782386 0.084786
v -0.385908 0.795776 -0.139026
v -0.391647 0.799602 -0.140939
v -0.296001 0.801515 -0.255715
v -0.290262 0.801515 -0.267192
v -0.202267 0.797689 -0.043380
v -0.089405 0.793863 -0.125636
v -0.091318 0.791950 -0.121810
v -0.068363 0.795776 0.017834
v -0.079840 0.795776 0.019746
v -0.007149 0.791950 -0.054858
v -0.007149 0.791950 0.050353
v 0.019632 0.795776 -0.060596
v 0.138233 0.788125 0.044614
v 0.155449 0.784299 0.042702
v -0.229048 0.805341 -0.267192
v -0.248178 0.809167 -0.269105
v -0.100883 0.793863 -0.121810
v 0.042587 0.788125 0.046527
v -0.387821 0.803428 -0.144765
v -0.380169 0.799602 -0.142852
v -0.278784 0.795776 -0.267192
v -0.290262 0.803428 -0.251889
v -0.137228 0.793863 -0.010860
v -0.127663 0.793863 -0.010860
v -0.104708 0.795776 -0.008947
v -0.093231 0.799602 -0.127549
v 0.031109 0.790038 -0.029990
v 0.040674 0.790038 -0.029990
v -0.487293 0.805341 -0.066335
v -0.456686 0.799602 -0.018512
v -0.382082 0.803428 -0.148591
v -0.263481 0.812993 -0.267192
v -0.225223 0.807254 -0.271018
v -0.139141 0.797689 -0.008947
v -0.014801 0.797689 -0.058683
v 0.002415 0.797689 0.052266
v 0.044500 0.793863 -0.031902
v 0.057890 0.791950 0.046527
v 0.063629 0.795776 0.048440
v -0.471990 0.803428 -0.064422
v -0.454773 0.799602 -0.022338
v -0.081753 0.799602 -0.005122
v -0.010975 0.801515 -0.060596
v 0.000502 0.801515 -0.062509
v -0.009062 0.801515 -0.001296
v 0.000502 0.797689 -0.001296
v 0.011980 0.793863 -0.029990
v 0.021545 0.793863 -0.001296
v -0.462425 0.803428 -0.024251
v -0.229048 0.811080 -0.272931
v -0.106621 0.807254 0.000617
v -0.129576 0.801515 -0.005122
v -0.120012 0.801515 -0.125636
v -0.137228 0.809167 -0.129462
v -0.012888 0.805341 -0.001296
v 0.025370 0.799602 0.054179
v 0.059803 0.797689 0.050353
v -0.485380 0.811080 -0.077813
v -0.265394 0.809167 -0.066335
v -0.265394 0.807254 -0.068248
v -0.255829 0.807254 -0.070161
v -0.108534 0.807254 -0.133287
v -0.072189 0.803428 -0.003209
v 0.038761 0.799602 -0.033815
v 0.040674 0.793863 -0.001296
v 0.050238 0.801515 0.052266
v -0.479641 0.811080 -0.077813
v 0.050238 0.795776 -0.001296
v -0.454773 0.807254 -0.035728
v -0.257742 0.812993 -0.060596
v -0.232874 0.809167 -0.068248
v -0.083666 0.809167 0.002530
v -0.087492 0.803428 -0.100768
v -0.005236 0.799602 -0.029990
v -0.009062 0.809167 -0.001296
v -0.265394 0.822557 -0.271018
v -0.246265 0.816818 -0.274844
v -0.142967 0.812993 -0.133287
v -0.139141 0.807254 -0.028077
v -0.129576 0.805341 -0.028077
v -0.106621 0.803428 -0.028077
v -0.097057 0.803428 -0.100768
v -0.116186 0.809167 -0.102681
v -0.085579 0.807254 -0.102681
v 0.050238 0.799602 -0.001296
v -0.470077 0.814906 -0.039554
v -0.378256 0.811080 -0.127549
v -0.271133 0.820644 -0.257627
v -0.234787 0.814906 -0.056770
v -0.209919 0.812993 -0.062509
v -0.127663 0.814906 -0.137113
v -0.085579 0.805341 -0.026164
v -0.072189 0.807254 0.000617
v 0.023458 0.807254 -0.033815
v -0.211832 0.816818 -0.054858
v -0.200355 0.814906 -0.058683
v -0.202267 0.816818 -0.056770
v -0.139141 0.816818 -0.135200
v -0.141054 0.811080 -0.026164
v -0.012888 0.805341 -0.031902
v 0.002415 0.811080 -0.001296
v 0.040674 0.805341 -0.001296
v -0.437557 0.812993 -0.014686
v -0.435644 0.812993 -0.018512
v -0.382082 0.816818 -0.127549
v -0.372518 0.814906 -0.131374
v -0.276872 0.824470 -0.261453
v -0.089405 0.812993 -0.104594
v -0.076015 0.809167 -0.024251
v 0.023458 0.809167 -0.001296
v -0.292175 0.812993 -0.228934
v -0.286436 0.824470 -0.244237
v -0.108534 0.818731 -0.022338
v -0.131489 0.814906 -0.024251
v -0.133402 0.816818 -0.104594
v -0.009062 0.809167 -0.033815
v 0.002415 0.811080 -0.033815
v -0.462425 0.822557 -0.056770
v -0.441383 0.818731 -0.018512
v -0.380169 0.822557 -0.131374
v -0.372518 0.820644 -0.133287
v -0.286436 0.812993 -0.228934
v -0.110447 0.809167 -0.051032
v -0.089405 0.807254 -0.051032
v -0.093231 0.807254 -0.077813
v -0.112360 0.811080 -0.075900
v -0.083666 0.809167 -0.077813
v -0.076015 0.812993 -0.022338
v -0.475816 0.826383 -0.056770
v -0.221397 0.822557 -0.255715
v -0.131489 0.812993 -0.051032
v -0.079840 0.809167 -0.051032
v -0.437557 0.820644 -0.031902
v -0.263481 0.820644 -0.079726
v -0.253916 0.820644 -0.079726
v -0.217571 0.822557 -0.257627
v -0.139141 0.816818 -0.051032
v -0.106621 0.820644 -0.106506
v -0.085579 0.816818 -0.020425
v -0.081753 0.812993 -0.077813
v -0.263481 0.824470 -0.077813
v -0.240526 0.828296 -0.255715
v -0.230961 0.822557 -0.077813
v -0.141054 0.820644 -0.106506
v -0.131489 0.816818 -0.075900
v -0.077927 0.812993 -0.049119
v -0.475816 0.832122 -0.068248
v -0.471990 0.830209 -0.070161
v -0.368692 0.822557 -0.110332
v -0.242439 0.811080 -0.171546
v -0.240526 0.811080 -0.160068
v -0.248178 0.814906 -0.163894
v -0.232874 0.811080 -0.171546
v -0.248178 0.828296 -0.184936
v -0.238613 0.830209 -0.186849
v -0.230961 0.814906 -0.165807
v -0.238613 0.818731 -0.161981
v -0.221397 0.828296 -0.259540
v -0.139141 0.820644 -0.049119
v -0.410776 0.822557 -0.016599
v -0.410776 0.822557 -0.020425
v -0.278784 0.818731 -0.209804
v -0.282610 0.820644 -0.207891
v -0.282610 0.834035 -0.219369
v -0.276872 0.828296 -0.223195
v -0.259655 0.832122 -0.255715
v -0.255829 0.828296 -0.073987
v -0.209919 0.824470 -0.075900
v -0.137228 0.824470 -0.108419
v -0.087492 0.816818 -0.077813
v -0.104708 0.824470 -0.077813
v -0.085579 0.818731 -0.049119
v -0.450948 0.832122 -0.031902
v -0.361040 0.824470 -0.110332
v -0.366779 0.814906 -0.047206
v -0.362953 0.814906 -0.058683
v -0.364866 0.818731 -0.045293
v -0.372518 0.820644 -0.035728
v -0.378256 0.828296 -0.047206
v -0.370605 0.820644 -0.054858
v -0.366779 0.818731 -0.068248
v -0.361040 0.822557 -0.081638
v -0.361040 0.820644 -0.060596
v -0.250091 0.832122 -0.179198
v -0.232874 0.830209 -0.070161
v -0.238613 0.834035 -0.181111
v -0.200355 0.826383 -0.073987
v -0.106621 0.822557 -0.049119
v -0.129576 0.824470 -0.049119
v -0.125751 0.826383 -0.108419
v -0.372518 0.828296 -0.110332
v -0.238613 0.835948 -0.259540
v -0.209919 0.832122 -0.070161
v -0.200355 0.830209 -0.072074
v -0.139141 0.820644 -0.077813
v -0.414602 0.828296 -0.018512
v -0.374431 0.835948 -0.068248
v -0.368692 0.822557 -0.085464
v -0.372518 0.830209 -0.077813
v -0.366779 0.830209 -0.052945
v -0.372518 0.822557 -0.033815
v -0.271133 0.832122 -0.205978
v -0.271133 0.830209 -0.196414
v -0.244352 0.834035 -0.177285
v -0.447122 0.837861 -0.052945
v -0.414602 0.830209 -0.033815
v -0.366779 0.832122 -0.110332
v -0.361040 0.830209 -0.110332
v -0.387821 0.824470 -0.026164
v -0.391647 0.832122 -0.037641
v -0.361040 0.828296 -0.081638
v -0.366779 0.837861 -0.073987
v -0.276872 0.835948 -0.202153
v -0.263481 0.841686 -0.234672
v -0.261568 0.830209 -0.091203
v -0.252003 0.828296 -0.091203
v -0.137228 0.824470 -0.077813
v -0.385908 0.826383 -0.024251
v -0.389734 0.834035 -0.026164
v -0.374431 0.835948 -0.039554
v -0.376344 0.830209 -0.091203
v -0.259655 0.839773 -0.257627
v -0.230961 0.830209 -0.091203
v -0.219484 0.835948 -0.238498
v -0.213745 0.835948 -0.240411
v -0.127663 0.826383 -0.077813
v -0.271133 0.845512 -0.240411
v -0.261568 0.832122 -0.089290
v -0.209919 0.830209 -0.089290
v -0.458599 0.845512 -0.049119
v -0.200355 0.834035 -0.089290
v -0.424167 0.845512 -0.031902
v -0.383995 0.847425 -0.062509
v -0.376344 0.837861 -0.093116
v -0.368692 0.839773 -0.089290
v -0.263481 0.843599 -0.213630
v -0.253916 0.835948 -0.087377
v -0.261568 0.832122 -0.102681
v -0.252003 0.830209 -0.102681
v -0.259655 0.841686 -0.202153
v -0.248178 0.839773 -0.205978
v -0.236700 0.841686 -0.238498
v -0.217571 0.841686 -0.240411
v -0.460512 0.849338 -0.060596
v -0.456686 0.847425 -0.062509
v -0.426080 0.847425 -0.051032
v -0.403124 0.853164 -0.054858
v -0.374431 0.839773 -0.083551
v -0.372518 0.849338 -0.064422
v -0.259655 0.843599 -0.194501
v -0.261568 0.835948 -0.100768
v -0.248178 0.830209 -0.110332
v -0.230961 0.830209 -0.102681
v -0.255829 0.832122 -0.110332
v -0.230961 0.830209 -0.110332
v -0.250091 0.835948 -0.110332
v -0.230961 0.834035 -0.112245
v -0.230961 0.839773 -0.085464
v -0.213745 0.832122 -0.110332
v -0.209919 0.832122 -0.102681
v -0.202267 0.835948 -0.102681
v -0.200355 0.837861 -0.087377
v -0.209919 0.839773 -0.085464
v -0.257742 0.835948 -0.108419
v -0.253916 0.845512 -0.236585
v -0.211832 0.837861 -0.110332
v -0.206093 0.835948 -0.108419
v -0.397386 0.851251 -0.037641
v -0.267307 0.851251 -0.215543
v -0.248178 0.847425 -0.198327
v -0.242439 0.845512 -0.204066
v -0.230961 0.837861 -0.108419
v -0.202267 0.839773 -0.100768
v -0.378256 0.849338 -0.075900
v -0.382082 0.853164 -0.051032
v -0.265394 0.851251 -0.200240
v -0.252003 0.839773 -0.100768
v -0.230961 0.841686 -0.100768
v -0.234787 0.849338 -0.240411
v -0.215658 0.841686 -0.221282
v -0.219484 0.841686 -0.221282
v -0.206093 0.839773 -0.108419
v -0.372518 0.847425 -0.081638
v -0.211832 0.841686 -0.100768
v -0.253916 0.853164 -0.238498
v -0.253916 0.847425 -0.219369
v -0.236700 0.845512 -0.221282
v -0.223310 0.847425 -0.205978
v -0.219484 0.847425 -0.221282
v -0.433731 0.858903 -0.047206
v -0.236700 0.849338 -0.204066
v -0.437557 0.862729 -0.058683
v -0.433731 0.860816 -0.060596
v -0.408863 0.866554 -0.064422
v -0.389734 0.862729 -0.070161
v -0.378256 0.856990 -0.073987
v -0.234787 0.855077 -0.205978
v -0.253916 0.858903 -0.200240
v -0.232874 0.853164 -0.219369
v -0.406950 0.866554 -0.052945
v -0.253916 0.858903 -0.217456
v -0.389734 0.866554 -0.066335
v -0.412689 0.870380 -0.062509
vt 0.187815 0.050277
vt 0.186740 0.051906
vt 0.180350 0.050776
vt 0.179941 0.049726
vt 0.677433 0.084064
vt 0.678426 0.096064
vt 0.663819 0.094437
vt 0.662827 0.082437
vt 0.868789 0.579439
vt 0.867513 0.565559
vt 0.872192 0.566266
vt 0.874281 0.580456
vt 0.882844 0.854635
vt 0.886641 0.841360
vt 0.889513 0.843317
vt 0.884922 0.855480
vt 0.634673 0.741948
vt 0.633300 0.728985
vt 0.637825 0.729409
vt 0.638903 0.743735
vt 0.501515 0.550333
vt 0.502768 0.563676
vt 0.500807 0.562908
vt 0.499027 0.550608
vt 0.074812 0.830307
vt 0.074754 0.816354
vt 0.078837 0.819943
vt 0.078896 0.833896
vt 0.777508 0.936994
vt 0.779287 0.930860
vt 0.782772 0.934103
vt 0.779713 0.940564
vt 0.608538 0.750022
vt 0.609918 0.738212
vt 0.623747 0.739425
vt 0.622008 0.752612
vt 0.008768 0.443106
vt 0.003602 0.420134
vt 0.006961 0.420340
vt 0.012934 0.443637
vt 0.014153 0.102868
vt 0.002198 0.105361
vt 0.003189 0.103082
vt 0.015144 0.100588
vt 0.692849 0.796160
vt 0.706697 0.795170
vt 0.706126 0.807597
vt 0.691828 0.807263
vt 0.473668 0.595082
vt 0.473792 0.582236
vt 0.482601 0.583869
vt 0.481661 0.597747
vt 0.246915 0.030446
vt 0.247543 0.027990
vt 0.256911 0.038776
vt 0.256161 0.040568
vt 0.075243 0.775606
vt 0.075320 0.787413
vt 0.067879 0.785591
vt 0.068283 0.774792
vt 0.833766 0.644730
vt 0.847745 0.638960
vt 0.845781 0.654331
vt 0.835029 0.659067
vt 0.256386 0.088305
vt 0.258346 0.085451
vt 0.258346 0.091272
vt 0.985291 0.389667
vt 0.986973 0.399967
vt 0.975436 0.399408
vt 0.974608 0.390076
vt 0.877149 0.554989
vt 0.884138 0.554197
vt 0.891158 0.565441
vt 0.882937 0.566970
vt 0.218375 0.446540
vt 0.212986 0.460204
vt 0.204921 0.458821
vt 0.212404 0.445384
vt 0.943677 0.861289
vt 0.941015 0.851888
vt 0.953745 0.852153
vt 0.951645 0.861488
vt 0.061224 0.039772
vt 0.064427 0.040596
vt 0.056716 0.051237
vt 0.053512 0.050413
vt 0.727831 0.621323
vt 0.727774 0.633369
vt 0.712138 0.631557
vt 0.712624 0.618722
vt 0.140402 0.024091
vt 0.129297 0.016673
vt 0.131182 0.014660
vt 0.143330 0.022998
vt 0.968652 0.781225
vt 0.971374 0.765602
vt 0.974597 0.765125
vt 0.935231 0.287701
vt 0.945204 0.285146
vt 0.944405 0.298421
vt 0.933993 0.299816
vt 0.948940 0.963410
vt 0.961331 0.959558
vt 0.961320 0.964188
vt 0.948919 0.968409
vt 0.224454 0.458718
vt 0.229422 0.457643
vt 0.228846 0.471510
vt 0.223066 0.472982
vt 0.063832 0.253582
vt 0.060617 0.240409
vt 0.073139 0.239134
vt 0.078327 0.251940
vt 0.644045 0.146551
vt 0.643477 0.128185
vt 0.646880 0.129482
vt 0.648184 0.149079
vt 0.632349 0.807753
vt 0.631215 0.794310
vt 0.635655 0.795497
vt 0.636950 0.808185
vt 0.536139 0.245018
vt 0.538464 0.239857
vt 0.547631 0.251993
vt 0.543903 0.253705
vt 0.879306 0.690314
vt 0.882004 0.689739
vt 0.882654 0.699957
vt 0.880623 0.701417
vt 0.498376 0.120682
vt 0.495033 0.097627
vt 0.502929 0.098946
vt 0.506282 0.119994
vt 0.766612 0.550291
vt 0.766288 0.536342
vt 0.773490 0.537405
vt 0.773490 0.552426
vt 0.921746 0.925611
vt 0.925021 0.909633
vt 0.936489 0.913264
vt 0.931363 0.927662
vt 0.130300 0.037055
vt 0.142332 0.047204
vt 0.140297 0.052178
vt 0.127367 0.041249
vt 0.965446 0.310133
vt 0.969956 0.311066
vt 0.967919 0.326697
vt 0.965446 0.327336
vt 0.518330 0.839607
vt 0.530614 0.838864
vt 0.530614 0.854258
vt 0.517959 0.856384
vt 0.366802 0.560324
vt 0.378546 0.556890
vt 0.379725 0.573701
vt 0.367981 0.577134
vt 0.178010 0.428625
vt 0.189868 0.424560
vt 0.191029 0.440216
vt 0.179783 0.444931
vt 0.745387 0.061683
vt 0.747724 0.048902
vt 0.751832 0.050986
vt 0.749781 0.065150
vt 0.762010 0.394250
vt 0.757170 0.394707
vt 0.761362 0.377830
vt 0.765755 0.378134
vt 0.114059 0.904973
vt 0.115141 0.891195
vt 0.117570 0.891507
vt 0.116734 0.906155
vt 0.022926 0.681396
vt 0.024325 0.695573
vt 0.019618 0.694779
vt 0.018220 0.680602
vt 0.269467 0.886766
vt 0.272308 0.887164
vt 0.273778 0.899114
vt 0.269837 0.899867
vt 0.811611 0.018913
vt 0.817245 0.018741
vt 0.816669 0.036223
vt 0.812151 0.036426
vt 0.103339 0.020111
vt 0.102125 0.017026
vt 0.105866 0.020111
vt 0.537979 0.836328
vt 0.538396 0.823550
vt 0.543949 0.825030
vt 0.543618 0.836792
vt 0.924878 0.216021
vt 0.929735 0.227973
vt 0.926049 0.228953
vt 0.921364 0.216390
vt 0.630847 0.877137
vt 0.623326 0.866078
vt 0.625932 0.865219
vt 0.632715 0.875757
vt 0.659383 0.309328
vt 0.663730 0.307803
vt 0.665058 0.322607
vt 0.661709 0.323615
vt 0.720809 0.960359
vt 0.708453 0.963768
vt 0.709633 0.950514
vt 0.721133 0.947357
vt 0.525863 0.165034
vt 0.529067 0.164040
vt 0.526652 0.186972
vt 0.522767 0.187069
vt 0.669818 0.016272
vt 0.663354 0.002875
vt 0.678329 0.004257
vt 0.684911 0.016345
vt 0.484491 0.917560
vt 0.490223 0.919140
vt 0.489176 0.931038
vt 0.483083 0.930117
vt 0.130254 0.654513
vt 0.136526 0.654027
vt 0.135973 0.666041
vt 0.130382 0.667659
vt 0.416155 0.200630
vt 0.422325 0.200630
vt 0.421203 0.207295
vt 0.416176 0.205378
vt 0.890802 0.903221
vt 0.891074 0.893362
vt 0.901507 0.896801
vt 0.900635 0.908077
vt 0.460091 0.040595
vt 0.460080 0.029296
vt 0.464094 0.029343
vt 0.464094 0.041768
vt 0.853228 0.489256
vt 0.853442 0.476878
vt 0.858574 0.477379
vt 0.857465 0.490822
vt 0.822333 0.853254
vt 0.823808 0.845156
vt 0.834808 0.849810
vt 0.834918 0.857757
vt 0.073262 0.914862
vt 0.083909 0.913678
vt 0.084684 0.925537
vt 0.071605 0.927258
vt 0.106742 0.018054
vt 0.103633 0.015361
vt 0.106160 0.015361
vt 0.095861 0.066928
vt 0.092805 0.067433
vt 0.091330 0.055601
vt 0.094599 0.054795
vt 0.167074 0.093082
vt 0.167074 0.106742
vt 0.162360 0.105518
vt 0.163920 0.093018
vt 0.254123 0.076206
vt 0.254402 0.060955
vt 0.256799 0.061362
vt 0.256705 0.077463
vt 0.348070 0.821446
vt 0.337199 0.820339
vt 0.336025 0.807964
vt 0.346986 0.808882
vt 0.610463 0.669400
vt 0.603976 0.661650
vt 0.610691 0.660220
vt 0.617440 0.668230
vt 0.412104 0.177380
vt 0.413980 0.167045
vt 0.417684 0.169784
vt 0.416768 0.178532
vt 0.985630 0.852750
vt 0.985243 0.837806
vt 0.988520 0.840460
vt 0.988335 0.853227
vt 0.962221 0.548949
vt 0.959736 0.549047
vt 0.958182 0.542175
vt 0.960116 0.541093
vt 0.347916 0.669496
vt 0.353750 0.667615
vt 0.354323 0.680310
vt 0.348621 0.682361
vt 0.585092 0.338741
vt 0.585926 0.327675
vt 0.589399 0.326968
vt 0.589399 0.338789
vt 0.293799 0.487674
vt 0.299879 0.484170
vt 0.304689 0.495206
vt 0.298608 0.498710
vt 0.040135 0.198566
vt 0.038111 0.199560
vt 0.037711 0.185875
vt 0.040221 0.185875
vt 0.526741 0.200883
vt 0.522149 0.201544
vt 0.634939 0.355841
vt 0.644045 0.352568
vt 0.644050 0.367191
vt 0.633820 0.370393
vt 0.912097 0.620439
vt 0.908664 0.620004
vt 0.908100 0.598508
vt 0.439718 0.413550
vt 0.451359 0.411566
vt 0.451932 0.427335
vt 0.440622 0.429932
vt 0.937777 0.728321
vt 0.943331 0.729222
vt 0.943229 0.742282
vt 0.937600 0.742148
vt 0.023243 0.433550
vt 0.024410 0.447001
vt 0.019943 0.447601
vt 0.018801 0.434357
vt 0.030056 0.194919
vt 0.029176 0.194247
vt 0.030923 0.184197
vt 0.032487 0.183974
vt 0.334953 0.219073
vt 0.340597 0.242781
vt 0.329487 0.244729
vt 0.327444 0.221514
vt 0.915266 0.016007
vt 0.924764 0.015945
vt 0.925094 0.029582
vt 0.914627 0.030216
vt 0.265802 0.820362
vt 0.266011 0.831648
vt 0.259170 0.831473
vt 0.259150 0.819139
vt 0.945113 0.527599
vt 0.936903 0.528696
vt 0.940864 0.523671
vt 0.946595 0.524832
vt 0.354916 0.508165
vt 0.362422 0.506477
vt 0.363832 0.520840
vt 0.356619 0.523619
vt 0.829999 0.017791
vt 0.837052 0.030594
vt 0.830563 0.035534
vt 0.827728 0.018867
vt 0.591642 0.696719
vt 0.590604 0.683339
vt 0.601708 0.682934
vt 0.603008 0.695026
vt 0.750603 0.716685
vt 0.756658 0.716746
vt 0.756175 0.730890
vt 0.750120 0.730829
vt 0.417271 0.772147
vt 0.427456 0.772387
vt 0.428635 0.778778
vt 0.417390 0.782296
vt 0.041375 0.036798
vt 0.043082 0.035389
vt 0.044689 0.052981
vt 0.043120 0.052815
vt 0.350591 0.357207
vt 0.363069 0.362637
vt 0.356957 0.371088
vt 0.344669 0.365341
vt 0.659043 0.470549
vt 0.661762 0.458775
vt 0.674936 0.456291
vt 0.672330 0.469387
vt 0.278231 0.443931
vt 0.275430 0.429599
vt 0.282185 0.428534
vt 0.284644 0.442197
vt 0.134430 0.160523
vt 0.138244 0.161007
vt 0.139228 0.175241
vt 0.135414 0.174757
vt 0.258827 0.984344
vt 0.248783 0.985426
vt 0.247639 0.974833
vt 0.257837 0.973600
vt 0.940748 0.682218
vt 0.930723 0.671129
vt 0.933632 0.669417
vt 0.943658 0.680506
vt 0.310144 0.577001
vt 0.309839 0.565888
vt 0.320034 0.564679
vt 0.320168 0.577107
vt 0.535758 0.385916
vt 0.539079 0.385276
vt 0.541443 0.403508
vt 0.535607 0.403011
vt 0.971503 0.825391
vt 0.971503 0.841557
vt 0.967320 0.839992
vt 0.966858 0.825027
vt 0.518847 0.473041
vt 0.510433 0.476465
vt 0.509309 0.465125
vt 0.516093 0.461103
vt 0.674035 0.557814
vt 0.672168 0.534427
vt 0.675766 0.536271
vt 0.089044 0.953503
vt 0.100132 0.951083
vt 0.096187 0.964566
vt 0.084275 0.966944
vt 0.141663 0.774138
vt 0.142089 0.788679
vt 0.128739 0.785917
vt 0.129328 0.773037
vt 0.628282 0.636708
vt 0.627648 0.623475
vt 0.639833 0.626267
vt 0.640350 0.640420
vt 0.260955 0.206543
vt 0.251539 0.190288
vt 0.261342 0.186764
vt 0.271439 0.202252
vt 0.570434 0.053712
vt 0.572382 0.053730
vt 0.569217 0.069155
vt 0.566662 0.069614
vt 0.620949 0.951956
vt 0.625957 0.951219
vt 0.628074 0.965303
vt 0.626141 0.966862
vt 0.599557 0.233210
vt 0.599558 0.217587
vt 0.610852 0.216868
vt 0.611313 0.233254
vt 0.821060 0.338391
vt 0.825415 0.337195
vt 0.828077 0.350963
vt 0.823723 0.352159
vt 0.103811 0.672157
vt 0.103505 0.687632
vt 0.095555 0.685930
vt 0.095162 0.669319
vt 0.336576 0.653893
vt 0.338876 0.669383
vt 0.333228 0.669602
vt 0.330928 0.654112
vt 0.093967 0.108680
vt 0.098060 0.108655
vt 0.099007 0.119478
vt 0.095466 0.120664
vt 0.571435 0.146324
vt 0.573929 0.146278
vt 0.573482 0.153104
vt 0.570987 0.153151
vt 0.745153 0.535337
vt 0.746122 0.548128
vt 0.740940 0.549277
vt 0.740881 0.535699
vt 0.061879 0.904210
vt 0.061879 0.915998
vt 0.056768 0.913369
vt 0.057124 0.902922
vt 0.964442 0.685122
vt 0.968887 0.670118
vt 0.971503 0.672260
vt 0.967499 0.687898
vt 0.398138 0.780810
vt 0.401496 0.787084
vt 0.398876 0.787709
vt 0.395517 0.781435
vt 0.176998 0.202316
vt 0.176434 0.194285
vt 0.184143 0.195330
vt 0.184405 0.204492
vt 0.746915 0.034630
vt 0.741824 0.019541
vt 0.745513 0.018898
vt 0.751523 0.035704
vt 0.663365 0.269712
vt 0.666748 0.269006
vt 0.664446 0.284880
vt 0.660064 0.286102
vt 0.717955 0.825644
vt 0.722371 0.826831
vt 0.722338 0.837256
vt 0.717759 0.837494
vt 0.229347 0.898184
vt 0.230351 0.885203
vt 0.236505 0.884866
vt 0.235988 0.898795
vt 0.644902 0.056850
vt 0.650006 0.059245
vt 0.649737 0.068950
vt 0.644536 0.066741
vt 0.738685 0.425008
vt 0.749043 0.427687
vt 0.746309 0.439704
vt 0.736035 0.438040
vt 0.715917 0.253471
vt 0.718351 0.240208
vt 0.720842 0.242342
vt 0.718408 0.255605
vt 0.764612 0.461012
vt 0.769160 0.461204
vt 0.770746 0.475905
vt 0.766032 0.473774
vt 0.678057 0.330351
vt 0.676892 0.318162
vt 0.686035 0.319655
vt 0.687005 0.333224
vt 0.078103 0.472333
vt 0.088406 0.475086
vt 0.083333 0.487345
vt 0.078360 0.488845
vt 0.275278 0.142016
vt 0.283082 0.141477
vt 0.280703 0.157435
vt 0.273798 0.157792
vt 0.100780 0.421324
vt 0.103170 0.420859
vt 0.111775 0.436004
vt 0.110461 0.436884
vt 0.927803 0.708631
vt 0.927803 0.691330
vt 0.934702 0.694083
vt 0.937593 0.709442
vt 0.884770 0.980852
vt 0.883055 0.966635
vt 0.886251 0.968115
vt 0.887966 0.982332
vt 0.869671 0.591963
vt 0.865695 0.600228
vt 0.857678 0.596979
vt 0.031690 0.059522
vt 0.031839 0.044742
vt 0.033995 0.043020
vt 0.034034 0.060968
vt 0.798119 0.913825
vt 0.809811 0.913456
vt 0.807786 0.925543
vt 0.798266 0.927478
vt 0.783639 0.620339
vt 0.777184 0.610088
vt 0.782703 0.612393
vt 0.221275 0.376335
vt 0.220391 0.375307
vt 0.234384 0.365759
vt 0.236092 0.366701
vt 0.120058 0.377884
vt 0.123758 0.393023
vt 0.120040 0.391182
vt 0.117339 0.378041
vt 0.062703 0.745751
vt 0.065692 0.743322
vt 0.072997 0.762924
vt 0.065422 0.762263
vt 0.185989 0.826963
vt 0.187185 0.843168
vt 0.178541 0.840959
vt 0.177427 0.826183
vt 0.779335 0.638012
vt 0.782772 0.638254
vt 0.778742 0.652395
vt 0.774025 0.651619
vt 0.224208 0.338288
vt 0.220182 0.333194
vt 0.228264 0.324451
vt 0.236312 0.334688
vt 0.443396 0.947532
vt 0.442614 0.934937
vt 0.450700 0.937269
vt 0.451718 0.949845
vt 0.070256 0.455258
vt 0.070495 0.442314
vt 0.079308 0.443202
vt 0.079111 0.458143
vt 0.621421 0.580068
vt 0.624510 0.580271
vt 0.619201 0.592365
vt 0.617289 0.591125
vt 0.300268 0.050935
vt 0.301623 0.050635
vt 0.303208 0.056886
vt 0.300268 0.058785
vt 0.801819 0.948949
vt 0.811641 0.945054
vt 0.811342 0.958277
vt 0.800507 0.961524
vt 0.014571 0.222662
vt 0.007726 0.236105
vt 0.005419 0.235155
vt 0.013302 0.220847
vt 0.547631 0.376980
vt 0.546862 0.386745
vt 0.544379 0.384850
vt 0.544379 0.373718
vt 0.613914 0.387220
vt 0.614691 0.373710
vt 0.617245 0.372869
vt 0.617185 0.389010
vt 0.666104 0.590801
vt 0.669842 0.590868
vt 0.667103 0.613185
vt 0.663698 0.613983
vt 0.917301 0.170822
vt 0.926553 0.169801
vt 0.926039 0.176506
vt 0.922449 0.176616
vt 0.821831 0.741284
vt 0.819981 0.726932
vt 0.835909 0.732262
vt 0.838825 0.745864
vt 0.579618 0.598732
vt 0.582273 0.611171
vt 0.578340 0.612604
vt 0.575606 0.598779
vt 0.925129 0.428441
vt 0.927823 0.416294
vt 0.932359 0.426904
vt 0.332619 0.406148
vt 0.337180 0.409356
vt 0.334499 0.425435
vt 0.325840 0.421925
vt 0.633376 0.419975
vt 0.621025 0.419103
vt 0.628302 0.403185
vt 0.639527 0.404017
vt 0.622788 0.380372
vt 0.624830 0.369821
vt 0.628195 0.370787
vt 0.624939 0.382104
vt 0.863352 0.554197
vt 0.868031 0.554905
vt 0.126851 0.911666
vt 0.139885 0.910219
vt 0.140509 0.923819
vt 0.127049 0.924004
vt 0.235737 0.984509
vt 0.226611 0.985426
vt 0.229883 0.973839
vt 0.777812 0.041017
vt 0.779678 0.066805
vt 0.773578 0.065963
vt 0.771627 0.041343
vt 0.984252 0.597150
vt 0.986973 0.595200
vt 0.986973 0.618792
vt 0.984210 0.618464
vt 0.169331 0.514523
vt 0.161583 0.516064
vt 0.159119 0.499150
vt 0.168511 0.496570
vt 0.197405 0.904433
vt 0.197835 0.898722
vt 0.204201 0.904317
vt 0.203893 0.910391
vt 0.240930 0.488056
vt 0.242876 0.494414
vt 0.233720 0.495033
vt 0.228612 0.483954
vt 0.071179 0.593772
vt 0.065171 0.598986
vt 0.065183 0.591771
vt 0.372561 0.506863
vt 0.382104 0.501835
vt 0.380854 0.514842
vt 0.371586 0.517170
vt 0.300281 0.253024
vt 0.286981 0.249020
vt 0.286602 0.245619
vt 0.301094 0.250401
vt 0.900340 0.330223
vt 0.901201 0.343242
vt 0.889326 0.340522
vt 0.888464 0.327503
vt 0.024106 0.029166
vt 0.026262 0.027444
vt 0.650920 0.628833
vt 0.652650 0.643524
vt 0.410595 0.599196
vt 0.408721 0.601093
vt 0.401821 0.594157
vt 0.402603 0.591518
vt 0.209880 0.386745
vt 0.208930 0.385711
vt 0.537726 0.197243
vt 0.545496 0.184863
vt 0.547631 0.187482
vt 0.541689 0.198329
vt 0.065106 0.452859
vt 0.065433 0.441865
vt 0.825204 0.540409
vt 0.828577 0.539874
vt 0.835369 0.553237
vt 0.831898 0.553819
vt 0.091894 0.569410
vt 0.103253 0.569196
vt 0.103061 0.584163
vt 0.090107 0.585126
vt 0.035664 0.446227
vt 0.047971 0.444459
vt 0.046897 0.457832
vt 0.034710 0.460911
vt 0.112975 0.948934
vt 0.109084 0.962511
vt 0.213399 0.202453
vt 0.216127 0.202869
vt 0.206539 0.214621
vt 0.204431 0.212986
vt 0.002416 0.852915
vt 0.005808 0.853616
vt 0.004678 0.866069
vt 0.002416 0.867500
vt 0.540405 0.055397
vt 0.552614 0.055216
vt 0.552003 0.070117
vt 0.540246 0.069470
vt 0.945244 0.974566
vt 0.959127 0.974566
vt 0.957782 0.980995
vt 0.945268 0.980572
vt 0.233389 0.518578
vt 0.246347 0.515868
vt 0.247432 0.531610
vt 0.233177 0.534096
vt 0.220898 0.384939
vt 0.237157 0.378797
vt 0.236712 0.381164
vt 0.222399 0.387151
vt 0.566610 0.871794
vt 0.570835 0.866297
vt 0.564589 0.885562
vt 0.561857 0.885577
vt 0.069478 0.464902
vt 0.547743 0.400870
vt 0.552400 0.386186
vt 0.555295 0.388087
vt 0.550246 0.403762
vt 0.921334 0.245204
vt 0.923547 0.245632
vt 0.922730 0.262421
vt 0.917548 0.265694
vt 0.852706 0.246341
vt 0.848147 0.230539
vt 0.850260 0.228902
vt 0.855480 0.245901
vt 0.115546 0.128125
vt 0.117319 0.114172
vt 0.120664 0.115220
vt 0.117823 0.128399
vt 0.957580 0.641477
vt 0.954654 0.644207
vt 0.947606 0.629389
vt 0.949016 0.627046
vt 0.368011 0.189544
vt 0.358064 0.191648
vt 0.358364 0.177510
vt 0.370478 0.173917
vt 0.209285 0.779511
vt 0.208123 0.766583
vt 0.219150 0.765846
vt 0.220252 0.777452
vt 0.288820 0.012229
vt 0.283324 0.016746
vt 0.274850 0.010567
vt 0.278731 0.003428
vt 0.303826 0.346432
vt 0.302295 0.343055
vt 0.317402 0.336415
vt 0.320083 0.339869
vt 0.621339 0.679724
vt 0.618478 0.667671
vt 0.624190 0.679337
vt 0.694080 0.908666
vt 0.693230 0.895422
vt 0.705713 0.893786
vt 0.706008 0.908896
vt 0.115276 0.011181
vt 0.115901 0.008564
vt 0.932102 0.537853
vt 0.934551 0.528535
vt 0.938700 0.535213
vt 0.289526 0.171896
vt 0.291913 0.173205
vt 0.286714 0.185539
vt 0.283745 0.185539
vt 0.148178 0.566365
vt 0.138001 0.557978
vt 0.147924 0.554633
vt 0.137518 0.410157
vt 0.141164 0.407304
vt 0.149628 0.421177
vt 0.145888 0.424673
vt 0.767302 0.175725
vt 0.765052 0.198323
vt 0.761627 0.197529
vt 0.763573 0.175619
vt 0.444014 0.301432
vt 0.440626 0.300356
vt 0.448045 0.289690
vt 0.450345 0.291644
vt 0.379871 0.170323
vt 0.368707 0.158615
vt 0.378828 0.153168
vt 0.383651 0.167962
vt 0.824809 0.648997
vt 0.824563 0.639177
vt 0.732490 0.015052
vt 0.736343 0.002417
vt 0.737909 0.004012
vt 0.735201 0.015544
vt 0.665669 0.652333
vt 0.668152 0.652142
vt 0.670671 0.667624
vt 0.667670 0.669153
vt 0.223866 0.042425
vt 0.227406 0.041225
vt 0.224553 0.055691
vt 0.222628 0.055211
vt 0.200409 0.976342
vt 0.200600 0.971845
vt 0.205038 0.974066
vt 0.204853 0.979691
vt 0.576293 0.314436
vt 0.578522 0.328877
vt 0.572215 0.329285
vt 0.569317 0.319241
vt 0.424987 0.074863
vt 0.435352 0.064064
vt 0.436248 0.065544
vt 0.426238 0.075272
vt 0.587654 0.033657
vt 0.584939 0.022278
vt 0.587985 0.022468
vt 0.590946 0.034431
vt 0.755609 0.069024
vt 0.758378 0.054614
vt 0.759690 0.055506
vt 0.757504 0.070333
vt 0.428140 0.218181
vt 0.424476 0.230473
vt 0.415094 0.225226
vt 0.419177 0.213797
vt 0.017662 0.194255
vt 0.011405 0.209187
vt 0.008955 0.206130
vt 0.015212 0.191198
vt 0.086521 0.986640
vt 0.084445 0.977813
vt 0.087673 0.978669
vt 0.089725 0.987827
vt 0.883155 0.307581
vt 0.874335 0.295771
vt 0.885903 0.302593
vt 0.323167 0.951392
vt 0.323794 0.942530
vt 0.343429 0.944754
vt 0.244829 0.177827
vt 0.242373 0.178564
vt 0.244182 0.161807
vt 0.247517 0.161417
vt 0.867032 0.301409
vt 0.861173 0.278569
vt 0.428862 0.561683
vt 0.430060 0.567410
vt 0.428349 0.567741
vt 0.425639 0.563915
vt 0.151516 0.135754
vt 0.156770 0.142209
vt 0.147887 0.143276
vt 0.142288 0.135760
vt 0.352663 0.740224
vt 0.360438 0.738699
vt 0.361629 0.750690
vt 0.354481 0.752113
vt 0.394191 0.629717
vt 0.400779 0.622357
vt 0.403089 0.626249
vt 0.080443 0.233594
vt 0.076934 0.233047
vt 0.075551 0.230888
vt 0.563112 0.150057
vt 0.558099 0.149559
vt 0.559925 0.138270
vt 0.564274 0.136377
vt 0.178482 0.356198
vt 0.186739 0.355840
vt 0.190278 0.363487
vt 0.179080 0.365012
vt 0.937730 0.211673
vt 0.938428 0.211233
vt 0.939017 0.225904
vt 0.937765 0.225473
vt 0.871114 0.752495
vt 0.869156 0.743535
vt 0.873766 0.748980
vt 0.228065 0.447127
vt 0.233427 0.437185
vt 0.238053 0.437533
vt 0.233032 0.446052
vt 0.938958 0.356494
vt 0.941643 0.343439
vt 0.951392 0.343924
vt 0.949439 0.354954
vt 0.985876 0.408403
vt 0.975837 0.408257
vt 0.425227 0.164649
vt 0.431020 0.185222
vt 0.427274 0.185430
vt 0.421607 0.165966
vt 0.350386 0.730624
vt 0.357368 0.727012
vt 0.125380 0.874274
vt 0.125670 0.857630
vt 0.134868 0.856967
vt 0.134093 0.873011
vt 0.162835 0.408655
vt 0.166388 0.397679
vt 0.171715 0.405735
vt 0.371144 0.099007
vt 0.373903 0.089887
vt 0.378329 0.091870
vt 0.379010 0.099007
vt 0.604063 0.462491
vt 0.607972 0.460258
vt 0.609510 0.471559
vt 0.607117 0.474923
vt 0.092367 0.684722
vt 0.092454 0.667160
vt 0.666885 0.639770
vt 0.669131 0.640233
vt 0.582306 0.481431
vt 0.576616 0.481704
vt 0.583127 0.475751
vt 0.584932 0.477063
vt 0.031914 0.216216
vt 0.032487 0.222360
vt 0.029337 0.221923
vt 0.030197 0.217106
vt 0.191316 0.595748
vt 0.193372 0.595811
vt 0.193372 0.606416
vt 0.191432 0.606246
vt 0.643507 0.033125
vt 0.634691 0.030168
vt 0.644144 0.013056
vt 0.652825 0.018261
vt 0.290832 0.385441
vt 0.289441 0.386745
vt 0.283434 0.376078
vt 0.284700 0.373654
vt 0.014894 0.771926
vt 0.012497 0.764275
vt 0.027201 0.764312
vt 0.028722 0.773291
vt 0.588287 0.624482
vt 0.588270 0.610416
vt 0.601379 0.608570
vt 0.601565 0.622964
vt 0.891119 0.350779
vt 0.731647 0.088719
vt 0.731721 0.104856
vt 0.728839 0.103243
vt 0.728765 0.087107
vt 0.024578 0.461587
vt 0.352757 0.933584
vt 0.359368 0.935625
vt 0.357631 0.941128
vt 0.349802 0.941269
vt 0.937077 0.952144
vt 0.936611 0.948734
vt 0.938736 0.948873
vt 0.940189 0.953477
vt 0.645568 0.785036
vt 0.645729 0.796718
vt 0.635655 0.783061
vt 0.080443 0.231092
vt 0.076843 0.228984
vt 0.079334 0.228616
vt 0.536667 0.354329
vt 0.541246 0.354291
vt 0.538124 0.368198
vt 0.534502 0.367273
vt 0.954087 0.385119
vt 0.956283 0.384373
vt 0.956670 0.396562
vt 0.954224 0.396683
vt 0.410228 0.141517
vt 0.410802 0.139721
vt 0.420778 0.149193
vt 0.420051 0.150057
vt 0.902759 0.648317
vt 0.888643 0.642896
vt 0.894594 0.632696
vt 0.900027 0.636210
vt 0.984279 0.180035
vt 0.987416 0.179988
vt 0.988520 0.190719
vt 0.986028 0.191825
vt 0.973711 0.287276
vt 0.977691 0.284412
vt 0.976703 0.299341
vt 0.971608 0.300114
vt 0.134761 0.572358
vt 0.128356 0.572600
vt 0.131104 0.560937
vt 0.417370 0.018624
vt 0.425075 0.016925
vt 0.424979 0.030199
vt 0.417831 0.030032
vt 0.397474 0.824055
vt 0.398887 0.810468
vt 0.401375 0.812209
vt 0.400846 0.823698
vt 0.728815 0.228687
vt 0.726449 0.215358
vt 0.736544 0.214479
vt 0.737862 0.229587
vt 0.234377 0.972017
vt 0.226611 0.961687
vt 0.304755 0.869110
vt 0.304739 0.883627
vt 0.295180 0.880817
vt 0.294909 0.868231
vt 0.782554 0.602195
vt 0.781705 0.592008
vt 0.789621 0.596600
vt 0.976225 0.819799
vt 0.978491 0.816283
vt 0.981002 0.821401
vt 0.482867 0.382941
vt 0.485752 0.382182
vt 0.483309 0.395744
vt 0.481249 0.394841
vt 0.587953 0.976851
vt 0.593300 0.971625
vt 0.601267 0.968635
vt 0.944244 0.616840
vt 0.942742 0.612993
vt 0.949820 0.611152
vt 0.951660 0.617260
vt 0.932359 0.405489
vt 0.934142 0.414579
vt 0.754538 0.611575
vt 0.757078 0.609230
vt 0.766667 0.620047
vt 0.764998 0.621886
vt 0.262236 0.052116
vt 0.264431 0.051608
vt 0.267787 0.066331
vt 0.266568 0.065922
vt 0.184494 0.469088
vt 0.191825 0.468284
vt 0.190261 0.474546
vt 0.181992 0.474725
vt 0.402699 0.733782
vt 0.400517 0.720742
vt 0.406140 0.720978
vt 0.409451 0.732917
vt 0.516782 0.166506
vt 0.519785 0.168344
vt 0.510667 0.179758
vt 0.507428 0.178793
vt 0.170827 0.125820
vt 0.161239 0.134381
vt 0.158243 0.127052
vt 0.163315 0.120240
vt 0.257209 0.022193
vt 0.244838 0.011269
vt 0.246599 0.009595
vt 0.259610 0.020844
vt 0.102906 0.249064
vt 0.102906 0.241061
vt 0.106742 0.241893
vt 0.839530 0.761288
vt 0.853145 0.747181
vt 0.853850 0.762606
vt 0.448723 0.036497
vt 0.452418 0.036428
vt 0.453265 0.050195
vt 0.448723 0.052597
vt 0.230287 0.751834
vt 0.228923 0.735373
vt 0.235441 0.735627
vt 0.236133 0.751709
vt 0.806176 0.127278
vt 0.819827 0.127753
vt 0.821258 0.140426
vt 0.807864 0.139168
vt 0.929249 0.154881
vt 0.939017 0.151768
vt 0.933753 0.161310
vt 0.925141 0.163350
vt 0.641267 0.888041
vt 0.645090 0.886433
vt 0.642392 0.898214
vt 0.641052 0.897355
vt 0.809902 0.714770
vt 0.813809 0.714033
vt 0.813191 0.729430
vt 0.809740 0.730754
vt 0.587714 0.846053
vt 0.597654 0.847507
vt 0.597784 0.859142
vt 0.587562 0.858464
vt 0.492213 0.282965
vt 0.500193 0.274479
vt 0.501221 0.277041
vt 0.493502 0.284430
vt 0.747586 0.346018
vt 0.751039 0.345856
vt 0.750064 0.358792
vt 0.746611 0.358954
vt 0.366798 0.204201
vt 0.366798 0.196664
vt 0.369728 0.201577
vt 0.124208 0.581664
vt 0.120453 0.581448
vt 0.906173 0.354128
vt 0.909293 0.344919
vt 0.914265 0.355805
vt 0.756862 0.587001
vt 0.760604 0.578421
vt 0.770396 0.586787
vt 0.766886 0.594480
vt 0.400055 0.398413
vt 0.409743 0.396420
vt 0.411666 0.411247
vt 0.402152 0.415447
vt 0.850032 0.403418
vt 0.851319 0.386288
vt 0.854801 0.388659
vt 0.854777 0.404962
vt 0.989624 0.041768
vt 0.989187 0.039924
vt 0.991614 0.040198
vt 0.917750 0.621014
vt 0.917592 0.606449
vt 0.920990 0.606916
vt 0.921018 0.620721
vt 0.721088 0.292180
vt 0.727714 0.300868
vt 0.722537 0.305814
vt 0.711062 0.297116
vt 0.401489 0.981130
vt 0.411497 0.988739
vt 0.410043 0.994708
vt 0.401380 0.992316
vt 0.248323 0.955458
vt 0.248519 0.958614
vt 0.237386 0.957515
vt 0.237191 0.954358
vt 0.295180 0.780945
vt 0.296301 0.794853
vt 0.281484 0.793658
vt 0.280701 0.781091
vt 0.357826 0.237305
vt 0.358147 0.253109
vt 0.343056 0.257858
vt 0.376448 0.366505
vt 0.370860 0.374028
vt 0.328438 0.843041
vt 0.312962 0.840055
vt 0.312784 0.834201
vt 0.326653 0.832872
vt 0.911964 0.860853
vt 0.918906 0.860283
vt 0.916502 0.874148
vt 0.910400 0.875112
vt 0.881390 0.629792
vt 0.889892 0.625881
vt 0.893373 0.626651
vt 0.319866 0.795082
vt 0.320350 0.808818
vt 0.309119 0.808465
vt 0.310057 0.794452
vt 0.850717 0.412825
vt 0.855462 0.414369
vt 0.335512 0.684200
vt 0.337766 0.697016
vt 0.324210 0.695244
vt 0.323098 0.683319
vt 0.199297 0.105156
vt 0.195588 0.106139
vt 0.199094 0.098473
vt 0.203534 0.100149
vt 0.895936 0.961090
vt 0.892087 0.962637
vt 0.893130 0.953825
vt 0.900342 0.954648
vt 0.014306 0.109300
vt 0.017017 0.109381
vt 0.014874 0.120061
vt 0.011512 0.120877
vt 0.945565 0.218429
vt 0.948298 0.217685
vt 0.946806 0.230771
vt 0.943634 0.232598
vt 0.988520 0.133981
vt 0.988520 0.145691
vt 0.984723 0.144404
vt 0.986000 0.132353
vt 0.272495 0.875391
vt 0.268842 0.874213
vt 0.198112 0.859217
vt 0.209346 0.858948
vt 0.209400 0.871803
vt 0.199409 0.872724
vt 0.704095 0.137247
vt 0.708563 0.124851
vt 0.711611 0.127233
vt 0.707837 0.139122
vt 0.561536 0.091368
vt 0.573038 0.088934
vt 0.574289 0.102114
vt 0.562311 0.104067
vt 0.363297 0.350848
vt 0.370187 0.338741
vt 0.380827 0.345153
vt 0.376945 0.356517
vt 0.901880 0.511135
vt 0.901955 0.523164
vt 0.893163 0.521954
vt 0.893163 0.508348
vt 0.179733 0.348351
vt 0.196493 0.343789
vt 0.198681 0.347868
vt 0.180405 0.349617
vt 0.549647 0.457694
vt 0.555172 0.452079
vt 0.554264 0.460192
vt 0.550957 0.463448
vt 0.020124 0.658194
vt 0.016402 0.657947
vt 0.119795 0.312855
vt 0.120056 0.299192
vt 0.122211 0.300094
vt 0.122211 0.314037
vt 0.056302 0.936861
vt 0.062339 0.936417
vt 0.064371 0.949795
vt 0.058667 0.949170
vt 0.070754 0.139008
vt 0.068416 0.143673
vt 0.062166 0.136595
vt 0.064252 0.133295
vt 0.510606 0.292232
vt 0.507786 0.280170
vt 0.514258 0.278178
vt 0.519497 0.289363
vt 0.366893 0.519594
vt 0.371275 0.531986
vt 0.369359 0.534731
vt 0.361294 0.792608
vt 0.362199 0.808001
vt 0.354089 0.806641
vt 0.353184 0.791248
vt 0.957413 0.622879
vt 0.959632 0.618378
vt 0.960674 0.623433
vt 0.727662 0.428621
vt 0.730884 0.416966
vt 0.140452 0.106912
vt 0.142322 0.106369
vt 0.142322 0.115480
vt 0.140452 0.116023
vt 0.778189 0.701065
vt 0.782377 0.701102
vt 0.784748 0.714855
vt 0.780560 0.714817
vt 0.350088 0.307442
vt 0.351012 0.294491
vt 0.354531 0.294505
vt 0.352514 0.307188
vt 0.781591 0.168817
vt 0.783908 0.181375
vt 0.780277 0.182773
vt 0.777457 0.169161
vt 0.282954 0.280754
vt 0.271086 0.278390
vt 0.272051 0.276201
vt 0.284562 0.278513
vt 0.235665 0.428508
vt 0.242876 0.421530
vt 0.241354 0.428495
vt 0.193202 0.702183
vt 0.207526 0.700516
vt 0.206772 0.713832
vt 0.192536 0.715697
vt 0.283514 0.574939
vt 0.284700 0.566154
vt 0.296705 0.565315
vt 0.296360 0.576381
vt 0.501341 0.408134
vt 0.502078 0.390085
vt 0.504254 0.390994
vt 0.503882 0.407169
vt 0.155343 0.055518
vt 0.154111 0.057457
vt 0.143208 0.044168
vt 0.276909 0.064030
vt 0.276909 0.071161
vt 0.273477 0.068764
vt 0.273233 0.063069
vt 0.944678 0.412860
vt 0.938380 0.404854
vt 0.948298 0.404307
vt 0.375434 0.899063
vt 0.384639 0.895471
vt 0.382633 0.908896
vt 0.373480 0.911347
vt 0.521826 0.532421
vt 0.524426 0.531822
vt 0.524426 0.544537
vt 0.522867 0.544210
vt 0.115546 0.102185
vt 0.117797 0.102303
vt 0.832934 0.886277
vt 0.834057 0.880522
vt 0.843104 0.884177
vt 0.842152 0.891060
vt 0.375052 0.308741
vt 0.375123 0.294733
vt 0.380557 0.296800
vt 0.380557 0.315691
vt 0.453281 0.712899
vt 0.463935 0.710426
vt 0.462703 0.723803
vt 0.451843 0.724965
vt 0.405857 0.572457
vt 0.415458 0.581965
vt 0.408912 0.585517
vt 0.401606 0.577531
vt 0.455046 0.365165
vt 0.454563 0.356764
vt 0.455457 0.357345
vt 0.456555 0.364801
vt 0.310086 0.587197
vt 0.319290 0.588569
vt 0.518770 0.484499
vt 0.523800 0.481933
vt 0.527984 0.491732
vt 0.521954 0.497153
vt 0.664396 0.914714
vt 0.674483 0.909594
vt 0.673792 0.923119
vt 0.663545 0.927324
vt 0.255647 0.103849
vt 0.264030 0.095197
vt 0.265475 0.096482
vt 0.256116 0.106051
vt 0.047404 0.070266
vt 0.049503 0.070437
vt 0.049503 0.080443
vt 0.047404 0.080272
vt 0.831977 0.604173
vt 0.831272 0.612866
vt 0.817302 0.612487
vt 0.818561 0.604137
vt 0.490123 0.447413
vt 0.499102 0.444339
vt 0.502768 0.459300
vt 0.493779 0.462166
vt 0.778813 0.209750
vt 0.780569 0.221816
vt 0.770285 0.220992
vt 0.769380 0.209050
vt 0.741824 0.072670
vt 0.745585 0.075802
vt 0.596320 0.138562
vt 0.598652 0.137369
vt 0.600248 0.147406
vt 0.599417 0.148504
vt 0.629090 0.558365
vt 0.628045 0.544773
vt 0.632142 0.546844
vt 0.632746 0.559142
vt 0.559087 0.070918
vt 0.560007 0.085074
vt 0.552848 0.084918
vt 0.082240 0.058207
vt 0.083537 0.057874
vt 0.083537 0.061851
vt 0.081156 0.061879
vt 0.560063 0.344344
vt 0.562930 0.336410
vt 0.568796 0.341800
vt 0.151276 0.485968
vt 0.151267 0.501627
vt 0.148862 0.487057
vt 0.795147 0.592129
vt 0.790482 0.587584
vt 0.794532 0.584251
vt 0.570987 0.140604
vt 0.573835 0.140377
vt 0.096129 0.550878
vt 0.096604 0.539023
vt 0.103056 0.541170
vt 0.101204 0.553300
vt 0.754606 0.186965
vt 0.750656 0.171913
vt 0.753216 0.171209
vt 0.756473 0.185386
vt 0.709192 0.938895
vt 0.720812 0.934560
vt 0.736285 0.296806
vt 0.733463 0.280564
vt 0.736347 0.282356
vt 0.739695 0.297624
vt 0.821280 0.882824
vt 0.821472 0.876019
vt 0.126941 0.957672
vt 0.126326 0.944007
vt 0.137657 0.944919
vt 0.137054 0.957886
vt 0.281464 0.917958
vt 0.278650 0.906431
vt 0.280439 0.905649
vt 0.283738 0.918322
vt 0.068441 0.375879
vt 0.082378 0.379896
vt 0.079331 0.389043
vt 0.063977 0.384865
vt 0.811814 0.935174
vt 0.812010 0.931363
vt 0.822959 0.931078
vt 0.822993 0.940813
vt 0.921085 0.201316
vt 0.926204 0.187255
vt 0.929735 0.187830
vt 0.924616 0.201891
vt 0.217102 0.351797
vt 0.219671 0.350529
vt 0.219671 0.358265
vt 0.218386 0.358899
vt 0.510503 0.345611
vt 0.509536 0.362735
vt 0.507025 0.360691
vt 0.507235 0.344789
vt 0.326352 0.078183
vt 0.324892 0.079846
vt 0.316851 0.066891
vt 0.318462 0.065075
vt 0.214583 0.044734
vt 0.213080 0.046409
vt 0.213080 0.034719
vt 0.577023 0.461322
vt 0.577023 0.473376
vt 0.574134 0.472228
vt 0.572490 0.461710
vt 0.976144 0.745644
vt 0.970875 0.741754
vt 0.976144 0.732747
vt 0.952627 0.208680
vt 0.955288 0.208379
vt 0.959127 0.221628
vt 0.956123 0.222765
vt 0.566094 0.352074
vt 0.570204 0.355203
vt 0.567178 0.359765
vt 0.366897 0.689563
vt 0.378183 0.687035
vt 0.376397 0.700365
vt 0.365243 0.703064
vt 0.715639 0.576695
vt 0.714552 0.565460
vt 0.725110 0.565460
vt 0.725119 0.577023
vt 0.166023 0.389839
vt 0.166270 0.387182
vt 0.178620 0.386107
vt 0.178794 0.388051
vt 0.622457 0.063414
vt 0.626397 0.046491
vt 0.631950 0.049183
vt 0.626574 0.064973
vt 0.919579 0.311211
vt 0.925094 0.308775
vt 0.922151 0.316021
vt 0.918162 0.318662
vt 0.327631 0.305871
vt 0.327983 0.291012
vt 0.330360 0.291346
vt 0.331054 0.306354
vt 0.581174 0.972812
vt 0.585023 0.970408
vt 0.577144 0.975537
vt 0.387325 0.085341
vt 0.391386 0.083507
vt 0.391386 0.099717
vt 0.388353 0.100554
vt 0.592270 0.966292
vt 0.600109 0.958775
vt 0.601775 0.962869
vt 0.005777 0.392933
vt 0.010018 0.385649
vt 0.022730 0.391912
vt 0.820037 0.260796
vt 0.820532 0.250665
vt 0.835104 0.252621
vt 0.835712 0.263692
vt 0.266665 0.462087
vt 0.279902 0.459061
vt 0.278795 0.473880
vt 0.265901 0.477575
vt 0.629710 0.324812
vt 0.639933 0.322363
vt 0.642765 0.336537
vt 0.632542 0.338987
vt 0.066109 0.339771
vt 0.050485 0.338673
vt 0.050369 0.335152
vt 0.066750 0.337425
vt 0.841013 0.592344
vt 0.841557 0.605458
vt 0.831002 0.592093
vt 0.414529 0.607288
vt 0.566509 0.327267
vt 0.723168 0.531866
vt 0.723326 0.547978
vt 0.720845 0.547577
vt 0.720687 0.531464
vt 0.885597 0.370430
vt 0.886419 0.382220
vt 0.880692 0.381796
vt 0.880041 0.369837
vt 0.468199 0.481689
vt 0.466806 0.467793
vt 0.471304 0.467500
vt 0.472727 0.482712
vt 0.988517 0.467815
vt 0.989430 0.465886
vt 0.990718 0.467174
vt 0.989767 0.468735
vt 0.688446 0.320898
vt 0.689953 0.335459
vt 0.879912 0.737383
vt 0.880972 0.728465
vt 0.886419 0.729798
vt 0.425123 0.622785
vt 0.418607 0.631076
vt 0.412489 0.621501
vt 0.418798 0.615500
vt 0.880165 0.027153
vt 0.885828 0.014442
vt 0.887966 0.014708
vt 0.882799 0.027876
vt 0.671838 0.183864
vt 0.681168 0.181510
vt 0.682314 0.195985
vt 0.673765 0.197543
vt 0.868475 0.849281
vt 0.877754 0.847466
vt 0.877794 0.860513
vt 0.868634 0.863439
vt 0.196231 0.555075
vt 0.202105 0.570894
vt 0.199646 0.571352
vt 0.194578 0.556324
vt 0.929647 0.682757
vt 0.936969 0.686764
vt 0.587078 0.300960
vt 0.587058 0.281070
vt 0.590716 0.278212
vt 0.591244 0.300540
vt 0.101747 0.128488
vt 0.091923 0.138064
vt 0.092050 0.136488
vt 0.101153 0.126046
vt 0.313088 0.273221
vt 0.315584 0.272144
vt 0.315038 0.278976
vt 0.313058 0.279655
vt 0.892016 0.373609
vt 0.891435 0.357316
vt 0.897888 0.359626
vt 0.898653 0.374210
vt 0.880651 0.050784
vt 0.879082 0.039320
vt 0.881716 0.040043
vt 0.882808 0.049624
vt 0.278456 0.164055
vt 0.278341 0.180529
vt 0.271429 0.166499
vt 0.650949 0.952034
vt 0.660994 0.950074
vt 0.662582 0.958193
vt 0.651836 0.960402
vt 0.597266 0.085362
vt 0.598993 0.099023
vt 0.589564 0.100438
vt 0.587700 0.086609
vt 0.970051 0.610176
vt 0.975303 0.607610
vt 0.977807 0.622650
vt 0.972550 0.624980
vt 0.622620 0.477229
vt 0.618262 0.467867
vt 0.623406 0.467632
vt 0.628101 0.477875
vt 0.900403 0.696264
vt 0.899413 0.684273
vt 0.912368 0.686854
vt 0.913458 0.699663
vt 0.168621 0.003272
vt 0.162917 0.017619
vt 0.159715 0.016125
vt 0.166332 0.002421
vt 0.176356 0.014491
vt 0.176035 0.020111
vt 0.173421 0.019363
vt 0.172910 0.012693
vt 0.460143 0.592170
vt 0.459511 0.605575
vt 0.449320 0.603908
vt 0.450645 0.589639
vt 0.400821 0.213316
vt 0.408376 0.213007
vt 0.407102 0.228788
vt 0.399178 0.228560
vt 0.833578 0.132908
vt 0.838369 0.132454
vt 0.841557 0.146136
vt 0.836765 0.146590
vt 0.735274 0.319128
vt 0.737643 0.316791
vt 0.741003 0.327997
vt 0.737693 0.329643
vt 0.134295 0.293505
vt 0.138400 0.281808
vt 0.145670 0.290464
vt 0.139006 0.297020
vt 0.224198 0.800828
vt 0.238420 0.800567
vt 0.234783 0.817041
vt 0.220196 0.818766
vt 0.686768 0.149599
vt 0.695100 0.150606
vt 0.695290 0.163138
vt 0.691240 0.162600
vt 0.964319 0.401758
vt 0.966862 0.401057
vt 0.964173 0.414549
vt 0.962183 0.414591
vt 0.208438 0.687395
vt 0.220669 0.686562
vt 0.221254 0.697669
vt 0.335121 0.795023
vt 0.346172 0.795753
vt 0.586492 0.751732
vt 0.586255 0.738982
vt 0.594159 0.739494
vt 0.593704 0.753997
vt 0.622102 0.647964
vt 0.622795 0.635580
vt 0.627589 0.649091
vt 0.259331 0.405069
vt 0.271199 0.404320
vt 0.270345 0.410363
vt 0.259136 0.411497
vt 0.112830 0.179108
vt 0.121803 0.188067
vt 0.119489 0.189618
vt 0.109966 0.179682
vt 0.265048 0.766343
vt 0.269894 0.765989
vt 0.269521 0.780943
vt 0.264675 0.781297
vt 0.474886 0.037455
vt 0.470452 0.038990
vt 0.467051 0.014484
vt 0.471485 0.012949
vt 0.946794 0.902683
vt 0.953683 0.901517
vt 0.954028 0.913117
vt 0.947140 0.914283
vt 0.790695 0.579721
vt 0.790795 0.576353
vt 0.276909 0.519785
vt 0.268284 0.515364
vt 0.274446 0.512319
vt 0.584020 0.071161
vt 0.587633 0.065747
vt 0.587852 0.077349
vt 0.582750 0.077349
vt 0.913572 0.163560
vt 0.911135 0.168862
vt 0.907533 0.163057
vt 0.889329 0.882497
vt 0.900126 0.886807
vt 0.013679 0.338558
vt 0.013353 0.334456
vt 0.018564 0.333824
vt 0.018238 0.337134
vt 0.987679 0.968249
vt 0.986033 0.979556
vt 0.977442 0.979153
vt 0.979477 0.968415
vt 0.057642 0.681371
vt 0.069115 0.681175
vt 0.068860 0.694895
vt 0.056489 0.695825
vt 0.414347 0.478954
vt 0.416648 0.479332
vt 0.409481 0.491939
vt 0.407179 0.491561
vt 0.485429 0.497861
vt 0.482355 0.497278
vt 0.487558 0.485625
vt 0.490393 0.485865
vt 0.847898 0.337212
vt 0.860272 0.333935
vt 0.861006 0.348938
vt 0.847898 0.351153
vt 0.652866 0.198810
vt 0.661913 0.199201
vt 0.662439 0.213126
vt 0.653392 0.212736
vt 0.179176 0.649068
vt 0.182702 0.647651
vt 0.183069 0.662169
vt 0.179769 0.662173
vt 0.701462 0.564849
vt 0.698651 0.547905
vt 0.709209 0.547905
vt 0.577749 0.051050
vt 0.577749 0.040060
vt 0.580117 0.039971
vt 0.580117 0.050961
vt 0.242300 0.111102
vt 0.241604 0.108025
vt 0.669048 0.952354
vt 0.675545 0.946234
vt 0.678204 0.957819
vt 0.669729 0.959239
vt 0.150298 0.115619
vt 0.155568 0.115982
vt 0.152754 0.121920
vt 0.278868 0.706030
vt 0.278837 0.695610
vt 0.286276 0.699056
vt 0.286438 0.709313
vt 0.490739 0.515144
vt 0.492758 0.506151
vt 0.495034 0.508335
vt 0.985842 0.216283
vt 0.988520 0.217079
vt 0.987099 0.228020
vt 0.984401 0.228392
vt 0.552188 0.371505
vt 0.556913 0.371842
vt 0.834520 0.869143
vt 0.842379 0.861562
vt 0.842913 0.873998
vt 0.100554 0.233594
vt 0.097271 0.226331
vt 0.100554 0.224472
vt 0.240839 0.698398
vt 0.246548 0.696115
vt 0.247806 0.712999
vt 0.240882 0.715939
vt 0.961676 0.734775
vt 0.962110 0.724711
vt 0.970984 0.729566
vt 0.192514 0.386446
vt 0.195461 0.386291
vt 0.199560 0.394480
vt 0.191374 0.394480
vt 0.941808 0.603279
vt 0.944331 0.584167
vt 0.945204 0.584879
vt 0.943429 0.604869
vt 0.126586 0.380896
vt 0.130140 0.378685
vt 0.134634 0.392555
vt 0.131080 0.394766
vt 0.771937 0.406901
vt 0.769617 0.406171
vt 0.770042 0.391068
vt 0.775218 0.393983
vt 0.576844 0.772433
vt 0.576069 0.783689
vt 0.570227 0.781826
vt 0.571598 0.769897
vt 0.403758 0.771655
vt 0.405939 0.781683
vt 0.395986 0.772159
vt 0.793702 0.214985
vt 0.796448 0.201942
vt 0.802882 0.202964
vt 0.799539 0.215063
vt 0.554514 0.540805
vt 0.553903 0.524837
vt 0.565315 0.523169
vt 0.565213 0.539732
vt 0.014458 0.286574
vt 0.017639 0.283352
vt 0.019759 0.289029
vt 0.016446 0.293363
vt 0.648633 0.187574
vt 0.652058 0.186075
vt 0.649562 0.198911
vt 0.517268 0.025610
vt 0.518238 0.026145
vt 0.514901 0.037128
vt 0.513744 0.036499
vt 0.223197 0.922508
vt 0.227210 0.934758
vt 0.215343 0.935923
vt 0.212762 0.923047
vt 0.310824 0.072859
vt 0.313774 0.071322
vt 0.314037 0.076451
vt 0.310824 0.078896
vt 0.733955 0.768068
vt 0.745892 0.782661
vt 0.739488 0.779924
vt 0.729596 0.769773
vt 0.408865 0.616788
vt 0.783406 0.581881
vt 0.222069 0.909842
vt 0.216681 0.910855
vt 0.213575 0.904287
vt 0.215964 0.902026
vt 0.975867 0.724737
vt 0.887751 0.282799
vt 0.877265 0.267867
vt 0.887022 0.264358
vt 0.885588 0.350445
vt 0.884005 0.339574
vt 0.242876 0.220983
vt 0.240079 0.213730
vt 0.242876 0.211869
vt 0.816868 0.190133
vt 0.816527 0.171821
vt 0.826087 0.173305
vt 0.825019 0.191359
vt 0.866832 0.250230
vt 0.867311 0.234793
vt 0.878019 0.233944
vt 0.877683 0.249720
vt 0.048398 0.257668
vt 0.067658 0.266617
vt 0.051129 0.269757
vt 0.144710 0.523636
vt 0.139351 0.525949
vt 0.136873 0.522221
vt 0.569063 0.037324
vt 0.570373 0.036416
vt 0.460017 0.970929
vt 0.470282 0.971543
vt 0.470282 0.976343
vt 0.466023 0.979715
vt 0.163527 0.114114
vt 0.164189 0.139314
vt 0.743638 0.874533
vt 0.752582 0.874345
vt 0.752324 0.888893
vt 0.742862 0.890061
vt 0.973909 0.873248
vt 0.978997 0.864755
vt 0.980785 0.866251
vt 0.976618 0.873462
vt 0.050457 0.200374
vt 0.050457 0.196025
vt 0.052597 0.197685
vt 0.052565 0.201107
vt 0.363328 0.010829
vt 0.363328 0.002931
vt 0.364765 0.003110
vt 0.366634 0.007574
vt 0.208343 0.509599
vt 0.206068 0.494545
vt 0.211916 0.494533
vt 0.216118 0.508116
vt 0.721979 0.228528
vt 0.719507 0.214454
vt 0.176148 0.073267
vt 0.172984 0.074706
vt 0.166325 0.065408
vt 0.168268 0.063565
vt 0.078614 0.144075
vt 0.075410 0.152796
vt 0.015743 0.142747
vt 0.018495 0.139242
vt 0.024752 0.153715
vt 0.020341 0.155422
vt 0.841014 0.499006
vt 0.840724 0.489555
vt 0.853206 0.501221
vt 0.636792 0.862167
vt 0.639396 0.862452
vt 0.638993 0.868787
vt 0.637043 0.868875
vt 0.250761 0.378984
vt 0.265089 0.378335
vt 0.262061 0.389649
vt 0.248309 0.389330
vt 0.705847 0.668657
vt 0.716895 0.668387
vt 0.715087 0.683195
vt 0.702960 0.683796
vt 0.475330 0.552167
vt 0.471568 0.537706
vt 0.482584 0.535816
vt 0.486587 0.550620
vt 0.328143 0.718624
vt 0.334242 0.705177
vt 0.338788 0.706443
vt 0.332671 0.719651
vt 0.512650 0.902606
vt 0.509192 0.903020
vt 0.510255 0.895347
vt 0.516607 0.898693
vt 0.594661 0.924105
vt 0.604869 0.923240
vt 0.603626 0.936987
vt 0.593519 0.937812
vt 0.873906 0.738791
vt 0.877901 0.743540
vt 0.144236 0.121642
vt 0.148521 0.128426
vt 0.138648 0.128703
vt 0.864997 0.673834
vt 0.869833 0.685264
vt 0.866580 0.685882
vt 0.861590 0.675562
vt 0.145375 0.251322
vt 0.148510 0.251207
vt 0.148263 0.264498
vt 0.145768 0.264533
vt 0.791465 0.367710
vt 0.794682 0.366521
vt 0.801335 0.376017
vt 0.799438 0.379010
vt 0.007788 0.833822
vt 0.004099 0.821168
vt 0.007470 0.820983
vt 0.011026 0.832539
vt 0.557134 0.253418
vt 0.566586 0.249751
vt 0.569168 0.264515
vt 0.561203 0.267627
vt 0.132201 0.534944
vt 0.125386 0.536054
vt 0.129158 0.526916
vt 0.116778 0.030258
vt 0.113300 0.025723
vt 0.128333 0.032985
vt 0.789303 0.572968
vt 0.192801 0.913560
vt 0.202385 0.915812
vt 0.964014 0.567110
vt 0.967098 0.567165
vt 0.968409 0.587179
vt 0.966568 0.585474
vt 0.002774 0.638420
vt 0.006028 0.635880
vt 0.012376 0.647256
vt 0.008723 0.648499
vt 0.180997 0.408932
vt 0.178427 0.422325
vt 0.176706 0.419702
vt 0.179188 0.408225
vt 0.733178 0.558664
vt 0.735483 0.558112
vt 0.739456 0.569686
vt 0.737608 0.570835
vt 0.132294 0.084565
vt 0.136134 0.098168
vt 0.135267 0.099007
vt 0.130051 0.085454
vt 0.857917 0.687142
vt 0.853703 0.675902
vt 0.794135 0.053754
vt 0.797964 0.052623
vt 0.797836 0.061442
vt 0.794007 0.062573
vt 0.112996 0.039732
vt 0.109889 0.035498
vt 0.116023 0.036964
vt 0.892644 0.127958
vt 0.888862 0.116913
vt 0.893036 0.116919
vt 0.895994 0.127500
vt 0.327850 0.922804
vt 0.339549 0.913187
vt 0.340862 0.918010
vt 0.170989 0.431150
vt 0.172222 0.446916
vt 0.711545 0.245902
vt 0.710944 0.261243
vt 0.704030 0.260941
vt 0.703753 0.245946
vt 0.826478 0.628018
vt 0.834999 0.631099
vt 0.340897 0.374271
vt 0.353519 0.379407
vt 0.349668 0.386219
vt 0.335732 0.381138
vt 0.059289 0.832016
vt 0.065282 0.843318
vt 0.049501 0.844651
vt 0.051528 0.830520
vt 0.342763 0.179516
vt 0.339875 0.179978
vt 0.339510 0.160586
vt 0.341063 0.160308
vt 0.810027 0.980610
vt 0.814160 0.969578
vt 0.819179 0.972550
vt 0.817458 0.983032
vt 0.599626 0.019896
vt 0.599362 0.035764
vt 0.597133 0.034854
vt 0.595969 0.019120
vt 0.872675 0.318254
vt 0.877137 0.319042
vt 0.876447 0.332222
vt 0.872396 0.332266
vt 0.583206 0.833842
vt 0.587796 0.834370
vt 0.582948 0.846276
vt 0.963985 0.910594
vt 0.963151 0.922373
vt 0.951725 0.924396
vt 0.986890 0.793752
vt 0.988403 0.782529
vt 0.990067 0.793959
vt 0.987718 0.805089
vt 0.148980 0.107677
vt 0.151648 0.107853
vt 0.095975 0.404214
vt 0.095491 0.388407
vt 0.097468 0.390119
vt 0.098191 0.404631
vt 0.510768 0.883345
vt 0.517077 0.886902
vt 0.676962 0.816382
vt 0.683765 0.815749
vt 0.683765 0.827469
vt 0.676158 0.828748
vt 0.857828 0.852141
vt 0.857987 0.866300
vt 0.454350 0.372822
vt 0.456164 0.372667
vt 0.861665 0.396614
vt 0.863923 0.395036
vt 0.869158 0.407210
vt 0.865782 0.407187
vt 0.683617 0.796643
vt 0.683046 0.809070
vt 0.848950 0.688536
vt 0.845360 0.677486
vt 0.138489 0.805411
vt 0.142322 0.806192
vt 0.140755 0.812885
vt 0.137077 0.812736
vt 0.071265 0.368434
vt 0.086338 0.371357
vt 0.039326 0.144645
vt 0.039421 0.131007
vt 0.042320 0.131626
vt 0.042137 0.143839
vt 0.445818 0.325194
vt 0.440308 0.313754
vt 0.443797 0.313264
vt 0.448319 0.324017
vt 0.311340 0.423778
vt 0.307343 0.419177
vt 0.311876 0.417905
vt 0.958934 0.780057
vt 0.959026 0.768352
vt 0.963768 0.770610
vt 0.963390 0.781225
vt 0.956438 0.610519
vt 0.729010 0.986523
vt 0.726231 0.974551
vt 0.737765 0.978512
vt 0.737909 0.990067
vt 0.258492 0.327449
vt 0.264817 0.332919
vt 0.261554 0.334204
vt 0.393906 0.686342
vt 0.395295 0.686547
vt 0.391870 0.698966
vt 0.389460 0.699235
vt 0.385198 0.124724
vt 0.385198 0.131488
vt 0.383881 0.131493
vt 0.383881 0.124730
vt 0.684864 0.084674
vt 0.684233 0.097271
vt 0.498404 0.033394
vt 0.484966 0.035852
vt 0.481548 0.011138
vt 0.493880 0.009425
vt 0.223837 0.260616
vt 0.219411 0.250210
vt 0.231510 0.248249
vt 0.238207 0.259055
vt 0.419168 0.417353
vt 0.422325 0.415936
vt 0.422325 0.421656
vt 0.419011 0.422325
vt 0.157609 0.784626
vt 0.167101 0.782888
vt 0.164167 0.800261
vt 0.155004 0.803078
vt 0.767980 0.105424
vt 0.777376 0.097632
vt 0.778835 0.105550
vt 0.769798 0.112040
vt 0.529895 0.943708
vt 0.519898 0.944913
vt 0.528101 0.935529
vt 0.059799 0.795229
vt 0.067131 0.794532
vt 0.066972 0.813341
vt 0.058480 0.813446
vt 0.560491 0.353336
vt 0.261756 0.519785
vt 0.266066 0.510144
vt 0.141843 0.388162
vt 0.145416 0.390100
vt 0.141843 0.396027
vt 0.623373 0.622885
vt 0.621527 0.609116
vt 0.625686 0.610627
vt 0.176633 0.056677
vt 0.181154 0.057748
vt 0.184091 0.066520
vt 0.176633 0.065156
vt 0.109575 0.040053
vt 0.110859 0.041523
vt 0.962258 0.045305
vt 0.966862 0.058499
vt 0.963560 0.057988
vt 0.960317 0.045222
vt 0.524841 0.593586
vt 0.529358 0.593954
vt 0.529545 0.606648
vt 0.524858 0.607332
vt 0.024416 0.385560
vt 0.041700 0.389102
vt 0.732069 0.028744
vt 0.734539 0.027770
vt 0.387261 0.214235
vt 0.386260 0.229647
vt 0.324592 0.145380
vt 0.325640 0.145954
vt 0.326413 0.154538
vt 0.324592 0.154698
vt 0.361115 0.764340
vt 0.354197 0.764618
vt 0.766733 0.561440
vt 0.754732 0.559010
vt 0.754873 0.549219
vt 0.033235 0.565283
vt 0.047806 0.563884
vt 0.046462 0.580606
vt 0.031245 0.582098
vt 0.592537 0.489007
vt 0.592026 0.480221
vt 0.596422 0.480476
vt 0.596185 0.488320
vt 0.157674 0.377463
vt 0.157975 0.369239
vt 0.160880 0.371148
vt 0.160886 0.377463
vt 0.099785 0.301277
vt 0.104515 0.301869
vt 0.100175 0.313650
vt 0.096658 0.313485
vt 0.294205 0.063715
vt 0.289688 0.064819
vt 0.292504 0.040511
vt 0.297020 0.039407
vt 0.245773 0.754744
vt 0.244262 0.739255
vt 0.256239 0.747407
vt 0.256382 0.760532
vt 0.603610 0.166508
vt 0.602040 0.168779
vt 0.965855 0.600228
vt 0.964014 0.598524
vt 0.322106 0.293926
vt 0.322106 0.285580
vt 0.323319 0.291855
vt 0.312022 0.241273
vt 0.307935 0.241335
vt 0.308754 0.232288
vt 0.715336 0.393032
vt 0.718372 0.394596
vt 0.715901 0.399635
vt 0.712696 0.400017
vt 0.083537 0.400402
vt 0.078477 0.406856
vt 0.078477 0.400055
vt 0.875147 0.628428
vt 0.875926 0.621684
vt 0.879486 0.623607
vt 0.936920 0.546228
vt 0.945586 0.541525
vt 0.300654 0.216842
vt 0.311458 0.220149
vt 0.309379 0.223410
vt 0.299158 0.218794
vt 0.228002 0.200079
vt 0.230407 0.200766
vt 0.224323 0.207955
vt 0.222198 0.206195
vt 0.640919 0.051099
vt 0.960674 0.308866
vt 0.960674 0.320359
vt 0.954395 0.319775
vt 0.953146 0.307294
vt 0.611459 0.987705
vt 0.616188 0.983765
vt 0.618400 0.990067
vt 0.329327 0.968513
vt 0.329769 0.954920
vt 0.332601 0.956835
vt 0.332601 0.969677
vt 0.082011 0.710612
vt 0.079639 0.699735
vt 0.084122 0.699281
vt 0.085525 0.711841
vt 0.303019 0.423091
vt 0.306475 0.417281
vt 0.139228 0.365087
vt 0.132790 0.358677
vt 0.139228 0.355906
vt 0.028685 0.807812
vt 0.030455 0.822738
vt 0.016677 0.821900
vt 0.014881 0.806544
vt 0.342512 0.288293
vt 0.344976 0.287446
vt 0.344976 0.304755
vt 0.342801 0.304105
vt 0.783491 0.573990
vt 0.780253 0.572817
vt 0.782799 0.567226
vt 0.433154 0.204087
vt 0.433062 0.220003
vt 0.429283 0.203186
vt 0.003094 0.043315
vt 0.002589 0.036391
vt 0.003094 0.032694
vt 0.623433 0.776511
vt 0.621467 0.790488
vt 0.619062 0.789553
vt 0.921518 0.116252
vt 0.928924 0.092389
vt 0.929735 0.093143
vt 0.924064 0.117072
vt 0.099856 0.332651
vt 0.102947 0.331058
vt 0.106742 0.342932
vt 0.102652 0.344976
vt 0.057190 0.474529
vt 0.060332 0.474883
vt 0.058572 0.491073
vt 0.056235 0.491766
vt 0.594040 0.509006
vt 0.593383 0.523710
vt 0.584874 0.519624
vt 0.588851 0.504775
vt 0.277063 0.199655
vt 0.271910 0.182339
vt 0.036805 0.674483
vt 0.029179 0.674421
vt 0.030477 0.662288
vt 0.037683 0.661563
vt 0.843104 0.295819
vt 0.841521 0.313666
vt 0.838607 0.312077
vt 0.839399 0.295599
vt 0.307525 0.099358
vt 0.312490 0.117639
vt 0.306638 0.118661
vt 0.302850 0.099562
vt 0.057733 0.563141
vt 0.057561 0.578355
vt 0.177647 0.855373
vt 0.163598 0.850033
vt 0.163457 0.837599
vt 0.421756 0.487230
vt 0.428198 0.483279
vt 0.429447 0.496041
vt 0.424261 0.499382
vt 0.004641 0.122211
vt 0.002378 0.112956
vt 0.004641 0.112084
vt 0.599531 0.052703
vt 0.596472 0.066520
vt 0.594134 0.064489
vt 0.597193 0.050671
vt 0.264678 0.513489
vt 0.262192 0.506752
vt 0.542486 0.443996
vt 0.547102 0.447926
vt 0.542740 0.454383
vt 0.537034 0.451351
vt 0.492623 0.337403
vt 0.501221 0.346415
vt 0.498405 0.348070
vt 0.490067 0.337961
vt 0.769483 0.296382
vt 0.768514 0.285519
vt 0.780137 0.287676
vt 0.781225 0.300114
vt 0.075748 0.884072
vt 0.064756 0.875829
vt 0.084145 0.877171
vt 0.826393 0.523695
vt 0.829766 0.523161
vt 0.746512 0.936649
vt 0.758264 0.935401
vt 0.757636 0.944583
vt 0.745235 0.946751
vt 0.788688 0.354190
vt 0.792565 0.353903
vt 0.721304 0.388937
vt 0.723986 0.391140
vt 0.138860 0.589105
vt 0.138860 0.577344
vt 0.142310 0.577796
vt 0.142322 0.589399
vt 0.019362 0.268891
vt 0.023205 0.267932
vt 0.021879 0.271231
vt 0.016615 0.270861
vt 0.552139 0.893026
vt 0.545591 0.893215
vt 0.547862 0.883682
vt 0.040989 0.970208
vt 0.043324 0.969855
vt 0.042828 0.983154
vt 0.041510 0.983998
vt 0.342888 0.329507
vt 0.342888 0.323356
vt 0.346523 0.326926
vt 0.798319 0.190781
vt 0.794122 0.172946
vt 0.804894 0.172323
vt 0.807681 0.189900
vt 0.282582 0.557830
vt 0.286191 0.547870
vt 0.286191 0.560007
vt 0.279339 0.688011
vt 0.286642 0.689883
vt 0.260861 0.170924
vt 0.765052 0.159128
vt 0.761627 0.158334
vt 0.226371 0.521375
vt 0.226867 0.536096
vt 0.279335 0.821434
vt 0.280579 0.833286
vt 0.057816 0.593726
vt 0.046717 0.595977
vt 0.793829 0.112418
vt 0.794839 0.100976
vt 0.797948 0.102607
vt 0.798024 0.114341
vt 0.881171 0.393922
vt 0.869382 0.392427
vt 0.870292 0.381659
vt 0.896321 0.269263
vt 0.900696 0.255225
vt 0.901889 0.256271
vt 0.898921 0.270022
vt 0.410965 0.188846
vt 0.404718 0.179460
vt 0.875546 0.530151
vt 0.886181 0.525374
vt 0.886798 0.533530
vt 0.876163 0.538307
vt 0.061881 0.106334
vt 0.064319 0.107846
vt 0.061746 0.118575
vt 0.059056 0.118428
vt 0.225123 0.111383
vt 0.224427 0.108305
vt 0.488701 0.944742
vt 0.490358 0.957580
vt 0.484378 0.956624
vt 0.483083 0.943127
vt 0.944706 0.698821
vt 0.948298 0.712767
vt 0.534208 0.004489
vt 0.532884 0.016921
vt 0.529562 0.016676
vt 0.529562 0.002542
vt 0.665776 0.405562
vt 0.667983 0.388917
vt 0.671389 0.389530
vt 0.668232 0.408403
vt 0.378048 0.199096
vt 0.376673 0.208842
vt 0.374382 0.204774
vt 0.374382 0.194618
vt 0.463882 0.364688
vt 0.470282 0.365354
vt 0.467845 0.375699
vt 0.462290 0.374297
vt 0.613211 0.002627
vt 0.615698 0.020522
vt 0.606677 0.019179
vt 0.603931 0.002434
vt 0.543973 0.005144
vt 0.541835 0.016665
vt 0.918332 0.829442
vt 0.930081 0.827298
vt 0.931501 0.841670
vt 0.919751 0.843814
vt 0.314757 0.149181
vt 0.317144 0.150490
vt 0.305105 0.161515
vt 0.303061 0.158919
vt 0.612224 0.943928
vt 0.615698 0.944625
vt 0.614948 0.962221
vt 0.611149 0.962140
vt 0.530840 0.233880
vt 0.531572 0.214559
vt 0.535605 0.217000
vt 0.536917 0.236275
vt 0.783983 0.208848
vt 0.784319 0.222951
vt 0.855929 0.149247
vt 0.861417 0.136486
vt 0.865942 0.140043
vt 0.857749 0.153151
vt 0.897145 0.875208
vt 0.901222 0.875773
vt 0.904203 0.887372
vt 0.560007 0.464094
vt 0.204493 0.317330
vt 0.196775 0.308308
vt 0.199511 0.305544
vt 0.207425 0.315677
vt 0.155375 0.517503
vt 0.735055 0.200499
vt 0.744028 0.199718
vt 0.744326 0.213891
vt 0.330896 0.439157
vt 0.340402 0.441707
vt 0.338601 0.455026
vt 0.327752 0.452328
vt 0.060847 0.389401
vt 0.044829 0.384566
vt 0.048636 0.374573
vt 0.015290 0.274160
vt 0.012639 0.272933
vt 0.725910 0.965398
vt 0.737909 0.967592
vt 0.402914 0.089257
vt 0.404470 0.090433
vt 0.401334 0.103069
vt 0.399205 0.103689
vt 0.133691 0.145268
vt 0.270266 0.590539
vt 0.284372 0.584984
vt 0.284124 0.592947
vt 0.272405 0.597134
vt 0.423932 0.973511
vt 0.420636 0.964884
vt 0.430772 0.964056
vt 0.427350 0.973993
vt 0.090750 0.481964
vt 0.894785 0.032747
vt 0.901790 0.031175
vt 0.899697 0.044837
vt 0.892692 0.046409
vt 0.501449 0.373774
vt 0.503095 0.375916
vt 0.459828 0.578090
vt 0.553827 0.881178
vt 0.555366 0.892271
vt 0.964201 0.273815
vt 0.966699 0.256072
vt 0.969956 0.254261
vt 0.966888 0.273311
vt 0.895540 0.970286
vt 0.892361 0.973535
vt 0.947267 0.533259
vt 0.952939 0.527028
vt 0.952456 0.530304
vt 0.313625 0.849790
vt 0.328083 0.852172
vt 0.327859 0.860422
vt 0.317933 0.858101
vt 0.276909 0.032964
vt 0.275318 0.046400
vt 0.273166 0.045466
vt 0.274215 0.032360
vt 0.298515 0.471797
vt 0.300837 0.471458
vt 0.302655 0.482336
vt 0.761054 0.979383
vt 0.760372 0.969727
vt 0.774968 0.967234
vt 0.774832 0.978085
vt 0.885553 0.953432
vt 0.887966 0.955723
vt 0.045205 0.477449
vt 0.044373 0.494863
vt 0.789641 0.606771
vt 0.790502 0.615830
vt 0.843578 0.812187
vt 0.831127 0.812440
vt 0.832720 0.795854
vt 0.843859 0.797039
vt 0.656054 0.417684
vt 0.657119 0.399414
vt 0.660560 0.398722
vt 0.659137 0.416310
vt 0.327769 0.981964
vt 0.330601 0.983879
vt 0.372242 0.834044
vt 0.384649 0.833895
vt 0.384213 0.842858
vt 0.370685 0.843285
vt 0.474384 0.183888
vt 0.484769 0.176701
vt 0.485752 0.179187
vt 0.476701 0.186075
vt 0.344212 0.338797
vt 0.360403 0.330790
vt 0.363200 0.332752
vt 0.351532 0.344174
vt 0.284577 0.198561
vt 0.287546 0.198561
vt 0.292272 0.208988
vt 0.289874 0.209631
vt 0.359897 0.643274
vt 0.359713 0.625734
vt 0.369555 0.625219
vt 0.371767 0.640080
vt 0.289196 0.157204
vt 0.286003 0.154962
vt 0.289285 0.145957
vt 0.104245 0.972483
vt 0.103378 0.974597
vt 0.089749 0.973422
vt 0.067084 0.004692
vt 0.071161 0.002412
vt 0.071161 0.008898
vt 0.067734 0.010829
vt 0.764070 0.213483
vt 0.761649 0.213198
vt 0.020915 0.362581
vt 0.034528 0.361684
vt 0.033321 0.365935
vt 0.107453 0.166944
vt 0.104299 0.167163
vt 0.107193 0.153857
vt 0.110286 0.154841
vt 0.447397 0.487353
vt 0.450504 0.485011
vt 0.454812 0.496694
vt 0.451704 0.499036
vt 0.441559 0.654719
vt 0.448268 0.652167
vt 0.448706 0.664867
vt 0.441996 0.667419
vt 0.150587 0.308786
vt 0.154698 0.305582
vt 0.154698 0.314037
vt 0.152395 0.313922
vt 0.247710 0.419681
vt 0.253705 0.417203
vt 0.253705 0.423872
vt 0.249517 0.422539
vt 0.031780 0.123758
vt 0.032913 0.120585
vt 0.034034 0.123758
vt 0.730516 0.131061
vt 0.733796 0.118682
vt 0.737909 0.118713
vt 0.735416 0.130744
vt 0.062297 0.459383
vt 0.062756 0.452335
vt 0.063699 0.459298
vt 0.899075 0.300114
vt 0.896128 0.285515
vt 0.898062 0.285712
vt 0.901889 0.299539
vt 0.288078 0.731671
vt 0.286140 0.720086
vt 0.299033 0.722365
vt 0.300119 0.734954
vt 0.969064 0.487822
vt 0.980785 0.486209
vt 0.979850 0.505937
vt 0.968462 0.506667
vt 0.050560 0.870119
vt 0.066000 0.865337
vt 0.832277 0.081800
vt 0.823284 0.081271
vt 0.827335 0.061267
vt 0.839704 0.061237
vt 0.549400 0.873249
vt 0.555366 0.870745
vt 0.434844 0.346523
vt 0.435359 0.343227
vt 0.446835 0.342518
vt 0.448624 0.345260
vt 0.118519 0.543724
vt 0.122203 0.542855
vt 0.121466 0.549359
vt 0.119008 0.549707
vt 0.690943 0.745600
vt 0.693810 0.756609
vt 0.685795 0.754689
vt 0.684053 0.743618
vt 0.542923 0.459449
vt 0.246239 0.405135
vt 0.383719 0.052743
vt 0.391486 0.054207
vt 0.382354 0.074085
vt 0.378894 0.071674
vt 0.576551 0.217137
vt 0.584646 0.215251
vt 0.583993 0.228670
vt 0.575617 0.231845
vt 0.331358 0.329699
vt 0.327715 0.327683
vt 0.756473 0.476795
vt 0.747782 0.481286
vt 0.746397 0.467913
vt 0.755238 0.464539
vt 0.535959 0.887323
vt 0.538197 0.876447
vt 0.168898 0.926950
vt 0.177584 0.918174
vt 0.179453 0.925236
vt 0.171045 0.927647
vt 0.087037 0.871870
vt 0.079410 0.863303
vt 0.942690 0.823949
vt 0.929522 0.813298
vt 0.943658 0.810397
vt 0.334247 0.641262
vt 0.328611 0.641266
vt 0.370927 0.448674
vt 0.361959 0.450148
vt 0.360852 0.430503
vt 0.369640 0.429609
vt 0.276970 0.220721
vt 0.178937 0.675793
vt 0.182236 0.675789
vt 0.180232 0.688406
vt 0.177717 0.687603
vt 0.956807 0.535194
vt 0.099150 0.818639
vt 0.104580 0.816649
vt 0.104580 0.829799
vt 0.099150 0.831789
vt 0.895636 0.706726
vt 0.893473 0.695892
vt 0.903674 0.706899
vt 0.198460 0.786078
vt 0.198858 0.779520
vt 0.202153 0.780200
vt 0.203086 0.787731
vt 0.246592 0.090091
vt 0.248192 0.092276
vt 0.298554 0.511839
vt 0.295585 0.505990
vt 0.304755 0.506836
vt 0.302795 0.511162
vt 0.367422 0.382347
vt 0.374905 0.378348
vt 0.587998 0.043629
vt 0.590369 0.045035
vt 0.975258 0.445530
vt 0.981426 0.434762
vt 0.991614 0.434797
vt 0.584587 0.467054
vt 0.586393 0.468366
vt 0.163145 0.823134
vt 0.942518 0.837774
vt 0.380814 0.943710
vt 0.375421 0.960227
vt 0.374962 0.956280
vt 0.776772 0.916180
vt 0.780566 0.901097
vt 0.782772 0.904666
vt 0.782185 0.919677
vt 0.328499 0.126381
vt 0.333989 0.122415
vt 0.334148 0.131493
vt 0.327608 0.131493
vt 0.561467 0.469050
vt 0.567402 0.470278
vt 0.567741 0.473904
vt 0.561467 0.479564
vt 0.149411 0.583723
vt 0.153004 0.571877
vt 0.165414 0.570415
vt 0.162741 0.583292
vt 0.020919 0.642454
vt 0.024752 0.642660
vt 0.201044 0.768703
vt 0.237213 0.562280
vt 0.250719 0.560680
vt 0.252130 0.576327
vt 0.238696 0.576245
vt 0.223935 0.102101
vt 0.223935 0.096371
vt 0.225859 0.099168
vt 0.094366 0.018564
vt 0.092104 0.016716
vt 0.094366 0.015224
vt 0.455243 0.351829
vt 0.455583 0.349362
vt 0.456994 0.355666
vt 0.375899 0.383434
vt 0.372650 0.391436
vt 0.364173 0.390349
vt 0.401675 0.694404
vt 0.399423 0.693289
vt 0.401651 0.678666
vt 0.411800 0.684023
vt 0.463411 0.892187
vt 0.462514 0.879830
vt 0.466313 0.879874
vt 0.467210 0.892231
vt 0.699726 0.408028
vt 0.703510 0.424661
vt 0.700253 0.424113
vt 0.696224 0.408570
vt 0.620244 0.808658
vt 0.617978 0.809971
vt 0.949595 0.461408
vt 0.949569 0.451871
vt 0.957580 0.454016
vt 0.802708 0.985863
vt 0.800908 0.983047
vt 0.803667 0.979012
vt 0.094165 0.493219
vt 0.094817 0.485693
vt 0.097298 0.489831
vt 0.097460 0.496580
vt 0.057636 0.290832
vt 0.057010 0.280828
vt 0.060154 0.282494
vt 0.115474 0.053079
vt 0.113456 0.054924
vt 0.401924 0.351335
vt 0.402474 0.339453
vt 0.404600 0.344949
vt 0.402922 0.355805
vt 0.912509 0.811764
vt 0.912924 0.813664
vt 0.905424 0.814096
vt 0.908745 0.812058
vt 0.585702 0.697330
vt 0.585702 0.684940
vt 0.093762 0.726861
vt 0.108289 0.728077
vt 0.108115 0.737163
vt 0.092656 0.738303
vt 0.048801 0.967308
vt 0.050901 0.965868
vt 0.055691 0.980283
vt 0.051548 0.980701
vt 0.125224 0.093806
vt 0.131059 0.109086
vt 0.128516 0.109078
vt 0.122680 0.093799
vt 0.901508 0.587891
vt 0.904983 0.587790
vt 0.902873 0.603220
vt 0.899398 0.603322
vt 0.880243 0.739905
vt 0.212119 0.885838
vt 0.202059 0.885111
vt 0.840449 0.465453
vt 0.840343 0.452903
vt 0.851883 0.452015
vt 0.853144 0.464741
vt 0.230338 0.504982
vt 0.244255 0.501206
vt 0.112929 0.155759
vt 0.116693 0.142848
vt 0.119114 0.145259
vt 0.155868 0.196466
vt 0.156319 0.188088
vt 0.160886 0.187023
vt 0.160886 0.196170
vt 0.304533 0.424899
vt 0.269265 0.862418
vt 0.272427 0.864166
vt 0.976277 0.138699
vt 0.978747 0.124594
vt 0.980785 0.125191
vt 0.978129 0.140775
vt 0.185773 0.858574
vt 0.424857 0.294577
vt 0.424151 0.282443
vt 0.430055 0.282052
vt 0.429609 0.294050
vt 0.535800 0.445187
vt 0.315377 0.597134
vt 0.309667 0.596475
vt 0.268207 0.752642
vt 0.267610 0.758359
vt 0.828208 0.052353
vt 0.824909 0.052597
vt 0.827264 0.035779
vt 0.200929 0.947006
vt 0.204236 0.944727
vt 0.204691 0.949257
vt 0.200277 0.951545
vt 0.886456 0.923706
vt 0.887310 0.912953
vt 0.901889 0.915708
vt 0.900893 0.925759
vt 0.451300 0.435315
vt 0.454812 0.435700
vt 0.449746 0.446938
vt 0.446049 0.447478
vt 0.736656 0.265049
vt 0.738021 0.267280
vt 0.571372 0.296512
vt 0.576520 0.304143
vt 0.571091 0.305681
vt 0.564356 0.297097
vt 0.235124 0.101947
vt 0.235496 0.103648
vt 0.724090 0.256799
vt 0.726593 0.243439
vt 0.736761 0.244242
vt 0.734046 0.256112
vt 0.927939 0.719348
vt 0.938431 0.718746
vt 0.053299 0.362231
vt 0.051964 0.366681
vt 0.152619 0.079644
vt 0.151596 0.094563
vt 0.148929 0.094387
vt 0.150016 0.079456
vt 0.051396 0.165356
vt 0.043361 0.155650
vt 0.045426 0.154334
vt 0.053374 0.162615
vt 0.182714 0.270413
vt 0.208156 0.262611
vt 0.210409 0.274959
vt 0.186024 0.281177
vt 0.085862 0.995068
vt 0.089066 0.996255
vt 0.239120 0.121105
vt 0.240385 0.116461
vt 0.247517 0.117448
vt 0.247517 0.129946
vt 0.305032 0.694367
vt 0.303960 0.682903
vt 0.309584 0.683114
vt 0.310668 0.694363
vt 0.439796 0.282640
vt 0.436800 0.275971
vt 0.439232 0.274665
vt 0.442436 0.282641
vt 0.386770 0.975690
vt 0.381774 0.980262
vt 0.375873 0.978799
vt 0.169839 0.244705
vt 0.172420 0.246491
vt 0.160018 0.253705
vt 0.157297 0.253294
vt 0.582219 0.454762
vt 0.591155 0.455920
vt 0.592666 0.470257
vt 0.187247 0.715204
vt 0.191607 0.728619
vt 0.186405 0.728323
vt 0.166623 0.893214
vt 0.187640 0.898897
vt 0.180310 0.908575
vt 0.169890 0.912237
vt 0.200194 0.406005
vt 0.207295 0.418056
vt 0.201690 0.420441
vt 0.188877 0.410610
vt 0.554549 0.919010
vt 0.544688 0.919765
vt 0.548693 0.909146
vt 0.559227 0.908566
vt 0.069834 0.426669
vt 0.080048 0.427472
vt 0.247486 0.192769
vt 0.252178 0.209067
vt 0.248125 0.211548
vt 0.468627 0.262148
vt 0.468627 0.251761
vt 0.474923 0.254694
vt 0.472277 0.261344
vt 0.278103 0.503246
vt 0.281256 0.500546
vt 0.286842 0.513917
vt 0.282802 0.514355
vt 0.321772 0.396300
vt 0.321772 0.413044
vt 0.318313 0.411422
vt 0.318105 0.396614
vt 0.695784 0.990067
vt 0.694775 0.978804
vt 0.705798 0.981069
vt 0.704690 0.988287
vt 0.637872 0.612185
vt 0.557173 0.440202
vt 0.551428 0.438449
vt 0.554665 0.430587
vt 0.390063 0.417766
vt 0.395218 0.417295
vt 0.394213 0.430060
vt 0.389952 0.428218
vt 0.526140 0.634570
vt 0.530759 0.634249
vt 0.532772 0.643173
vt 0.529027 0.645090
vt 0.278456 0.238465
vt 0.271943 0.222684
vt 0.755081 0.859556
vt 0.759567 0.859098
vt 0.756435 0.873744
vt 0.366359 0.249508
vt 0.375046 0.248509
vt 0.376919 0.265345
vt 0.369364 0.265655
vt 0.301661 0.235318
vt 0.295795 0.235370
vt 0.301548 0.229973
vt 0.081170 0.019641
vt 0.083481 0.019641
vt 0.083537 0.022302
vt 0.080334 0.023205
vt 0.377376 0.374003
vt 0.384402 0.368520
vt 0.676163 0.640686
vt 0.675324 0.652253
vt 0.554186 0.573972
vt 0.554867 0.557385
vt 0.565960 0.557837
vt 0.565734 0.574441
vt 0.512495 0.048742
vt 0.522879 0.047335
vt 0.511618 0.058676
vt 0.505078 0.058047
vt 0.425361 0.685642
vt 0.427630 0.699391
vt 0.414082 0.697556
vt 0.064660 0.091021
vt 0.060969 0.086899
vt 0.072659 0.075734
vt 0.075691 0.080769
vt 0.049501 0.794902
vt 0.049602 0.809386
vt 0.212069 0.475492
vt 0.211552 0.486768
vt 0.201734 0.483735
vt 0.203533 0.473085
vt 0.483585 0.310973
vt 0.486625 0.311682
vt 0.488025 0.325891
vt 0.484725 0.326279
vt 0.338492 0.351144
vt 0.330570 0.344576
vt 0.794108 0.138721
vt 0.793811 0.125610
vt 0.797176 0.126458
vt 0.798713 0.139104
vt 0.159894 0.149515
vt 0.168351 0.153488
vt 0.160587 0.155322
vt 0.516691 0.147146
vt 0.507863 0.145372
vt 0.516436 0.140204
vt 0.152188 0.517518
vt 0.148083 0.502768
vt 0.249403 0.048226
vt 0.251490 0.047076
vt 0.307278 0.620204
vt 0.306479 0.604507
vt 0.316830 0.603728
vt 0.317313 0.620629
vt 0.492595 0.260583
vt 0.492782 0.247428
vt 0.495033 0.248343
vt 0.494881 0.259912
vt 0.266631 0.081406
vt 0.269174 0.082437
vt 0.570835 0.916549
vt 0.568958 0.930079
vt 0.554726 0.933104
vt 0.604889 0.413931
vt 0.609510 0.410558
vt 0.607215 0.422979
vt 0.602541 0.425212
vt 0.458025 0.637449
vt 0.468484 0.634030
vt 0.470170 0.646511
vt 0.458989 0.649091
vt 0.227790 0.272378
vt 0.374369 0.499674
vt 0.371222 0.497472
vt 0.374369 0.484960
vt 0.749276 0.157164
vt 0.749903 0.144571
vt 0.751853 0.144473
vt 0.750579 0.157435
vt 0.076834 0.392933
vt 0.569211 0.669842
vt 0.570743 0.658381
vt 0.577228 0.658498
vt 0.576856 0.669749
vt 0.848147 0.277376
vt 0.852763 0.263486
vt 0.855111 0.263832
vt 0.850112 0.278456
vt 0.032487 0.284644
vt 0.029971 0.284148
vt 0.032487 0.278628
vt 0.489488 0.237223
vt 0.491775 0.236552
vt 0.614127 0.850188
vt 0.614151 0.861847
vt 0.594951 0.573140
vt 0.605734 0.576173
vt 0.604141 0.592777
vt 0.592034 0.587922
vt 0.876240 0.592218
vt 0.405732 0.850330
vt 0.402185 0.837929
vt 0.409321 0.837346
vt 0.411831 0.849500
vt 0.602472 0.719238
vt 0.602746 0.708705
vt 0.615924 0.707184
vt 0.615138 0.718795
vt 0.665258 0.031211
vt 0.661428 0.015620
vt 0.673086 0.031452
vt 0.474866 0.507111
vt 0.471735 0.509330
vt 0.474923 0.499793
vt 0.969613 0.139505
vt 0.963115 0.141850
vt 0.964108 0.133389
vt 0.966613 0.130283
vt 0.540956 0.867910
vt 0.535718 0.868604
vt 0.537529 0.856708
vt 0.288757 0.979523
vt 0.302644 0.979022
vt 0.300789 0.985426
vt 0.287290 0.985426
vt 0.155611 0.245970
vt 0.153725 0.237124
vt 0.160886 0.237124
vt 0.485970 0.120470
vt 0.483761 0.097625
vt 0.659022 0.721584
vt 0.661419 0.723748
vt 0.657220 0.729595
vt 0.652514 0.726857
vt 0.050683 0.859735
vt 0.052059 0.850671
vt 0.063696 0.853418
vt 0.150118 0.847294
vt 0.150576 0.835300
vt 0.513249 0.108639
vt 0.506481 0.090803
vt 0.511555 0.091163
vt 0.517698 0.109183
vt 0.921228 0.326187
vt 0.917239 0.328829
vt 0.483215 0.438888
vt 0.493311 0.435584
vt 0.619700 0.981392
vt 0.621912 0.987694
vt 0.180058 0.038095
vt 0.182544 0.043315
vt 0.178023 0.043315
vt 0.189897 0.456693
vt 0.179228 0.462003
vt 0.388676 0.361051
vt 0.394480 0.362270
vt 0.320613 0.820486
vt 0.573485 0.888961
vt 0.581451 0.880899
vt 0.581909 0.884225
vt 0.574253 0.890753
vt 0.072600 0.363984
vt 0.262863 0.227128
vt 0.254085 0.229651
vt 0.750362 0.596510
vt 0.761896 0.603863
vt 0.745732 0.601728
vt 0.122211 0.466175
vt 0.118295 0.467188
vt 0.118295 0.452036
vt 0.122211 0.451024
vt 0.688390 0.259608
vt 0.689581 0.244696
vt 0.591997 0.887285
vt 0.604421 0.885447
vt 0.603786 0.899436
vt 0.591344 0.900625
vt 0.181669 0.156775
vt 0.175024 0.159375
vt 0.502201 0.872692
vt 0.503256 0.856068
vt 0.516213 0.870506
vt 0.961426 0.558427
vt 0.959357 0.557001
vt 0.130980 0.642683
vt 0.136673 0.641254
vt 0.897505 0.847997
vt 0.909836 0.847557
vt 0.909657 0.853933
vt 0.896289 0.853933
vt 0.391562 0.020355
vt 0.391327 0.033892
vt 0.384624 0.032474
vt 0.383795 0.018891
vt 0.185638 0.109233
vt 0.182118 0.109135
vt 0.180072 0.090624
vt 0.182140 0.089444
vt 0.111841 0.390819
vt 0.110443 0.378180
vt 0.546616 0.151801
vt 0.545842 0.140673
vt 0.549082 0.139053
vt 0.550725 0.152527
vt 0.850644 0.149408
vt 0.850839 0.163980
vt 0.848169 0.163426
vt 0.846761 0.149448
vt 0.294010 0.182026
vt 0.295473 0.181594
vt 0.295473 0.199192
vt 0.294209 0.199560
vt 0.274236 0.241214
vt 0.264946 0.244237
vt 0.549010 0.732453
vt 0.567636 0.731046
vt 0.565691 0.744217
vt 0.548097 0.746568
vt 0.374985 0.136702
vt 0.365512 0.140987
vt 0.360862 0.127065
vt 0.370983 0.121618
vt 0.146676 0.728998
vt 0.164148 0.729944
vt 0.162685 0.740850
vt 0.145213 0.739905
vt 0.971608 0.272116
vt 0.974159 0.269121
vt 0.024752 0.702029
vt 0.022014 0.702329
vt 0.037230 0.784725
vt 0.038865 0.807282
vt 0.025917 0.785173
vt 0.578022 0.429434
vt 0.578557 0.423205
vt 0.581895 0.425781
vt 0.583211 0.431607
vt 0.090950 0.148727
vt 0.087681 0.149533
vt 0.082169 0.137594
vt 0.085226 0.137089
vt 0.184929 0.300054
vt 0.186102 0.297563
vt 0.771712 0.512426
vt 0.772311 0.523786
vt 0.765695 0.523008
vt 0.764775 0.511734
vt 0.340624 0.335961
vt 0.630094 0.448615
vt 0.619956 0.448253
vt 0.382287 0.481496
vt 0.393652 0.478270
vt 0.394664 0.491022
vt 0.384709 0.494506
vt 0.169737 0.297010
vt 0.170715 0.293408
vt 0.018369 0.969987
vt 0.028251 0.969522
vt 0.028165 0.982907
vt 0.017267 0.982881
vt 0.099868 0.881207
vt 0.103013 0.880474
vt 0.103703 0.891492
vt 0.100558 0.892225
vt 0.749536 0.333241
vt 0.758560 0.332211
vt 0.758919 0.345691
vt 0.781359 0.777350
vt 0.776609 0.765687
vt 0.790178 0.768189
vt 0.794000 0.779875
vt 0.710007 0.100973
vt 0.722514 0.101569
vt 0.721953 0.118044
vt 0.709831 0.116616
vt 0.461000 0.335695
vt 0.409641 0.813062
vt 0.404300 0.801270
vt 0.412981 0.803372
vt 0.429901 0.712032
vt 0.432135 0.724213
vt 0.419690 0.721706
vt 0.416338 0.711519
vt 0.935169 0.862876
vt 0.935923 0.878309
vt 0.933789 0.877721
vt 0.934004 0.863737
vt 0.625571 0.931395
vt 0.628074 0.931743
vt 0.304063 0.546569
vt 0.301757 0.532852
vt 0.312213 0.544100
vt 0.303680 0.361012
vt 0.310153 0.349891
vt 0.312532 0.351363
vt 0.306704 0.362396
vt 0.396515 0.586682
vt 0.147801 0.873188
vt 0.159181 0.872118
vt 0.157343 0.887160
vt 0.146402 0.888927
vt 0.705237 0.573403
vt 0.870235 0.976144
vt 0.874115 0.957019
vt 0.877137 0.954891
vt 0.886419 0.709638
vt 0.883990 0.711610
vt 0.401380 0.975398
vt 0.013353 0.341868
vt 0.014789 0.341882
vt 0.041842 0.412747
vt 0.029655 0.415826
vt 0.027204 0.400199
vt 0.039296 0.396016
vt 0.810684 0.208739
vt 0.819166 0.208842
vt 0.415295 0.132228
vt 0.417411 0.129368
vt 0.426097 0.138164
vt 0.424336 0.139954
vt 0.535170 0.477592
vt 0.537372 0.476784
vt 0.544537 0.486930
vt 0.543476 0.488750
vt 0.052597 0.011305
vt 0.052090 0.020572
vt 0.048837 0.019514
vt 0.050200 0.010860
vt 0.714701 0.410000
vt 0.710638 0.409654
vt 0.177717 0.637085
vt 0.181242 0.635668
vt 0.100794 0.939683
vt 0.114406 0.937482
vt 0.114476 0.940952
vt 0.100858 0.942028
vt 0.206357 0.396043
vt 0.206489 0.397441
vt 0.469868 0.196649
vt 0.474041 0.199002
vt 0.470337 0.210997
vt 0.465390 0.209463
vt 0.708579 0.354190
vt 0.709432 0.339569
vt 0.721662 0.339096
vt 0.721461 0.353702
vt 0.974377 0.461925
vt 0.976326 0.461863
vt 0.975903 0.472313
vt 0.975270 0.473223
vt 0.614151 0.828276
vt 0.614033 0.839256
vt 0.598814 0.836150
vt 0.598931 0.825170
vt 0.197139 0.160488
vt 0.191484 0.163877
vt 0.343429 0.862987
vt 0.338223 0.873780
vt 0.336532 0.870137
vt 0.339336 0.860069
vt 0.265078 0.256799
vt 0.256252 0.246627
vt 0.615432 0.418472
vt 0.615432 0.448983
vt 0.095893 0.350771
vt 0.082163 0.344720
vt 0.083899 0.341334
vt 0.099007 0.348759
vt 0.393218 0.771404
vt 0.301661 0.020111
vt 0.298440 0.003243
vt 0.301661 0.002262
vt 0.664205 0.366205
vt 0.667940 0.366058
vt 0.785809 0.066599
vt 0.794460 0.073430
vt 0.786262 0.077457
vt 0.264559 0.959422
vt 0.265592 0.963334
vt 0.257837 0.963459
vt 0.257544 0.958724
vt 0.428599 0.233594
vt 0.298196 0.316827
vt 0.301661 0.318224
vt 0.296328 0.323319
vt 0.292863 0.321922
vt 0.632576 0.756513
vt 0.636048 0.758635
vt 0.013064 0.006318
vt 0.002776 0.004644
vt 0.002198 0.002198
vt 0.014055 0.004039
vt 0.076916 0.287864
vt 0.087825 0.285112
vt 0.089009 0.288466
vt 0.077060 0.292026
vt 0.234128 0.390112
vt 0.231217 0.404089
vt 0.309963 0.821446
vt 0.052838 0.659009
vt 0.051028 0.645739
vt 0.064760 0.642913
vt 0.066989 0.656968
vt 0.982970 0.782293
vt 0.982210 0.793526
vt 0.152967 0.225317
vt 0.171605 0.222624
vt 0.172374 0.229354
vt 0.153736 0.232047
vt 0.515690 0.351344
vt 0.517992 0.338986
vt 0.522879 0.340746
vt 0.520724 0.352711
vt 0.502464 0.510797
vt 0.511217 0.505677
vt 0.514370 0.522871
vt 0.504540 0.526055
vt 0.859064 0.509482
vt 0.872593 0.504533
vt 0.873401 0.514915
vt 0.860926 0.518978
vt 0.054156 0.783634
vt 0.055854 0.773361
vt 0.457825 0.282834
vt 0.454538 0.280192
vt 0.457642 0.269618
vt 0.461000 0.269766
vt 0.070520 0.579741
vt 0.074255 0.579586
vt 0.073868 0.586305
vt 0.070163 0.586305
vt 0.044862 0.996422
vt 0.043545 0.997265
vt 0.216226 0.303208
vt 0.216226 0.286117
vt 0.219671 0.287948
vt 0.388906 0.112858
vt 0.384761 0.113579
vt 0.381837 0.110018
vt 0.384230 0.103526
vt 0.342058 0.925311
vt 0.328419 0.927074
vt 0.795233 0.452733
vt 0.799792 0.451332
vt 0.802882 0.462693
vt 0.798323 0.464094
vt 0.690799 0.849196
vt 0.692230 0.837845
vt 0.696141 0.837811
vt 0.695570 0.849394
vt 0.739352 0.929412
vt 0.737795 0.940379
vt 0.720375 0.928831
vt 0.504963 0.166042
vt 0.507409 0.169173
vt 0.498236 0.176235
vt 0.495288 0.174955
vt 0.212191 0.943553
vt 0.212651 0.949210
vt 0.309098 0.556287
vt 0.297358 0.556927
vt 0.460687 0.977740
vt 0.466672 0.991614
vt 0.894530 0.139002
vt 0.897248 0.139465
vt 0.362525 0.054605
vt 0.369933 0.053352
vt 0.370194 0.068722
vt 0.363945 0.069222
vt 0.539623 0.607641
vt 0.540719 0.621895
vt 0.529528 0.620720
vt 0.917031 0.400321
vt 0.913940 0.389254
vt 0.927573 0.388907
vt 0.930394 0.400668
vt 0.250609 0.479049
vt 0.254688 0.479799
vt 0.252212 0.491939
vt 0.248167 0.491076
vt 0.365087 0.941624
vt 0.364148 0.947994
vt 0.356974 0.949297
vt 0.779996 0.535255
vt 0.779149 0.519545
vt 0.786621 0.519523
vt 0.788110 0.534076
vt 0.775579 0.666746
vt 0.771910 0.665875
vt 0.480311 0.466432
vt 0.481725 0.480745
vt 0.222765 0.859347
vt 0.222731 0.872265
vt 0.516499 0.553283
vt 0.509386 0.539666
vt 0.512196 0.539074
vt 0.519309 0.552690
vt 0.822498 0.957846
vt 0.822993 0.959490
vt 0.810041 0.964548
vt 0.472093 0.609686
vt 0.977952 0.416241
vt 0.986075 0.415986
vt 0.983534 0.424121
vt 0.975991 0.422220
vt 0.384082 0.185638
vt 0.381837 0.184160
vt 0.390714 0.170771
vt 0.394080 0.172109
vt 0.357637 0.161809
vt 0.418453 0.394824
vt 0.420202 0.407443
vt 0.438566 0.269163
vt 0.436764 0.266538
vt 0.446392 0.268693
vt 0.448624 0.272150
vt 0.213737 0.601464
vt 0.217078 0.602305
vt 0.209347 0.615698
vt 0.206083 0.614767
vt 0.244092 0.944926
vt 0.244631 0.931727
vt 0.249888 0.932301
vt 0.249349 0.945500
vt 0.363832 0.491560
vt 0.367186 0.491404
vt 0.365128 0.506281
vt 0.044490 0.938122
vt 0.045366 0.949934
vt 0.728193 0.468357
vt 0.723920 0.455852
vt 0.727537 0.453980
vt 0.732051 0.467876
vt 0.397143 0.453877
vt 0.400373 0.453460
vt 0.397691 0.464425
vt 0.393891 0.465322
vt 0.933993 0.271734
vt 0.934716 0.276424
vt 0.927041 0.276348
vt 0.926344 0.275030
vt 0.378304 0.381500
vt 0.062364 0.064404
vt 0.066520 0.069514
vt 0.062834 0.071161
vt 0.058676 0.064156
vt 0.240359 0.048415
vt 0.242457 0.047983
vt 0.244423 0.061356
vt 0.242124 0.062711
vt 0.857694 0.463792
vt 0.550178 0.580488
vt 0.550725 0.590946
vt 0.546344 0.589486
vt 0.546344 0.580290
vt 0.018568 0.547631
vt 0.007646 0.537935
vt 0.011951 0.535388
vt 0.021658 0.546981
vt 0.606632 0.037291
vt 0.090378 0.099274
vt 0.086388 0.099148
vt 0.091015 0.082149
vt 0.095005 0.082275
vt 0.129529 0.418281
vt 0.138374 0.431981
vt 0.943786 0.112364
vt 0.943238 0.101201
vt 0.959127 0.104140
vt 0.957254 0.115027
vt 0.932094 0.480031
vt 0.942463 0.478518
vt 0.946751 0.494818
vt 0.931700 0.496270
vt 0.982298 0.587626
vt 0.978102 0.571197
vt 0.982391 0.572801
vt 0.986973 0.587852
vt 0.121928 0.969201
vt 0.121138 0.957304
vt 0.127635 0.968803
vt 0.554490 0.825912
vt 0.552743 0.837888
vt 0.967778 0.983090
vt 0.967924 0.981367
vt 0.971270 0.986040
vt 0.971096 0.991614
vt 0.567458 0.313700
vt 0.488833 0.186337
vt 0.491780 0.187617
vt 0.489323 0.200501
vt 0.486375 0.199221
vt 0.211930 0.525653
vt 0.219671 0.522846
vt 0.516063 0.073405
vt 0.515531 0.062943
vt 0.518238 0.063027
vt 0.518238 0.075802
vt 0.015933 0.866823
vt 0.018193 0.878912
vt 0.008067 0.879224
vt 0.480086 0.612351
vt 0.945861 0.892569
vt 0.952158 0.890097
vt 0.722071 0.368723
vt 0.727859 0.353785
vt 0.728265 0.367704
vt 0.903703 0.824042
vt 0.912152 0.821344
vt 0.911527 0.834593
vt 0.900974 0.836566
vt 0.180631 0.969065
vt 0.178902 0.964041
vt 0.193372 0.962658
vt 0.192915 0.967886
vt 0.458133 0.193322
vt 0.461489 0.193326
vt 0.455052 0.216021
vt 0.450855 0.216345
vt 0.579139 0.556805
vt 0.584397 0.557194
vt 0.581866 0.570106
vt 0.575947 0.568807
vt 0.844496 0.184296
vt 0.844496 0.172699
vt 0.850781 0.175320
vt 0.851086 0.185897
vt 0.436853 0.612623
vt 0.436995 0.595980
vt 0.442014 0.596032
vt 0.441872 0.612674
vt 0.447426 0.982388
vt 0.448942 0.969589
vt 0.453265 0.971303
vt 0.452039 0.985426
vt 0.532183 0.296590
vt 0.532279 0.312420
vt 0.528866 0.313837
vt 0.525244 0.300991
vt 0.452587 0.151991
vt 0.450843 0.138751
vt 0.456719 0.139214
vt 0.457906 0.153421
vt 0.798930 0.968409
vt 0.632045 0.571327
vt 0.635310 0.570766
vt 0.191213 0.530563
vt 0.188914 0.514077
vt 0.197985 0.512054
vt 0.201572 0.528108
vt 0.205928 0.114811
vt 0.203080 0.116517
vt 0.895062 0.005839
vt 0.901151 0.005138
vt 0.901408 0.017239
vt 0.894785 0.019332
vt 0.462514 0.922284
vt 0.463578 0.906884
vt 0.466343 0.907372
vt 0.465562 0.923547
vt 0.502643 0.191257
vt 0.504802 0.191900
vt 0.503965 0.202710
vt 0.501126 0.204213
vt 0.655276 0.694648
vt 0.645852 0.677356
vt 0.656708 0.676142
vt 0.665706 0.691050
vt 0.870235 0.944468
vt 0.881623 0.948336
vt 0.878883 0.936100
vt 0.886849 0.935327
vt 0.889656 0.947706
vt 0.210935 0.788960
vt 0.172473 0.873726
vt 0.175648 0.871677
vt 0.535809 0.295273
vt 0.535927 0.279545
vt 0.538538 0.277342
vt 0.505109 0.071853
vt 0.508753 0.072861
vt 0.810587 0.463190
vt 0.814349 0.461306
vt 0.818609 0.469945
vt 0.814847 0.471829
vt 0.398633 0.933834
vt 0.406608 0.932815
vt 0.408403 0.941831
vt 0.398222 0.942406
vt 0.063426 0.013923
vt 0.059953 0.013923
vt 0.061503 0.003406
vt 0.697220 0.177903
vt 0.273100 0.545686
vt 0.280994 0.537718
vt 0.283563 0.540961
vt 0.274224 0.550177
vt 0.569304 0.909624
vt 0.563033 0.898304
vt 0.564932 0.897937
vt 0.570835 0.907878
vt 0.511234 0.224847
vt 0.519785 0.234901
vt 0.517568 0.238235
vt 0.508159 0.227223
vt 0.610515 0.601512
vt 0.611695 0.603322
vt 0.023205 0.236688
vt 0.018626 0.234672
vt 0.021494 0.222802
vt 0.023205 0.221943
vt 0.631215 0.781874
vt 0.035815 0.083624
vt 0.026658 0.094073
vt 0.025942 0.093202
vt 0.034384 0.081883
vt 0.202011 0.436832
vt 0.386736 0.332489
vt 0.379828 0.328618
vt 0.394083 0.321865
vt 0.232399 0.922266
vt 0.236688 0.935854
vt 0.234306 0.934458
vt 0.229676 0.922356
vt 0.403917 0.709689
vt 0.919428 0.850839
vt 0.932228 0.847789
vt 0.123758 0.721609
vt 0.122332 0.738280
vt 0.118811 0.736625
vt 0.119824 0.721047
vt 0.711931 0.476425
vt 0.718818 0.487903
vt 0.711538 0.491852
vt 0.701369 0.481637
vt 0.062101 0.883617
vt 0.069728 0.892185
vt 0.517710 0.014297
vt 0.516739 0.013762
vt 0.297753 0.242876
vt 0.291314 0.242236
vt 0.340992 0.124032
vt 0.343429 0.123568
vt 0.341612 0.139720
vt 0.338507 0.140277
vt 0.096332 0.094618
vt 0.099007 0.094750
vt 0.891376 0.684100
vt 0.950321 0.600721
vt 0.954354 0.600410
vt 0.496656 0.612776
vt 0.498176 0.610936
vt 0.506529 0.620139
vt 0.505065 0.622014
vt 0.066145 0.725113
vt 0.053774 0.726042
vt 0.056031 0.711442
vt 0.068402 0.710512
vt 0.721879 0.084945
vt 0.492272 0.324549
vt 0.496869 0.336061
vt 0.155346 0.469306
vt 0.159946 0.481283
vt 0.152112 0.471477
vt 0.179817 0.183053
vt 0.190041 0.191205
vt 0.172227 0.187259
vt 0.106742 0.296311
vt 0.869713 0.017160
vt 0.870125 0.011358
vt 0.872853 0.015942
vt 0.971162 0.687609
vt 0.971503 0.701458
vt 0.966877 0.702329
vt 0.379900 0.009674
vt 0.378852 0.017537
vt 0.374270 0.007145
vt 0.374053 0.003742
vt 0.282371 0.931467
vt 0.284644 0.931832
vt 0.770409 0.066148
vt 0.769776 0.081990
vt 0.768689 0.080975
vt 0.464111 0.385198
vt 0.462287 0.385186
vt 0.263625 0.957089
vt 0.257348 0.955568
vt 0.266080 0.003648
vt 0.266080 0.018564
vt 0.263042 0.017832
vt 0.539126 0.264669
vt 0.541443 0.262125
vt 0.133923 0.193757
vt 0.131609 0.195308
vt 0.173218 0.732206
vt 0.171222 0.744097
vt 0.457663 0.947623
vt 0.464057 0.943974
vt 0.465119 0.952868
vt 0.458724 0.956516
vt 0.905404 0.262135
vt 0.909867 0.263032
vt 0.909566 0.277702
vt 0.905601 0.278754
vt 0.029360 0.374473
vt 0.434610 0.759490
vt 0.433196 0.773381
vt 0.428899 0.759871
vt 0.982332 0.830946
vt 0.979073 0.841557
vt 0.976225 0.839673
vt 0.978081 0.828779
vt 0.564811 0.361993
vt 0.814850 0.348907
vt 0.816327 0.368043
vt 0.811663 0.368401
vt 0.810149 0.348140
vt 0.925382 0.464455
vt 0.923346 0.465872
vt 0.921302 0.455284
vt 0.924684 0.455997
vt 0.456844 0.346160
vt 0.459453 0.353253
vt 0.158716 0.458415
vt 0.838911 0.774141
vt 0.853933 0.776584
vt 0.576209 0.809304
vt 0.570623 0.808854
vt 0.570227 0.795583
vt 0.575945 0.795871
vt 0.168401 0.463892
vt 0.172243 0.464583
vt 0.171266 0.479564
vt 0.168001 0.479468
vt 0.336391 0.836034
vt 0.338934 0.848571
vt 0.830737 0.134408
vt 0.833068 0.147131
vt 0.457720 0.491204
vt 0.457920 0.479327
vt 0.461000 0.481094
vt 0.461000 0.495033
vt 0.194353 0.008691
vt 0.192614 0.006627
vt 0.208886 0.003061
vt 0.209194 0.004439
vt 0.151166 0.652062
vt 0.165124 0.648964
vt 0.165831 0.663052
vt 0.151191 0.665018
vt 0.245336 0.411133
vt 0.688506 0.860315
vt 0.693170 0.861668
vt 0.353286 0.466465
vt 0.353286 0.452606
vt 0.356666 0.467188
vt 0.962833 0.715793
vt 0.970550 0.713836
vt 0.971707 0.720648
vt 0.860505 0.032158
vt 0.864762 0.032795
vt 0.862127 0.046857
vt 0.857870 0.046220
vt 0.558099 0.106127
vt 0.563259 0.120232
vt 0.558910 0.122125
vt 0.681491 0.149279
vt 0.670663 0.136708
vt 0.677940 0.136003
vt 0.136393 0.729143
vt 0.135778 0.740427
vt 0.750857 0.745233
vt 0.757082 0.743906
vt 0.758020 0.757377
vt 0.752314 0.757866
vt 0.436688 0.712735
vt 0.437795 0.724911
vt 0.649084 0.561791
vt 0.648528 0.549449
vt 0.661160 0.551366
vt 0.662107 0.565045
vt 0.783834 0.033467
vt 0.783356 0.016523
vt 0.785648 0.018111
vt 0.199187 0.012923
vt 0.201107 0.013212
vt 0.200606 0.027728
vt 0.199187 0.027846
vt 0.786107 0.034227
vt 0.785455 0.052163
vt 0.219683 0.127926
vt 0.232047 0.140616
vt 0.229199 0.142322
vt 0.216835 0.129632
vt 0.046964 0.346608
vt 0.032246 0.348122
vt 0.034841 0.340119
vt 0.841176 0.338822
vt 0.841176 0.352763
vt 0.151225 0.924605
vt 0.150219 0.937027
vt 0.139907 0.935200
vt 0.107746 0.318464
vt 0.109820 0.303352
vt 0.112929 0.304425
vt 0.109639 0.318557
vt 0.757357 0.282852
vt 0.756018 0.294641
vt 0.747024 0.292946
vt 0.748231 0.281319
vt 0.011294 0.952300
vt 0.006402 0.957288
vt 0.005998 0.941149
vt 0.066549 0.534093
vt 0.072371 0.534963
vt 0.068866 0.545344
vt 0.067489 0.545619
vt 0.614231 0.275367
vt 0.616043 0.257073
vt 0.627391 0.257291
vt 0.626765 0.275045
vt 0.200546 0.961700
vt 0.204972 0.961667
vt 0.460349 0.015797
vt 0.462758 0.016955
vt 0.469547 0.276725
vt 0.473419 0.279243
vt 0.465959 0.289397
vt 0.461495 0.288340
vt 0.982090 0.775037
vt 0.978245 0.773034
vt 0.982008 0.766986
vt 0.986801 0.768071
vt 0.952661 0.870688
vt 0.964092 0.864635
vt 0.965315 0.872439
vt 0.953884 0.878493
vt 0.650293 0.420366
vt 0.644641 0.420379
vt 0.645159 0.404219
vt 0.647489 0.402765
vt 0.290783 0.463493
vt 0.297821 0.459920
vt 0.291358 0.475005
vt 0.126308 0.285391
vt 0.118877 0.276867
vt 0.129433 0.271631
vt 0.714503 0.518599
vt 0.725061 0.518599
vt 0.710129 0.531464
vt 0.849696 0.733955
vt 0.098750 0.173391
vt 0.095354 0.172380
vt 0.094553 0.161501
vt 0.097609 0.160996
vt 0.742867 0.173311
vt 0.742097 0.157957
vt 0.539080 0.583592
vt 0.539505 0.594583
vt 0.528967 0.582636
vt 0.845758 0.083377
vt 0.848732 0.060660
vt 0.792457 0.019497
vt 0.794072 0.036342
vt 0.355429 0.451832
vt 0.363299 0.466141
vt 0.573728 0.073178
vt 0.581052 0.061666
vt 0.583423 0.063073
vt 0.575425 0.075802
vt 0.125237 0.980785
vt 0.130849 0.979621
vt 0.012139 0.253081
vt 0.029342 0.248674
vt 0.032080 0.261915
vt 0.015951 0.263811
vt 0.775449 0.679977
vt 0.772064 0.680671
vt 0.153812 0.299847
vt 0.153227 0.296517
vt 0.964742 0.449987
vt 0.963585 0.439092
vt 0.965877 0.438338
vt 0.968409 0.449264
vt 0.325361 0.278774
vt 0.327591 0.278480
vt 0.870320 0.697907
vt 0.874043 0.698588
vt 0.864071 0.746214
vt 0.867816 0.753824
vt 0.864183 0.753087
vt 0.859569 0.748098
vt 0.197761 0.186975
vt 0.205856 0.195978
vt 0.010503 0.490052
vt 0.016478 0.480336
vt 0.021658 0.486443
vt 0.014909 0.495691
vt 0.582796 0.858687
vt 0.589157 0.869626
vt 0.585186 0.870949
vt 0.321772 0.137513
vt 0.319717 0.136870
vt 0.711866 0.593765
vt 0.712865 0.606301
vt 0.702590 0.604051
vt 0.702112 0.590538
vt 0.206351 0.727738
vt 0.628943 0.532413
vt 0.632142 0.533802
vt 0.680671 0.269951
vt 0.677173 0.282290
vt 0.674845 0.281287
vt 0.677421 0.269150
vt 0.070840 0.508765
vt 0.070563 0.496064
vt 0.083584 0.500198
vt 0.083152 0.511728
vt 0.351962 0.906988
vt 0.350809 0.894401
vt 0.362996 0.896693
vt 0.362627 0.909138
vt 0.753314 0.522108
vt 0.751812 0.509562
vt 0.415076 0.613117
vt 0.208438 0.379567
vt 0.202578 0.383651
vt 0.202578 0.375861
vt 0.208842 0.376241
vt 0.383651 0.150408
vt 0.934207 0.436523
vt 0.936677 0.442539
vt 0.929766 0.443983
vt 0.926384 0.437790
vt 0.963773 0.426164
vt 0.967011 0.426689
vt 0.929579 0.600694
vt 0.933745 0.600114
vt 0.933638 0.612177
vt 0.929956 0.614233
vt 0.366016 0.664514
vt 0.377170 0.661815
vt 0.377992 0.673106
vt 0.365858 0.676377
vt 0.228738 0.298253
vt 0.223232 0.307277
vt 0.221020 0.307321
vt 0.226546 0.297173
vt 0.073454 0.041585
vt 0.077349 0.041306
vt 0.075087 0.054286
vt 0.072543 0.055044
vt 0.419627 0.520114
vt 0.424853 0.515992
vt 0.431607 0.530883
vt 0.425805 0.535429
vt 0.819722 0.103555
vt 0.819540 0.116073
vt 0.806041 0.114842
vt 0.807052 0.103400
vt 0.428403 0.416197
vt 0.426312 0.402510
vt 0.429313 0.400951
vt 0.431897 0.415581
vt 0.277066 0.639723
vt 0.278236 0.653092
vt 0.263007 0.652207
vt 0.262702 0.639600
vt 0.476747 0.407500
vt 0.474487 0.407211
vt 0.703428 0.880422
vt 0.713967 0.880422
vt 0.716251 0.893786
vt 0.279427 0.717535
vt 0.275875 0.716505
vt 0.275316 0.705000
vt 0.641391 0.265449
vt 0.644998 0.264277
vt 0.644433 0.279764
vt 0.641121 0.279386
vt 0.558593 0.056251
vt 0.699197 0.466049
vt 0.711010 0.461436
vt 0.600233 0.276832
vt 0.601768 0.259143
vt 0.161898 0.364242
vt 0.150336 0.354120
vt 0.152508 0.351573
vt 0.164878 0.362182
vt 0.603739 0.951544
vt 0.593957 0.950753
vt 0.697253 0.084959
vt 0.709584 0.084236
vt 0.697465 0.101808
vt 0.003087 0.580522
vt 0.006920 0.568258
vt 0.010829 0.570770
vt 0.007251 0.581108
vt 0.260575 0.945082
vt 0.261233 0.932093
vt 0.273892 0.931676
vt 0.272761 0.945239
vt 0.480314 0.187908
vt 0.300025 0.702068
vt 0.299330 0.711593
vt 0.384890 0.672377
vt 0.385198 0.684732
vt 0.509700 0.264686
vt 0.007348 0.025209
vt 0.010829 0.023458
vt 0.010580 0.043238
vt 0.007843 0.043587
vt 0.644772 0.485696
vt 0.646733 0.472691
vt 0.658058 0.484533
vt 0.752025 0.804098
vt 0.754926 0.804731
vt 0.753886 0.815929
vt 0.750194 0.815758
vt 0.019967 0.600223
vt 0.019043 0.582713
vt 0.031835 0.598538
vt 0.417370 0.057238
vt 0.417645 0.043526
vt 0.424793 0.043693
vt 0.424240 0.056706
vt 0.503556 0.215514
vt 0.506395 0.214012
vt 0.214586 0.800573
vt 0.218112 0.785946
vt 0.226455 0.785615
vt 0.864606 0.446301
vt 0.871549 0.457748
vt 0.869716 0.458698
vt 0.862052 0.448671
vt 0.244092 0.919156
vt 0.249823 0.919156
vt 0.332014 0.634262
vt 0.329594 0.620084
vt 0.338119 0.618357
vt 0.341299 0.632132
vt 0.276413 0.364371
vt 0.275147 0.366795
vt 0.264895 0.361144
vt 0.264578 0.358898
vt 0.107220 0.470745
vt 0.107186 0.454993
vt 0.111555 0.456572
vt 0.111631 0.471465
vt 0.978627 0.449813
vt 0.979238 0.450033
vt 0.658080 0.629278
vt 0.653697 0.612890
vt 0.990658 0.036135
vt 0.988575 0.035328
vt 0.527987 0.453950
vt 0.530216 0.454086
vt 0.532218 0.465499
vt 0.530016 0.466307
vt 0.824540 0.974351
vt 0.824198 0.982815
vt 0.931955 0.892480
vt 0.933787 0.894154
vt 0.377026 0.637820
vt 0.380557 0.649841
vt 0.375251 0.653346
vt 0.171696 0.661807
vt 0.171715 0.676857
vt 0.165850 0.678102
vt 0.426575 0.783546
vt 0.427077 0.790437
vt 0.418157 0.790570
vt 0.003541 0.806562
vt 0.006913 0.806378
vt 0.011049 0.278456
vt 0.012904 0.278533
vt 0.012471 0.287610
vt 0.395249 0.759761
vt 0.403022 0.759258
vt 0.004829 0.222765
vt 0.002774 0.220338
vt 0.104030 0.358030
vt 0.114084 0.351670
vt 0.114625 0.354283
vt 0.104571 0.360642
vt 0.418555 0.942782
vt 0.418261 0.931435
vt 0.429210 0.933002
vt 0.430166 0.944484
vt 0.744097 0.253556
vt 0.875946 0.084725
vt 0.879176 0.081681
vt 0.879813 0.098512
vt 0.876137 0.102720
vt 0.526243 0.349242
vt 0.529067 0.347388
vt 0.529067 0.360139
vt 0.526243 0.361993
vt 0.137744 0.968193
vt 0.891512 0.199145
vt 0.891457 0.185300
vt 0.904858 0.186708
vt 0.903637 0.200890
vt 0.023965 0.011886
vt 0.024957 0.009607
vt 0.673251 0.518611
vt 0.678264 0.520211
vt 0.100511 0.197674
vt 0.100595 0.204489
vt 0.088509 0.205166
vt 0.087902 0.199552
vt 0.151604 0.003298
vt 0.151604 0.020111
vt 0.147094 0.017891
vt 0.147083 0.003506
vt 0.305750 0.082928
vt 0.301291 0.083235
vt 0.827431 0.465956
vt 0.826874 0.452577
vt 0.435678 0.866917
vt 0.445110 0.868025
vt 0.444142 0.883210
vt 0.433131 0.882808
vt 0.007190 0.081506
vt 0.008708 0.095913
vt 0.005326 0.095111
vt 0.003457 0.081329
vt 0.615475 0.885533
vt 0.613780 0.899913
vt 0.363851 0.307585
vt 0.374442 0.321604
vt 0.365187 0.321772
vt 0.455477 0.869809
vt 0.454965 0.886669
vt 0.821060 0.387715
vt 0.824495 0.377302
vt 0.826981 0.377530
vt 0.823665 0.388292
vt 0.212760 0.340747
vt 0.211899 0.336793
vt 0.913039 0.790590
vt 0.911776 0.799788
vt 0.900745 0.795203
vt 0.902684 0.787330
vt 0.811544 0.250059
vt 0.811028 0.236776
vt 0.819994 0.237596
vt 0.340528 0.196051
vt 0.331008 0.196611
vt 0.331690 0.180355
vt 0.969890 0.348775
vt 0.972211 0.349300
vt 0.973050 0.364087
vt 0.970347 0.363545
vt 0.927504 0.280881
vt 0.155941 0.043211
vt 0.149643 0.042694
vt 0.150056 0.032889
vt 0.153403 0.032831
vt 0.119028 0.405309
vt 0.110443 0.402784
vt 0.718651 0.850123
vt 0.722175 0.849068
vt 0.725356 0.861577
vt 0.720598 0.863567
vt 0.555021 0.352259
vt 0.550296 0.351922
vt 0.761114 0.852359
vt 0.761387 0.836168
vt 0.768551 0.835429
vt 0.768586 0.852386
vt 0.834523 0.162163
vt 0.836919 0.161936
vt 0.834212 0.182048
vt 0.830737 0.181953
vt 0.146967 0.978159
vt 0.160886 0.977915
vt 0.160150 0.988937
vt 0.146231 0.987237
vt 0.318673 0.419676
vt 0.318678 0.424140
vt 0.337242 0.298567
vt 0.336159 0.298326
vt 0.337242 0.290876
vt 0.078069 0.946079
vt 0.088166 0.942209
vt 0.089006 0.945626
vt 0.078850 0.948277
vt 0.469377 0.222500
vt 0.465028 0.221540
vt 0.336808 0.284644
vt 0.334003 0.273132
vt 0.346263 0.271123
vt 0.349762 0.280620
vt 0.546532 0.496170
vt 0.547631 0.500892
vt 0.544362 0.500385
vt 0.544013 0.495166
vt 0.660565 0.186020
vt 0.340650 0.072433
vt 0.351036 0.088567
vt 0.346888 0.090810
vt 0.336502 0.074676
vt 0.291648 0.946247
vt 0.289890 0.933127
vt 0.296078 0.932965
vt 0.297029 0.945302
vt 0.097783 0.701452
vt 0.094114 0.701194
vt 0.913011 0.576834
vt 0.920104 0.576313
vt 0.916789 0.590946
vt 0.909909 0.590199
vt 0.990067 0.689044
vt 0.987656 0.691500
vt 0.987656 0.672120
vt 0.343429 0.936825
vt 0.326420 0.932353
vt 0.470955 0.621886
vt 0.456799 0.617935
vt 0.943503 0.428873
vt 0.946282 0.439656
vt 0.974141 0.780311
vt 0.977691 0.780154
vt 0.974778 0.793012
vt 0.971329 0.793907
vt 0.788691 0.659715
vt 0.789340 0.648401
vt 0.803044 0.648226
vt 0.803578 0.660483
vt 0.046741 0.005873
vt 0.049787 0.003002
vt 0.340792 0.428382
vt 0.770943 0.331951
vt 0.768050 0.318043
vt 0.778106 0.317922
vt 0.780942 0.331080
vt 0.332948 0.358644
vt 0.327862 0.367629
vt 0.614908 0.172605
vt 0.615178 0.159856
vt 0.619731 0.160840
vt 0.617944 0.173262
vt 0.908634 0.933362
vt 0.912166 0.921777
vt 0.918214 0.937196
vt 0.808761 0.421205
vt 0.817863 0.421372
vt 0.816789 0.433911
vt 0.808619 0.434987
vt 0.251268 0.175869
vt 0.647864 0.613293
vt 0.082331 0.723959
vt 0.084723 0.725302
vt 0.645934 0.698515
vt 0.639072 0.701087
vt 0.639753 0.678129
vt 0.979238 0.479564
vt 0.248072 0.964172
vt 0.236507 0.963593
vt 0.239851 0.608167
vt 0.239952 0.592071
vt 0.253309 0.592242
vt 0.252004 0.608429
vt 0.405883 0.322593
vt 0.408673 0.320689
vt 0.414454 0.331576
vt 0.412108 0.334196
vt 0.401324 0.245027
vt 0.408236 0.244550
vt 0.409907 0.259909
vt 0.402184 0.261158
vt 0.671689 0.293926
vt 0.669221 0.291815
vt 0.110360 0.331054
vt 0.112929 0.330258
vt 0.240153 0.131577
vt 0.245992 0.145051
vt 0.242658 0.145441
vt 0.237416 0.133387
vt 0.934225 0.655120
vt 0.925685 0.656436
vt 0.928858 0.642717
vt 0.943658 0.643634
vt 0.881680 0.287725
vt 0.887626 0.296015
vt 0.278073 0.560773
vt 0.278456 0.565649
vt 0.276088 0.564901
vt 0.275840 0.560875
vt 0.050417 0.101514
vt 0.052966 0.103373
vt 0.025288 0.530811
vt 0.023999 0.516377
vt 0.030053 0.515006
vt 0.032024 0.530310
vt 0.771122 0.253308
vt 0.770793 0.262314
vt 0.758522 0.259229
vt 0.759581 0.249389
vt 0.410768 0.020033
vt 0.411497 0.035867
vt 0.403033 0.034384
vt 0.402623 0.019700
vt 0.250919 0.798696
vt 0.252368 0.784839
vt 0.256799 0.785514
vt 0.256799 0.798767
vt 0.070878 0.522055
vt 0.083506 0.524322
vt 0.083976 0.536756
vt 0.433277 0.685242
vt 0.435559 0.698775
vt 0.645189 0.500818
vt 0.657612 0.499997
vt 0.287251 0.265020
vt 0.287738 0.272268
vt 0.279148 0.271956
vt 0.278661 0.264708
vt 0.717646 0.174076
vt 0.714818 0.161020
vt 0.718124 0.160511
vt 0.720951 0.173568
vt 0.384821 0.958915
vt 0.387945 0.942597
vt 0.476875 0.055312
vt 0.486919 0.052811
vt 0.486530 0.067393
vt 0.476469 0.069686
vt 0.146789 0.182823
vt 0.150057 0.182165
vt 0.148382 0.196466
vt 0.144918 0.195559
vt 0.732306 0.527433
vt 0.736727 0.513344
vt 0.739456 0.515337
vt 0.735966 0.528792
vt 0.221218 0.174633
vt 0.218248 0.175619
vt 0.209713 0.155344
vt 0.211506 0.152568
vt 0.885881 0.110327
vt 0.885732 0.100486
vt 0.891377 0.101541
vt 0.891526 0.111383
vt 0.149848 0.396782
vt 0.150057 0.403762
vt 0.146153 0.403762
vt 0.147526 0.397480
vt 0.278723 0.099133
vt 0.280996 0.120429
vt 0.272355 0.120407
vt 0.270298 0.099215
vt 0.270945 0.294365
vt 0.280189 0.293625
vt 0.279399 0.304524
vt 0.266804 0.305879
vt 0.017017 0.126749
vt 0.014451 0.128399
vt 0.044331 0.295258
vt 0.044083 0.299206
vt 0.022313 0.302499
vt 0.022187 0.297963
vt 0.467341 0.494246
vt 0.471849 0.494162
vt 0.259597 0.419414
vt 0.271839 0.416733
vt 0.262193 0.432624
vt 0.555760 0.206657
vt 0.555793 0.189100
vt 0.563427 0.188677
vt 0.563393 0.206234
vt 0.863503 0.638849
vt 0.867936 0.638414
vt 0.868614 0.649947
vt 0.863700 0.651401
vt 0.626235 0.005220
vt 0.623002 0.024946
vt 0.620936 0.002776
vt 0.767469 0.752079
vt 0.771535 0.752393
vt 0.770461 0.766017
vt 0.766394 0.765704
vt 0.215270 0.058713
vt 0.227601 0.072407
vt 0.223527 0.073923
vt 0.212058 0.060952
vt 0.090063 0.445261
vt 0.090397 0.430178
vt 0.099389 0.432921
vt 0.098557 0.448745
vt 0.735839 0.623076
vt 0.735691 0.635310
vt 0.209843 0.327960
vt 0.213483 0.326200
vt 0.172118 0.075840
vt 0.165583 0.067203
vt 0.723838 0.201476
vt 0.688907 0.612713
vt 0.691540 0.601857
vt 0.695480 0.604050
vt 0.692847 0.614906
vt 0.538014 0.933368
vt 0.539740 0.943033
vt 0.529727 0.026858
vt 0.533614 0.026577
vt 0.533640 0.032687
vt 0.531890 0.035581
vt 0.490739 0.499451
vt 0.494462 0.501426
vt 0.438965 0.582402
vt 0.443983 0.582453
vt 0.974581 0.645715
vt 0.973015 0.630605
vt 0.975205 0.630381
vt 0.976144 0.646769
vt 0.818352 0.017878
vt 0.443337 0.541681
vt 0.443587 0.558551
vt 0.438111 0.558554
vt 0.439447 0.541679
vt 0.590616 0.911701
vt 0.602730 0.911397
vt 0.601452 0.916234
vt 0.590398 0.916148
vt 0.389465 0.980993
vt 0.394461 0.976422
vt 0.394480 0.982274
vt 0.321402 0.500977
vt 0.323319 0.500661
vt 0.320696 0.514263
vt 0.318778 0.514579
vt 0.718560 0.458967
vt 0.719346 0.473216
vt 0.824760 0.273271
vt 0.827510 0.272620
vt 0.831749 0.292485
vt 0.828637 0.293211
vt 0.818192 0.672967
vt 0.824669 0.670756
vt 0.827284 0.686871
vt 0.820341 0.686694
vt 0.768942 0.701729
vt 0.771429 0.715454
vt 0.632564 0.600700
vt 0.098645 0.377581
vt 0.101731 0.379502
vt 0.349461 0.163768
vt 0.902334 0.537915
vt 0.897600 0.537607
vt 0.563101 0.779216
vt 0.549687 0.777139
vt 0.553391 0.764707
vt 0.562557 0.764801
vt 0.127874 0.122035
vt 0.130417 0.122042
vt 0.123330 0.132412
vt 0.375873 0.985748
vt 0.384213 0.986662
vt 0.960908 0.038674
vt 0.961614 0.028716
vt 0.965315 0.028438
vt 0.193372 0.979801
vt 0.180234 0.979295
vt 0.295904 0.358217
vt 0.293842 0.352548
vt 0.298567 0.353283
vt 0.298567 0.360446
vt 0.894483 0.412015
vt 0.903436 0.411245
vt 0.900924 0.422559
vt 0.893142 0.422505
vt 0.967600 0.973167
vt 0.966683 0.973823
vt 0.966857 0.968249
vt 0.968291 0.968328
vt 0.221904 0.943531
vt 0.221043 0.949186
vt 0.489258 0.982101
vt 0.491113 0.970321
vt 0.507409 0.969101
vt 0.505481 0.980686
vt 0.692086 0.782650
vt 0.704949 0.782350
vt 0.150549 0.822136
vt 0.276960 0.951540
vt 0.279075 0.953118
vt 0.275882 0.967524
vt 0.272575 0.966583
vt 0.350129 0.949986
vt 0.356833 0.956534
vt 0.349286 0.958474
vt 0.943967 0.269179
vt 0.944690 0.273869
vt 0.631688 0.381781
vt 0.187185 0.221547
vt 0.187063 0.228398
vt 0.623939 0.693065
vt 0.626527 0.693967
vt 0.736576 0.689373
vt 0.732577 0.700782
vt 0.729012 0.699233
vt 0.733012 0.687825
vt 0.980919 0.630057
vt 0.985426 0.629659
vt 0.984849 0.643311
vt 0.981583 0.644170
vt 0.112591 0.504583
vt 0.111581 0.488935
vt 0.122236 0.490433
vt 0.123247 0.506081
vt 0.135514 0.680338
vt 0.130305 0.680426
vt 0.603729 0.801754
vt 0.604124 0.787511
vt 0.612604 0.788092
vt 0.611349 0.803333
vt 0.927582 0.290997
vt 0.926344 0.303111
vt 0.703288 0.031645
vt 0.699441 0.016007
vt 0.706145 0.015427
vt 0.709991 0.031065
vt 0.340135 0.208991
vt 0.331500 0.209364
vt 0.525563 0.582451
vt 0.702163 0.497761
vt 0.693958 0.485784
vt 0.265027 0.557603
vt 0.272268 0.556987
vt 0.269036 0.570835
vt 0.265027 0.570333
vt 0.982798 0.462941
vt 0.981716 0.463259
vt 0.983879 0.450641
vt 0.034796 0.271698
vt 0.837208 0.276400
vt 0.833851 0.278406
vt 0.074082 0.299523
vt 0.077349 0.298869
vt 0.076837 0.312483
vt 0.074082 0.312490
vt 0.756448 0.408029
vt 0.760832 0.406539
vt 0.761976 0.420032
vt 0.758497 0.421793
vt 0.084562 0.549032
vt 0.073665 0.545740
vt 0.414862 0.251491
vt 0.420182 0.249669
vt 0.422325 0.262712
vt 0.417005 0.264533
vt 0.187786 0.686388
vt 0.190376 0.674273
vt 0.762120 0.819089
vt 0.761114 0.804936
vt 0.767971 0.803432
vt 0.768265 0.818826
vt 0.653542 0.931143
vt 0.662134 0.938490
vt 0.652131 0.942309
vt 0.962115 0.887574
vt 0.963493 0.898656
vt 0.565471 0.951366
vt 0.570835 0.950778
vt 0.569801 0.963186
vt 0.565127 0.964636
vt 0.194919 0.815258
vt 0.188996 0.803112
vt 0.190721 0.802909
vt 0.508332 0.448665
vt 0.508332 0.434216
vt 0.512050 0.436949
vt 0.511564 0.450171
vt 0.500529 0.794447
vt 0.510661 0.794843
vt 0.510813 0.806067
vt 0.500231 0.806450
vt 0.061442 0.150089
vt 0.056122 0.141324
vt 0.475219 0.775869
vt 0.481941 0.774727
vt 0.485175 0.789365
vt 0.478022 0.790991
vt 0.827634 0.104084
vt 0.826518 0.115554
vt 0.005961 0.168221
vt 0.006510 0.153539
vt 0.008724 0.153670
vt 0.009282 0.168416
vt 0.759050 0.359444
vt 0.786384 0.559199
vt 0.786646 0.545285
vt 0.797240 0.545348
vt 0.799317 0.560146
vt 0.325864 0.732937
vt 0.331719 0.733087
vt 0.894064 0.312056
vt 0.906056 0.312215
vt 0.902645 0.318962
vt 0.890863 0.318189
vt 0.962497 0.016251
vt 0.965174 0.016390
vt 0.062630 0.442035
vt 0.547790 0.949845
vt 0.544564 0.934945
vt 0.556198 0.946355
vt 0.351469 0.179106
vt 0.348591 0.178378
vt 0.346092 0.164930
vt 0.754227 0.535355
vt 0.097195 0.527009
vt 0.096842 0.514415
vt 0.103648 0.515812
vt 0.103648 0.529156
vt 0.688360 0.118015
vt 0.697688 0.118873
vt 0.697688 0.135515
vt 0.687357 0.135533
vt 0.785563 0.431607
vt 0.776285 0.422086
vt 0.778135 0.421461
vt 0.787413 0.430982
vt 0.256799 0.514271
vt 0.256790 0.529531
vt 0.416453 0.563721
vt 0.419231 0.563580
vt 0.419187 0.575476
vt 0.416841 0.575476
vt 0.472018 0.071013
vt 0.472680 0.083261
vt 0.467051 0.083537
vt 0.178250 0.582456
vt 0.179625 0.569690
vt 0.185638 0.570522
vt 0.184872 0.581908
vt 0.957250 0.134307
vt 0.959127 0.134513
vt 0.957444 0.158763
vt 0.954763 0.159404
vt 0.806038 0.878849
vt 0.813711 0.876776
vt 0.813434 0.888748
vt 0.806389 0.890650
vt 0.231927 0.031055
vt 0.233765 0.028911
vt 0.243607 0.037274
vt 0.241584 0.038568
vt 0.547631 0.668948
vt 0.557801 0.667332
vt 0.559236 0.682055
vt 0.548553 0.684069
vt 0.728416 0.797301
vt 0.739872 0.793947
vt 0.743239 0.805402
vt 0.731966 0.809477
vt 0.699346 0.639770
vt 0.699938 0.650744
vt 0.687561 0.651669
vt 0.688022 0.641098
vt 0.168829 0.696125
vt 0.172087 0.708693
vt 0.162483 0.707416
vt 0.160057 0.696608
vt 0.521053 0.954301
vt 0.530413 0.954304
vt 0.115906 0.827719
vt 0.127117 0.826079
vt 0.128188 0.839866
vt 0.116978 0.841506
vt 0.911911 0.453178
vt 0.915029 0.466142
vt 0.908589 0.465854
vt 0.905631 0.452710
vt 0.389952 0.384959
vt 0.398223 0.381267
vt 0.392231 0.400948
vt 0.266080 0.981366
vt 0.266080 0.971225
vt 0.332685 0.114866
vt 0.332685 0.098764
vt 0.341617 0.101016
vt 0.341882 0.116023
vt 0.969956 0.194899
vt 0.967867 0.210486
vt 0.965419 0.209386
vt 0.966740 0.193870
vt 0.727591 0.565861
vt 0.728627 0.576887
vt 0.319515 0.181474
vt 0.320690 0.163008
vt 0.330861 0.162163
vt 0.349628 0.566042
vt 0.355172 0.564398
vt 0.355862 0.579717
vt 0.350202 0.580719
vt 0.385997 0.373750
vt 0.389839 0.371573
vt 0.389839 0.377372
vt 0.385545 0.379010
vt 0.187067 0.776002
vt 0.191282 0.763926
vt 0.192377 0.764657
vt 0.755197 0.900844
vt 0.743924 0.903436
vt 0.946193 0.239782
vt 0.943540 0.239161
vt 0.079821 0.318683
vt 0.077992 0.326530
vt 0.063351 0.324256
vt 0.064806 0.315821
vt 0.332974 0.774569
vt 0.334468 0.784001
vt 0.320144 0.782282
vt 0.319070 0.772055
vt 0.179201 0.752026
vt 0.185638 0.751226
vt 0.183824 0.765944
vt 0.178761 0.766331
vt 0.082720 0.903574
vt 0.090395 0.900242
vt 0.091584 0.910346
vt 0.302092 0.521332
vt 0.304755 0.520720
vt 0.490741 0.686263
vt 0.490521 0.671538
vt 0.502817 0.670671
vt 0.504198 0.685196
vt 0.457933 0.065329
vt 0.461025 0.075788
vt 0.450390 0.078312
vt 0.444894 0.068216
vt 0.685133 0.180456
vt 0.686859 0.195429
vt 0.351695 0.320110
vt 0.354226 0.319827
vt 0.957828 0.295228
vt 0.949990 0.306250
vt 0.953424 0.293196
vt 0.097367 0.463125
vt 0.101314 0.448623
vt 0.101072 0.463611
vt 0.643985 0.250319
vt 0.653414 0.248384
vt 0.654122 0.263655
vt 0.491328 0.716242
vt 0.491288 0.701697
vt 0.504745 0.700630
vt 0.505780 0.714647
vt 0.809247 0.368441
vt 0.808556 0.348198
vt 0.081433 0.670679
vt 0.086740 0.669491
vt 0.082252 0.685312
vt 0.077387 0.684841
vt 0.577367 0.642153
vt 0.576169 0.625790
vt 0.589485 0.640845
vt 0.434664 0.119382
vt 0.441149 0.117615
vt 0.441868 0.135015
vt 0.435313 0.136134
vt 0.417684 0.379197
vt 0.423193 0.378905
vt 0.423872 0.394241
vt 0.581664 0.312806
vt 0.423802 0.986973
vt 0.417174 0.975467
vt 0.429455 0.985686
vt 0.959250 0.756639
vt 0.963707 0.757807
vt 0.350687 0.554200
vt 0.750198 0.680577
vt 0.746603 0.666780
vt 0.747840 0.667239
vt 0.597134 0.470837
vt 0.149061 0.857744
vt 0.103230 0.217789
vt 0.117988 0.216747
vt 0.120829 0.230010
vt 0.107124 0.232047
vt 0.386711 0.793317
vt 0.391911 0.792361
vt 0.392933 0.811222
vt 0.388289 0.811209
vt 0.750285 0.417540
vt 0.739927 0.414861
vt 0.219721 0.647646
vt 0.228197 0.647115
vt 0.228863 0.662366
vt 0.219990 0.662897
vt 0.900398 0.388746
vt 0.912103 0.375573
vt 0.046346 0.526697
vt 0.044375 0.511392
vt 0.056797 0.508989
vt 0.057963 0.523246
vt 0.592766 0.320225
vt 0.600002 0.298529
vt 0.602737 0.318877
vt 0.100671 0.843683
vt 0.106527 0.842518
vt 0.107235 0.853837
vt 0.102255 0.853933
vt 0.378636 0.409349
vt 0.378633 0.429989
vt 0.369836 0.409315
vt 0.977672 0.607187
vt 0.979238 0.621105
vt 0.815258 0.743585
vt 0.810352 0.745202
vt 0.970388 0.955980
vt 0.007735 0.343737
vt 0.006072 0.357184
vt 0.003138 0.355616
vt 0.005063 0.341890
vt 0.369395 0.027846
vt 0.369562 0.015701
vt 0.372822 0.014494
vt 0.372822 0.027528
vt 0.887966 0.539580
vt 0.876829 0.543137
vt 0.986745 0.500679
vt 0.985459 0.489537
vt 0.988924 0.490273
vt 0.990067 0.501221
vt 0.361876 0.821864
vt 0.353184 0.820040
vt 0.500624 0.663654
vt 0.491610 0.654220
vt 0.502689 0.658423
vt 0.988520 0.321610
vt 0.985147 0.321772
vt 0.986280 0.312056
vt 0.988520 0.311805
vt 0.782575 0.789609
vt 0.796723 0.793365
vt 0.152430 0.150014
vt 0.139290 0.152784
vt 0.513137 0.744714
vt 0.511321 0.757417
vt 0.496328 0.753669
vt 0.496382 0.741764
vt 0.112397 0.410266
vt 0.116023 0.410709
vt 0.115533 0.426850
vt 0.112397 0.426966
vt 0.240234 0.785245
vt 0.548235 0.276135
vt 0.550461 0.275019
vt 0.554645 0.287163
vt 0.551678 0.287719
vt 0.817586 0.592057
vt 0.809330 0.604625
vt 0.809668 0.591801
vt 0.036702 0.647386
vt 0.680650 0.724220
vt 0.684075 0.724796
vt 0.683232 0.729500
vt 0.677556 0.729047
vt 0.612321 0.400033
vt 0.609050 0.398243
vt 0.947834 0.937475
vt 0.947827 0.931453
vt 0.961325 0.934733
vt 0.961337 0.947841
vt 0.401611 0.192373
vt 0.397062 0.182531
vt 0.121957 0.619719
vt 0.119395 0.605342
vt 0.130938 0.604093
vt 0.133170 0.617795
vt 0.948337 0.551962
vt 0.938930 0.558049
vt 0.355484 0.550857
vt 0.365452 0.545020
vt 0.770053 0.147101
vt 0.769295 0.143814
vt 0.778536 0.139474
vt 0.122307 0.423899
vt 0.126852 0.423787
vt 0.126852 0.436248
vt 0.122263 0.436155
vt 0.162446 0.349617
vt 0.160579 0.343739
vt 0.177378 0.343942
vt 0.126957 0.006936
vt 0.126957 0.003200
vt 0.129175 0.003011
vt 0.131493 0.007735
vt 0.188732 0.061165
vt 0.192099 0.060846
vt 0.193346 0.073140
vt 0.189980 0.073459
vt 0.746140 0.334153
vt 0.044096 0.682451
vt 0.043036 0.697100
vt 0.484257 0.686087
vt 0.483544 0.672830
vt 0.242876 0.983458
vt 0.259140 0.280524
vt 0.258536 0.278327
vt 0.191993 0.659846
vt 0.203604 0.657122
vt 0.200815 0.670546
vt 0.815661 0.528822
vt 0.818369 0.528660
vt 0.817628 0.541110
vt 0.815199 0.542367
vt 0.800960 0.772336
vt 0.805710 0.783999
vt 0.242599 0.087083
vt 0.249212 0.074270
vt 0.139402 0.350235
vt 0.140124 0.347099
vt 0.947827 0.951321
vt 0.649116 0.092994
vt 0.648572 0.080215
vt 0.178893 0.935098
vt 0.169889 0.936046
vt 0.295276 0.920874
vt 0.306449 0.922066
vt 0.306977 0.934285
vt 0.018964 0.280053
vt 0.023205 0.283582
vt 0.493731 0.649024
vt 0.497460 0.639616
vt 0.507536 0.648228
vt 0.269601 0.494803
vt 0.271071 0.491123
vt 0.250661 0.450666
vt 0.254090 0.449964
vt 0.255795 0.464981
vt 0.250994 0.465471
vt 0.364054 0.952819
vt 0.365087 0.957897
vt 0.358522 0.962774
vt 0.540127 0.435711
vt 0.546849 0.436105
vt 0.780337 0.893787
vt 0.780319 0.879603
vt 0.793095 0.879822
vt 0.792467 0.893262
vt 0.473878 0.288468
vt 0.482034 0.280288
vt 0.484218 0.283505
vt 0.474903 0.292379
vt 0.033473 0.612811
vt 0.048665 0.609087
vt 0.842805 0.324796
vt 0.849528 0.323185
vt 0.176368 0.137848
vt 0.173945 0.137492
vt 0.179175 0.125821
vt 0.182694 0.125918
vt 0.179976 0.260635
vt 0.178286 0.255248
vt 0.201372 0.248249
vt 0.204957 0.252975
vt 0.217375 0.539345
vt 0.340870 0.515272
vt 0.341699 0.504006
vt 0.348070 0.507386
vt 0.348070 0.519785
vt 0.892056 0.783283
vt 0.892278 0.767012
vt 0.895701 0.767389
vt 0.895413 0.783662
vt 0.314005 0.231678
vt 0.315584 0.238292
vt 0.270248 0.582774
vt 0.261167 0.918948
vt 0.272985 0.918166
vt 0.449699 0.900342
vt 0.437277 0.900265
vt 0.063256 0.170913
vt 0.061805 0.174072
vt 0.836654 0.014421
vt 0.774745 0.790619
vt 0.773297 0.777401
vt 0.184335 0.237029
vt 0.186297 0.239749
vt 0.819489 0.060563
vt 0.818762 0.082005
vt 0.600796 0.248644
vt 0.611481 0.249064
vt 0.040874 0.823975
vt 0.004850 0.752214
vt 0.003855 0.737304
vt 0.012225 0.737176
vt 0.012281 0.751479
vt 0.015703 0.089637
vt 0.025890 0.073932
vt 0.028303 0.076245
vt 0.018184 0.092819
vt 0.800610 0.483862
vt 0.815116 0.483234
vt 0.814572 0.497544
vt 0.799424 0.499330
vt 0.977039 0.594155
vt 0.979238 0.594384
vt 0.824909 0.007903
vt 0.776865 0.136352
vt 0.765301 0.131884
vt 0.772822 0.125478
vt 0.356678 0.776407
vt 0.350386 0.776584
vt 0.265991 0.844308
vt 0.259150 0.844133
vt 0.544230 0.117548
vt 0.543310 0.103430
vt 0.549178 0.103669
vt 0.549178 0.117570
vt 0.828750 0.006633
vt 0.835404 0.003262
vt 0.622686 0.980289
vt 0.617266 0.975007
vt 0.620363 0.973946
vt 0.174715 0.051758
vt 0.173487 0.048607
vt 0.914728 0.072232
vt 0.913574 0.067122
vt 0.918091 0.068188
vt 0.920382 0.072598
vt 0.190882 0.033205
vt 0.188685 0.021608
vt 0.193372 0.033143
vt 0.531137 0.269989
vt 0.523888 0.258459
vt 0.532111 0.254666
vt 0.951965 0.472005
vt 0.948558 0.471758
vt 0.946188 0.461161
vt 0.092240 0.218309
vt 0.812008 0.330199
vt 0.816805 0.332183
vt 0.187334 0.532074
vt 0.185666 0.514657
vt 0.376707 0.540096
vt 0.634778 0.821446
vt 0.639805 0.820344
vt 0.004441 0.690757
vt 0.008492 0.690809
vt 0.009412 0.695807
vt 0.002774 0.696141
vt 0.396226 0.156043
vt 0.396001 0.140891
vt 0.399026 0.140310
vt 0.399121 0.156098
vt 0.253595 0.733146
vt 0.268838 0.727409
vt 0.269174 0.740534
vt 0.500094 0.435874
vt 0.502465 0.442477
vt 0.414960 0.968599
vt 0.885422 0.072504
vt 0.891049 0.072243
vt 0.890002 0.081324
vt 0.884366 0.080477
vt 0.400428 0.171543
vt 0.408314 0.168273
vt 0.842062 0.375718
vt 0.844651 0.376573
vt 0.840138 0.379943
vt 0.838027 0.378654
vt 0.727005 0.809711
vt 0.729589 0.818972
vt 0.724571 0.819899
vt 0.133952 0.520303
vt 0.733936 0.450171
vt 0.730044 0.443240
vt 0.742734 0.447885
vt 0.161909 0.598232
vt 0.178067 0.597340
vt 0.262818 0.147594
vt 0.262818 0.143408
vt 0.266080 0.145647
vt 0.266073 0.148510
vt 0.577775 0.522247
vt 0.585323 0.534280
vt 0.578225 0.536902
vt 0.066406 0.277972
vt 0.071161 0.277972
vt 0.069355 0.282904
vt 0.066895 0.283097
vt 0.328793 0.875590
vt 0.330569 0.871615
vt 0.811374 0.380939
vt 0.808996 0.382104
vt 0.032822 0.544036
vt 0.026086 0.544537
vt 0.390053 0.200493
vt 0.393139 0.199481
vt 0.396027 0.207634
vt 0.391117 0.208842
vt 0.218880 0.058114
vt 0.231211 0.071807
vt 0.603814 0.759681
vt 0.616001 0.765316
vt 0.921124 0.967049
vt 0.921196 0.975021
vt 0.909520 0.974180
vt 0.909221 0.965123
vt 0.561737 0.608023
vt 0.561737 0.598633
vt 0.567284 0.603096
vt 0.567741 0.609510
vt 0.885542 0.317242
vt 0.883854 0.327789
vt 0.432363 0.824428
vt 0.421820 0.825331
vt 0.424422 0.814335
vt 0.434701 0.814527
vt 0.729201 0.717968
vt 0.740061 0.717374
vt 0.739229 0.730968
vt 0.727181 0.731755
vt 0.632510 0.769688
vt 0.636789 0.771630
vt 0.189649 0.550099
vt 0.185745 0.550179
vt 0.273555 0.287819
vt 0.274493 0.283435
vt 0.283370 0.288840
vt 0.386666 0.303212
vt 0.387485 0.285617
vt 0.391386 0.285777
vt 0.390567 0.303372
vt 0.667368 0.045474
vt 0.674344 0.045076
vt 0.231927 0.097160
vt 0.791842 0.929132
vt 0.797313 0.935311
vt 0.362552 0.038200
vt 0.371275 0.037109
vt 0.631168 0.258980
vt 0.631135 0.276464
vt 0.142124 0.531600
vt 0.148939 0.530490
vt 0.310336 0.431185
vt 0.312490 0.431776
vt 0.305430 0.439593
vt 0.303276 0.439002
vt 0.685883 0.940606
vt 0.696765 0.928170
vt 0.700782 0.950321
vt 0.688328 0.952551
vt 0.488905 0.296043
vt 0.493435 0.297092
vt 0.968444 0.541385
vt 0.968444 0.527857
vt 0.977024 0.529176
vt 0.976662 0.541303
vt 0.317189 0.474801
vt 0.319427 0.472578
vt 0.322854 0.486833
vt 0.320937 0.487149
vt 0.832275 0.310843
vt 0.828549 0.310545
vt 0.255952 0.113449
vt 0.259893 0.113727
vt 0.258267 0.131789
vt 0.254390 0.131528
vt 0.809070 0.786759
vt 0.807446 0.798632
vt 0.506970 0.325569
vt 0.505391 0.325719
vt 0.674973 0.723767
vt 0.671840 0.727766
vt 0.379943 0.929049
vt 0.372173 0.924823
vt 0.380565 0.922302
vt 0.334839 0.018910
vt 0.347493 0.021819
vt 0.334683 0.037265
vt 0.329951 0.035198
vt 0.484064 0.773405
vt 0.487299 0.788043
vt 0.485477 0.884860
vt 0.486929 0.871918
vt 0.492098 0.872755
vt 0.489783 0.886419
vt 0.687676 0.993161
vt 0.680529 0.993020
vt 0.680295 0.983701
vt 0.689004 0.984119
vt 0.343429 0.849093
vt 0.653010 0.160716
vt 0.657788 0.160712
vt 0.654204 0.174804
vt 0.649426 0.174809
vt 0.703945 0.518599
vt 0.699622 0.531674
vt 0.019468 0.171850
vt 0.024060 0.172086
vt 0.417032 0.153465
vt 0.415094 0.155760
vt 0.197908 0.368649
vt 0.203756 0.356351
vt 0.205748 0.357434
vt 0.199479 0.370446
vt 0.522633 0.222466
vt 0.524426 0.229465
vt 0.522252 0.230500
vt 0.519343 0.223540
vt 0.459296 0.661619
vt 0.459930 0.676216
vt 0.448749 0.678796
vt 0.304718 0.911363
vt 0.556590 0.418404
vt 0.557246 0.398471
vt 0.559500 0.397698
vt 0.560007 0.419906
vt 0.569468 0.716090
vt 0.577023 0.715612
vt 0.575333 0.729250
vt 0.750944 0.572948
vt 0.752596 0.567242
vt 0.762664 0.573983
vt 0.805216 0.434771
vt 0.810732 0.449118
vt 0.807150 0.449952
vt 0.220813 0.189946
vt 0.218463 0.189713
vt 0.615149 0.694063
vt 0.624714 0.707735
vt 0.834733 0.564991
vt 0.837586 0.563900
vt 0.841557 0.578092
vt 0.839136 0.578149
vt 0.652495 0.574140
vt 0.878671 0.889955
vt 0.877799 0.878953
vt 0.287684 0.161732
vt 0.289285 0.163980
vt 0.381030 0.448059
vt 0.322879 0.246250
vt 0.324264 0.246333
vt 0.324866 0.258673
vt 0.322879 0.259893
vt 0.689579 0.384205
vt 0.689418 0.370062
vt 0.695656 0.369714
vt 0.695123 0.385198
vt 0.849292 0.813079
vt 0.843610 0.828741
vt 0.247246 0.906638
vt 0.258235 0.907212
vt 0.144918 0.168964
vt 0.148187 0.168306
vt 0.991565 0.423416
vt 0.100425 0.009456
vt 0.085368 0.011382
vt 0.084530 0.009312
vt 0.101050 0.006839
vt 0.947606 0.647079
vt 0.956001 0.665201
vt 0.947671 0.665120
vt 0.697296 0.969746
vt 0.707378 0.974337
vt 0.138856 0.340022
vt 0.140902 0.327454
vt 0.148510 0.328517
vt 0.146969 0.341882
vt 0.027136 0.129554
vt 0.023856 0.129429
vt 0.024000 0.113575
vt 0.027280 0.113700
vt 0.389836 0.264259
vt 0.390495 0.278914
vt 0.378959 0.281241
vt 0.745644 0.228999
vt 0.744332 0.242165
vt 0.474433 0.385525
vt 0.474433 0.370446
vt 0.478017 0.374116
vt 0.477511 0.386745
vt 0.122131 0.237484
vt 0.125178 0.235339
vt 0.125305 0.251960
vt 0.122131 0.253705
vt 0.281899 0.888591
vt 0.281948 0.900342
vt 0.508925 0.489989
vt 0.389200 0.008955
vt 0.847859 0.011750
vt 0.848960 0.027042
vt 0.818902 0.448042
vt 0.194894 0.053530
vt 0.193819 0.055159
vt 0.307830 0.210309
vt 0.302083 0.210222
vt 0.301837 0.196364
vt 0.308006 0.197465
vt 0.656865 0.883715
vt 0.664060 0.883286
vt 0.662299 0.896186
vt 0.655394 0.897248
vt 0.361993 0.211035
vt 0.357754 0.212759
vt 0.356777 0.198829
vt 0.361474 0.199059
vt 0.702416 0.217170
vt 0.703762 0.230177
vt 0.689183 0.228826
vt 0.688308 0.215372
vt 0.914519 0.433854
vt 0.917877 0.433625
vt 0.920453 0.447100
vt 0.917478 0.448624
vt 0.890109 0.091020
vt 0.884472 0.090174
vt 0.812223 0.004045
vt 0.817845 0.003937
vt 0.949448 0.539249
vt 0.964603 0.124129
vt 0.965751 0.123125
vt 0.620936 0.062199
vt 0.623286 0.045184
vt 0.263726 0.503801
vt 0.271350 0.504715
vt 0.297620 0.594438
vt 0.297219 0.586426
vt 0.344608 0.784024
vt 0.755086 0.132421
vt 0.756473 0.134173
vt 0.954253 0.407809
vt 0.957580 0.407034
vt 0.957019 0.419190
vt 0.954087 0.420778
vt 0.017363 0.052044
vt 0.019272 0.053675
vt 0.017478 0.065296
vt 0.016340 0.065221
vt 0.821280 0.865840
vt 0.091272 0.330837
vt 0.090653 0.334148
vt 0.077373 0.329840
vt 0.022936 0.312159
vt 0.005139 0.317533
vt 0.003181 0.307874
vt 0.889123 0.172287
vt 0.902630 0.172287
vt 0.058590 0.668813
vt 0.069166 0.669352
vt 0.242438 0.269537
vt 0.306910 0.412319
vt 0.311116 0.407743
vt 0.914169 0.422122
vt 0.918542 0.405827
vt 0.920453 0.407551
vt 0.916382 0.422760
vt 0.190589 0.044862
vt 0.188685 0.043615
vt 0.694887 0.502647
vt 0.700252 0.512046
vt 0.692976 0.516933
vt 0.690488 0.504051
vt 0.933809 0.588074
vt 0.937469 0.588431
vt 0.349119 0.708644
vt 0.352054 0.720496
vt 0.347916 0.720892
vt 0.595303 0.325848
vt 0.597549 0.326221
vt 0.598681 0.331549
vt 0.596427 0.331545
vt 0.173262 0.721055
vt 0.164192 0.718793
vt 0.810566 0.557392
vt 0.817166 0.554655
vt 0.819899 0.566635
vt 0.813778 0.570835
vt 0.354821 0.706593
vt 0.362477 0.716967
vt 0.914802 0.526835
vt 0.915705 0.513925
vt 0.924342 0.516840
vt 0.925094 0.531286
vt 0.065235 0.474089
vt 0.069614 0.472747
vt 0.069614 0.487805
vt 0.066494 0.488846
vt 0.299727 0.753136
vt 0.302517 0.766285
vt 0.294087 0.766578
vt 0.291899 0.753679
vt 0.740537 0.343658
vt 0.737212 0.344359
vt 0.625739 0.895805
vt 0.621372 0.881999
vt 0.626081 0.882215
vt 0.629621 0.895974
vt 0.187262 0.498200
vt 0.195046 0.496608
vt 0.541129 0.526189
vt 0.541434 0.512965
vt 0.554336 0.511307
vt 0.037126 0.209493
vt 0.025419 0.213412
vt 0.024568 0.210553
vt 0.037537 0.205976
vt 0.683642 0.736559
vt 0.674912 0.741761
vt 0.675676 0.735402
vt 0.074678 0.176287
vt 0.074634 0.179044
vt 0.690508 0.085549
vt 0.690508 0.102511
vt 0.964028 0.390091
vt 0.966571 0.389391
vt 0.176298 0.332437
vt 0.194437 0.335224
vt 0.145938 0.367342
vt 0.144821 0.359192
vt 0.148367 0.359317
vt 0.150057 0.369518
vt 0.077254 0.985522
vt 0.076595 0.976232
vt 0.778564 0.581818
vt 0.690462 0.959133
vt 0.679969 0.962879
vt 0.087233 0.559533
vt 0.096753 0.563101
vt 0.111204 0.072087
vt 0.112739 0.094336
vt 0.110447 0.093314
vt 0.108785 0.072641
vt 0.585372 0.241386
vt 0.588346 0.240277
vt 0.590946 0.252611
vt 0.588368 0.254774
vt 0.158827 0.330967
vt 0.158592 0.321008
vt 0.176902 0.324074
vt 0.536302 0.140253
vt 0.539896 0.140093
vt 0.539896 0.154698
vt 0.535831 0.154283
vt 0.842450 0.239895
vt 0.844089 0.253904
vt 0.833441 0.239504
vt 0.913450 0.043007
vt 0.915332 0.541443
vt 0.370165 0.854705
vt 0.383669 0.854646
vt 0.384212 0.867876
vt 0.370708 0.867934
vt 0.862136 0.250764
vt 0.862759 0.235668
vt 0.442222 0.525958
vt 0.438185 0.527117
vt 0.947225 0.450811
vt 0.641948 0.876121
vt 0.638778 0.878102
vt 0.074621 0.761961
vt 0.077349 0.775650
vt 0.890536 0.801012
vt 0.894702 0.801210
vt 0.589708 0.726393
vt 0.582816 0.714792
vt 0.586065 0.714079
vt 0.592957 0.725679
vt 0.976854 0.322262
vt 0.974788 0.308016
vt 0.976877 0.307283
vt 0.979238 0.322921
vt 0.556334 0.861668
vt 0.553091 0.849390
vt 0.564752 0.849679
vt 0.568230 0.861130
vt 0.878650 0.753510
vt 0.881332 0.751486
vt 0.885095 0.761954
vt 0.881492 0.762707
vt 0.045001 0.909872
vt 0.046071 0.900198
vt 0.462859 0.208616
vt 0.462284 0.222032
vt 0.082341 0.654565
vt 0.087648 0.653377
vt 0.487824 0.991614
vt 0.503341 0.991614
vt 0.827634 0.128309
vt 0.318859 0.749239
vt 0.316647 0.734378
vt 0.328076 0.747797
vt 0.934905 0.238226
vt 0.932956 0.238235
vt 0.981724 0.726855
vt 0.981724 0.714794
vt 0.984394 0.714617
vt 0.985426 0.727080
vt 0.512225 0.732020
vt 0.496328 0.729128
vt 0.988234 0.156245
vt 0.984736 0.156045
vt 0.528489 0.068822
vt 0.540437 0.083676
vt 0.530088 0.083254
vt 0.925914 0.375388
vt 0.924429 0.363900
vt 0.928975 0.363161
vt 0.931282 0.375585
vt 0.658947 0.786438
vt 0.666748 0.787078
vt 0.665559 0.799238
vt 0.659108 0.798120
vt 0.673455 0.232644
vt 0.680348 0.254844
vt 0.677238 0.255151
vt 0.669221 0.233962
vt 0.813062 0.637393
vt 0.812174 0.624297
vt 0.814369 0.624285
vt 0.815258 0.637381
vt 0.033040 0.926708
vt 0.042436 0.926717
vt 0.033856 0.938976
vt 0.457359 0.257968
vt 0.459760 0.258356
vt 0.371863 0.609422
vt 0.376683 0.595607
vt 0.380557 0.597191
vt 0.375737 0.611006
vt 0.436971 0.398588
vt 0.433043 0.386272
vt 0.445359 0.383106
vt 0.448450 0.396273
vt 0.351505 0.869177
vt 0.357180 0.868361
vt 0.361224 0.879898
vt 0.355505 0.881778
vt 0.580465 0.490376
vt 0.731586 0.542527
vt 0.734803 0.543171
vt 0.130180 0.547209
vt 0.135858 0.546365
vt 0.222628 0.028645
vt 0.224801 0.027596
vt 0.259893 0.575661
vt 0.259869 0.591667
vt 0.982697 0.380026
vt 0.986973 0.382302
vt 0.077410 0.352718
vt 0.062282 0.347837
vt 0.476646 0.450781
vt 0.259691 0.348739
vt 0.260415 0.352405
vt 0.246121 0.354796
vt 0.244245 0.352030
vt 0.434306 0.736362
vt 0.421874 0.733640
vt 0.374784 0.624443
vt 0.584238 0.053017
vt 0.586609 0.054424
vt 0.463086 0.118161
vt 0.465641 0.118185
vt 0.463319 0.130792
vt 0.460902 0.132111
vt 0.403142 0.055824
vt 0.401534 0.067011
vt 0.768517 0.390615
vt 0.191825 0.482359
vt 0.187650 0.482559
vt 0.746752 0.580999
vt 0.201187 0.145111
vt 0.202115 0.141609
vt 0.330139 0.573044
vt 0.331492 0.561466
vt 0.332601 0.561262
vt 0.332601 0.573929
vt 0.737388 0.657014
vt 0.739456 0.676068
vt 0.735466 0.675734
vt 0.733637 0.657780
vt 0.029179 0.635112
vt 0.035966 0.633601
vt 0.030003 0.649094
vt 0.075602 0.842659
vt 0.886419 0.395589
vt 0.277092 0.728931
vt 0.570362 0.976079
vt 0.565688 0.977529
vt 0.832976 0.839948
vt 0.831015 0.828695
vt 0.844574 0.841103
vt 0.171804 0.536031
vt 0.176111 0.523068
vt 0.179450 0.524022
vt 0.176266 0.537069
vt 0.860258 0.363054
vt 0.847561 0.366100
vt 0.138132 0.304964
vt 0.139377 0.307018
vt 0.683621 0.888865
vt 0.686052 0.906520
vt 0.678212 0.902028
vt 0.829709 0.982332
vt 0.830166 0.964308
vt 0.837264 0.963620
vt 0.835789 0.982126
vt 0.108120 0.114385
vt 0.106677 0.112653
vt 0.383651 0.197466
vt 0.382158 0.207205
vt 0.623433 0.984773
vt 0.706970 0.815324
vt 0.704896 0.831658
vt 0.701510 0.830146
vt 0.704495 0.813105
vt 0.407493 0.365453
vt 0.417182 0.363459
vt 0.408443 0.380034
vt 0.539896 0.953755
vt 0.289890 0.920026
vt 0.291115 0.906031
vt 0.295023 0.908526
vt 0.341740 0.951082
vt 0.341881 0.960118
vt 0.943672 0.165757
vt 0.946234 0.145211
vt 0.949845 0.145804
vt 0.947828 0.165375
vt 0.624342 0.497877
vt 0.624679 0.486743
vt 0.629621 0.488381
vt 0.629284 0.499515
vt 0.763617 0.663486
vt 0.766941 0.662882
vt 0.764748 0.683567
vt 0.762146 0.683765
vt 0.582075 0.137753
vt 0.587630 0.139164
vt 0.587852 0.150057
vt 0.582075 0.149961
vt 0.004641 0.259678
vt 0.004641 0.276909
vt 0.002848 0.276154
vt 0.002848 0.258923
vt 0.883053 0.665675
vt 0.886419 0.665985
vt 0.883405 0.678611
vt 0.880039 0.678301
vt 0.026540 0.750353
vt 0.041737 0.749834
vt 0.041905 0.764350
vt 0.083495 0.935856
vt 0.071605 0.937469
vt 0.974465 0.067232
vt 0.977107 0.054121
vt 0.980785 0.054766
vt 0.977290 0.069614
vt 0.906120 0.974718
vt 0.905945 0.963197
vt 0.150576 0.759569
vt 0.157422 0.756314
vt 0.158739 0.768929
vt 0.152582 0.770793
vt 0.779718 0.236139
vt 0.770569 0.234358
vt 0.168236 0.146963
vt 0.165583 0.145732
vt 0.845309 0.197208
vt 0.851124 0.197463
vt 0.852166 0.209672
vt 0.846465 0.209066
vt 0.012219 0.784574
vt 0.297447 0.257142
vt 0.298567 0.273274
vt 0.294836 0.273815
vt 0.294836 0.256591
vt 0.045586 0.430002
vt 0.033279 0.431770
vt 0.987284 0.063467
vt 0.984760 0.064328
vt 0.987003 0.052369
vt 0.990067 0.053780
vt 0.216577 0.073382
vt 0.216247 0.076742
vt 0.212194 0.077530
vt 0.943142 0.307164
vt 0.930979 0.309396
vt 0.860121 0.575840
vt 0.856188 0.574635
vt 0.859204 0.571479
vt 0.061585 0.327836
vt 0.044435 0.327867
vt 0.045143 0.318256
vt 0.929965 0.549726
vt 0.303112 0.294350
vt 0.300598 0.295407
vt 0.292911 0.286372
vt 0.293876 0.284183
vt 0.237892 0.323385
vt 0.711102 0.275362
vt 0.703190 0.274532
vt 0.724571 0.785790
vt 0.789089 0.173322
vt 0.787536 0.157116
vt 0.793100 0.157983
vt 0.935504 0.777385
vt 0.948838 0.778454
vt 0.950379 0.790099
vt 0.936007 0.789463
vt 0.850691 0.963578
vt 0.851334 0.946496
vt 0.864762 0.946454
vt 0.864762 0.962380
vt 0.966322 0.169259
vt 0.964881 0.153287
vt 0.967701 0.153563
vt 0.968409 0.168345
vt 0.663218 0.422059
vt 0.674057 0.422953
vt 0.674057 0.436942
vt 0.663218 0.436048
vt 0.399064 0.552156
vt 0.404403 0.549349
vt 0.407829 0.562538
vt 0.401336 0.566194
vt 0.442303 0.855489
vt 0.426743 0.854150
vt 0.897752 0.673023
vt 0.911629 0.674655
vt 0.736265 0.610281
vt 0.735402 0.599854
vt 0.740854 0.599229
vt 0.740674 0.611609
vt 0.808599 0.545104
vt 0.074916 0.852336
vt 0.770360 0.378000
vt 0.771562 0.379531
vt 0.064973 0.962221
vt 0.058364 0.961389
vt 0.542509 0.573808
vt 0.541700 0.557211
vt 0.579302 0.903524
vt 0.579288 0.914446
vt 0.538258 0.813443
vt 0.543811 0.814923
vt 0.280645 0.729962
vt 0.146042 0.237572
vt 0.148510 0.236412
vt 0.713524 0.781973
vt 0.716154 0.795084
vt 0.916205 0.340643
vt 0.919219 0.339687
vt 0.922631 0.350208
vt 0.919617 0.351164
vt 0.222208 0.485680
vt 0.871191 0.875925
vt 0.860449 0.879006
vt 0.327261 0.011030
vt 0.325456 0.007962
vt 0.337011 0.003441
vt 0.337242 0.006595
vt 0.045150 0.331176
vt 0.027196 0.334148
vt 0.025051 0.324220
vt 0.743981 0.144389
vt 0.904983 0.898783
vt 0.068536 0.399834
vt 0.072708 0.397828
vt 0.072708 0.405309
vt 0.068704 0.403498
vt 0.525463 0.733757
vt 0.525973 0.748650
vt 0.521993 0.747989
vt 0.521484 0.733096
vt 0.240554 0.445112
vt 0.242876 0.446604
vt 0.241572 0.455607
vt 0.238875 0.455502
vt 0.884255 0.184843
vt 0.881679 0.173159
vt 0.152394 0.386410
vt 0.153616 0.384320
vt 0.503139 0.921646
vt 0.502454 0.932884
vt 0.406730 0.641704
vt 0.423872 0.639203
vt 0.422889 0.652742
vt 0.408156 0.654974
vt 0.915110 0.155979
vt 0.321772 0.225454
vt 0.320276 0.227406
vt 0.710011 0.769104
vt 0.713746 0.768305
vt 0.718141 0.781465
vt 0.590337 0.656652
vt 0.602763 0.639327
vt 0.603105 0.654199
vt 0.682456 0.598790
vt 0.682897 0.587660
vt 0.691652 0.589842
vt 0.621527 0.658193
vt 0.627128 0.659632
vt 0.187420 0.703189
vt 0.198460 0.754020
vt 0.206825 0.751336
vt 0.816265 0.519571
vt 0.819899 0.520552
vt 0.337242 0.091272
vt 0.761053 0.118859
vt 0.980583 0.521251
vt 0.969182 0.521332
vt 0.124990 0.149737
vt 0.128399 0.157581
vt 0.124377 0.157926
vt 0.121960 0.150617
vt 0.891060 0.264688
vt 0.891060 0.280418
vt 0.053401 0.428626
vt 0.050805 0.411481
vt 0.228841 0.121724
vt 0.226473 0.124601
vt 0.106899 0.555072
vt 0.112930 0.553570
vt 0.110382 0.568417
vt 0.471200 0.659878
vt 0.954486 0.729528
vt 0.954283 0.742625
vt 0.783769 0.306710
vt 0.787136 0.305819
vt 0.788214 0.318175
vt 0.784834 0.319281
vt 0.978023 0.247434
vt 0.980785 0.246614
vt 0.980690 0.259893
vt 0.976652 0.258857
vt 0.764999 0.779270
vt 0.761797 0.779678
vt 0.247155 0.284906
vt 0.246551 0.282710
vt 0.632228 0.146600
vt 0.630466 0.130629
vt 0.287895 0.415235
vt 0.288486 0.406654
vt 0.295473 0.408550
vt 0.292257 0.416826
vt 0.932002 0.561878
vt 0.928909 0.563101
vt 0.926871 0.550949
vt 0.877764 0.639346
vt 0.524569 0.513379
vt 0.530614 0.505651
vt 0.943175 0.423119
vt 0.384021 0.733814
vt 0.391386 0.732913
vt 0.389849 0.745620
vt 0.383507 0.747464
vt 0.230049 0.869762
vt 0.237046 0.868581
vt 0.442814 0.575476
vt 0.437485 0.574318
vt 0.069482 0.017074
vt 0.070945 0.019030
vt 0.452928 0.738975
vt 0.462951 0.738215
vt 0.867354 0.273713
vt 0.553576 0.040448
vt 0.560007 0.040654
vt 0.465300 0.445871
vt 0.470866 0.442234
vt 0.453265 0.541730
vt 0.452144 0.524880
vt 0.326982 0.341741
vt 0.324692 0.352688
vt 0.319601 0.350224
vt 0.349917 0.002592
vt 0.357352 0.002314
vt 0.357352 0.015323
vt 0.348858 0.014836
vt 0.354110 0.146797
vt 0.577391 0.245616
vt 0.580387 0.259005
vt 0.307465 0.493373
vt 0.312490 0.502186
vt 0.310790 0.504315
vt 0.820716 0.704409
vt 0.826363 0.704090
vt 0.289785 0.027234
vt 0.295808 0.023716
vt 0.009111 0.065500
vt 0.004984 0.066100
vt 0.095584 0.236687
vt 0.092859 0.236780
vt 0.084898 0.226356
vt 0.087197 0.224833
vt 0.288569 0.743202
vt 0.282844 0.741221
vt 0.654269 0.712758
vt 0.662880 0.708339
vt 0.238641 0.632434
vt 0.245605 0.632257
vt 0.246061 0.647289
vt 0.238701 0.647465
vt 0.117178 0.202050
vt 0.117051 0.196388
vt 0.433801 0.431444
vt 0.439365 0.444715
vt 0.431381 0.446415
vt 0.945861 0.925094
vt 0.109546 0.166886
vt 0.370412 0.724367
vt 0.382203 0.721925
vt 0.372855 0.736156
vt 0.417163 0.448516
vt 0.420778 0.448734
vt 0.420743 0.465110
vt 0.417128 0.464892
vt 0.796156 0.306925
vt 0.797260 0.319958
vt 0.731400 0.827126
vt 0.747379 0.826043
vt 0.746080 0.837442
vt 0.731318 0.837917
vt 0.916127 0.147532
vt 0.933216 0.145306
vt 0.252443 0.376035
vt 0.585269 0.439458
vt 0.867633 0.420930
vt 0.870949 0.423370
vt 0.659921 0.775762
vt 0.646702 0.773605
vt 0.848354 0.829814
vt 0.849292 0.843104
vt 0.205748 0.588256
vt 0.202483 0.587923
vt 0.356613 0.855500
vt 0.960908 0.003576
vt 0.964609 0.003298
vt 0.015703 0.019018
vt 0.017765 0.015712
vt 0.138856 0.314596
vt 0.145432 0.314484
vt 0.636234 0.241062
vt 0.641254 0.238782
vt 0.639118 0.251943
vt 0.082128 0.271871
vt 0.081745 0.265066
vt 0.093390 0.265105
vt 0.093568 0.271955
vt 0.395402 0.656348
vt 0.408372 0.668982
vt 0.396290 0.671800
vt 0.986130 0.300722
vt 0.988119 0.298271
vt 0.548908 0.789962
vt 0.562841 0.792403
vt 0.080524 0.585769
vt 0.093839 0.601961
vt 0.083001 0.603207
vt 0.809690 0.293001
vt 0.809725 0.309600
vt 0.796149 0.292110
vt 0.270304 0.793511
vt 0.264857 0.793614
vt 0.969956 0.226279
vt 0.966746 0.227406
vt 0.409267 0.164167
vt 0.895585 0.863526
vt 0.651678 0.971487
vt 0.663654 0.970013
vt 0.666748 0.330562
vt 0.664399 0.331054
vt 0.618255 0.552741
vt 0.610515 0.541207
vt 0.613602 0.539987
vt 0.621344 0.552944
vt 0.322441 0.112132
vt 0.321376 0.098564
vt 0.324566 0.099680
vt 0.324866 0.113257
vt 0.713131 0.432722
vt 0.716013 0.439481
vt 0.713099 0.441189
vt 0.710493 0.432505
vt 0.194535 0.689848
vt 0.341176 0.684872
vt 0.343429 0.697688
vt 0.136535 0.825503
vt 0.137335 0.839099
vt 0.422245 0.864797
vt 0.426966 0.865807
vt 0.424420 0.877335
vt 0.420578 0.877403
vt 0.689147 0.030855
vt 0.690016 0.045607
vt 0.689764 0.488766
vt 0.798557 0.529355
vt 0.809150 0.529419
vt 0.297082 0.428339
vt 0.299241 0.430060
vt 0.107197 0.368473
vt 0.117410 0.362635
vt 0.119117 0.365848
vt 0.108936 0.371480
vt 0.927057 0.901445
vt 0.939848 0.904658
vt 0.863208 0.710295
vt 0.863667 0.719934
vt 0.851753 0.719727
vt 0.851918 0.710279
vt 0.841068 0.477798
vt 0.307653 0.946751
vt 0.328706 0.465801
vt 0.338143 0.468492
vt 0.338569 0.482658
vt 0.331818 0.480261
vt 0.938070 0.963496
vt 0.940564 0.963668
vt 0.348468 0.055827
vt 0.352476 0.071417
vt 0.336329 0.055012
vt 0.703066 0.861668
vt 0.702060 0.845740
vt 0.705372 0.845672
vt 0.706970 0.860626
vt 0.436248 0.143869
vt 0.316301 0.124591
vt 0.317966 0.126852
vt 0.387595 0.246886
vt 0.464699 0.778620
vt 0.468348 0.793324
vt 0.203200 0.935749
vt 0.201910 0.923408
vt 0.979231 0.076393
vt 0.982103 0.075070
vt 0.983879 0.091466
vt 0.980373 0.091344
vt 0.108471 0.875190
vt 0.110763 0.874842
vt 0.227206 0.686932
vt 0.227702 0.697841
vt 0.614593 0.296794
vt 0.615951 0.315577
vt 0.017601 0.073976
vt 0.018693 0.074255
vt 0.331946 0.259807
vt 0.195984 0.401766
vt 0.466416 0.396013
vt 0.470282 0.393670
vt 0.470282 0.403763
vt 0.467230 0.405309
vt 0.727927 0.119117
vt 0.769892 0.041478
vt 0.711142 0.218201
vt 0.711611 0.231555
vt 0.045660 0.244427
vt 0.045012 0.238799
vt 0.058881 0.234988
vt 0.225720 0.359309
vt 0.227596 0.362074
vt 0.216957 0.371275
vt 0.213929 0.369410
vt 0.798476 0.733553
vt 0.799544 0.748588
vt 0.981062 0.364812
vt 0.979430 0.348590
vt 0.983150 0.349791
vt 0.985426 0.365087
vt 0.975399 0.165732
vt 0.980785 0.165620
vt 0.979297 0.180621
vt 0.973633 0.180997
vt 0.046741 0.026964
vt 0.049185 0.029393
vt 0.286093 0.423049
vt 0.289245 0.423872
vt 0.148706 0.615958
vt 0.147929 0.598718
vt 0.162686 0.615472
vt 0.971503 0.146198
vt 0.964041 0.146963
vt 0.207039 0.433852
vt 0.420663 0.955140
vt 0.430785 0.954527
vt 0.047867 0.632197
vt 0.909849 0.781431
vt 0.907911 0.774237
vt 0.913953 0.776824
vt 0.929008 0.539076
vt 0.626089 0.216163
vt 0.626452 0.232356
vt 0.240818 0.222765
vt 0.236141 0.220384
vt 0.178341 0.613731
vt 0.179789 0.628020
vt 0.164173 0.631086
vt 0.863452 0.187785
vt 0.863681 0.198681
vt 0.330708 0.056179
vt 0.558089 0.004953
vt 0.558460 0.015808
vt 0.552730 0.016269
vt 0.552924 0.004888
vt 0.228533 0.632084
vt 0.072085 0.106719
vt 0.074255 0.107488
vt 0.070572 0.118803
vt 0.068402 0.118034
vt 0.612742 0.912522
vt 0.604201 0.443316
vt 0.608110 0.441083
vt 0.316357 0.544861
vt 0.318547 0.553914
vt 0.463568 0.323423
vt 0.472503 0.334010
vt 0.470273 0.336517
vt 0.458967 0.325709
vt 0.921148 0.795753
vt 0.920351 0.785930
vt 0.923547 0.797040
vt 0.676005 0.352107
vt 0.677474 0.342250
vt 0.687627 0.345744
vt 0.685294 0.357352
vt 0.224316 0.908740
vt 0.900113 0.937072
vt 0.163218 0.030834
vt 0.159994 0.031234
vt 0.036403 0.969816
vt 0.036471 0.984070
vt 0.599970 0.204820
vt 0.610705 0.203147
vt 0.110068 0.652825
vt 0.111126 0.637239
vt 0.122338 0.635315
vt 0.121280 0.650901
vt 0.336117 0.602261
vt 0.340256 0.601762
vt 0.341882 0.616580
vt 0.908432 0.331901
vt 0.171715 0.363540
vt 0.170072 0.357697
vt 0.171715 0.355811
vt 0.014962 0.374562
vt 0.019075 0.367478
vt 0.959127 0.171074
vt 0.956445 0.171715
vt 0.430742 0.101018
vt 0.438308 0.098956
vt 0.935043 0.336336
vt 0.938751 0.335858
vt 0.933967 0.354258
vt 0.930613 0.352093
vt 0.596416 0.739958
vt 0.746171 0.188732
vt 0.965980 0.648646
vt 0.968409 0.648047
vt 0.966490 0.663654
vt 0.964144 0.663374
vt 0.922000 0.676137
vt 0.921833 0.690172
vt 0.264995 0.446957
vt 0.064973 0.975384
vt 0.064973 0.990067
vt 0.061744 0.989476
vt 0.063429 0.975638
vt 0.651526 0.982332
vt 0.663324 0.982332
vt 0.783444 0.801571
vt 0.797359 0.804369
vt 0.697444 0.452903
vt 0.700618 0.440375
vt 0.703876 0.440924
vt 0.701150 0.454812
vt 0.050157 0.189265
vt 0.039433 0.178643
vt 0.044729 0.175499
vt 0.054598 0.185383
vt 0.861901 0.319909
vt 0.566253 0.276310
vt 0.579289 0.277115
vt 0.580117 0.286191
vt 0.566667 0.285866
vt 0.493646 0.856793
vt 0.297082 0.390648
vt 0.299997 0.386247
vt 0.306480 0.395873
vt 0.300647 0.402443
vt 0.903183 0.729463
vt 0.916552 0.731750
vt 0.916070 0.735545
vt 0.902702 0.733257
vt 0.227666 0.005657
vt 0.228635 0.003622
vt 0.301835 0.377307
vt 0.306376 0.382732
vt 0.398829 0.503129
vt 0.401789 0.501495
vt 0.406856 0.511963
vt 0.403896 0.513597
vt 0.150537 0.957897
vt 0.151140 0.969087
vt 0.561852 0.647883
vt 0.562012 0.667665
vt 0.556387 0.645366
vt 0.441599 0.027471
vt 0.442436 0.040716
vt 0.363504 0.891067
vt 0.376932 0.891264
vt 0.028891 0.147593
vt 0.031875 0.146650
vt 0.458928 0.394477
vt 0.461000 0.410621
vt 0.605943 0.146328
vt 0.607725 0.166574
vt 0.259893 0.004435
vt 0.257941 0.012376
vt 0.257941 0.003139
vt 0.540980 0.098017
vt 0.531007 0.097410
vt 0.349637 0.540323
vt 0.345317 0.525789
vt 0.362146 0.537510
vt 0.326237 0.539006
vt 0.329521 0.538500
vt 0.333999 0.548591
vt 0.331304 0.550371
vt 0.549834 0.314850
vt 0.552471 0.315637
vt 0.548669 0.329507
vt 0.545620 0.328217
vt 0.628107 0.356248
vt 0.625777 0.356190
vt 0.063295 0.052131
vt 0.066520 0.053202
vt 0.274219 0.854478
vt 0.281898 0.856276
vt 0.281410 0.866174
vt 0.373601 0.879790
vt 0.351256 0.966513
vt 0.372108 0.779198
vt 0.383051 0.778577
vt 0.375561 0.794060
vt 0.842374 0.854737
vt 0.195629 0.935038
vt 0.195629 0.923232
vt 0.920484 0.480052
vt 0.920001 0.496580
vt 0.190085 0.086055
vt 0.193372 0.084975
vt 0.193142 0.094727
vt 0.188732 0.095913
vt 0.978500 0.110959
vt 0.976277 0.111842
vt 0.916348 0.888551
vt 0.910468 0.889722
vt 0.415443 0.542116
vt 0.418768 0.555427
vt 0.871672 0.834374
vt 0.861865 0.837048
vt 0.281239 0.945030
vt 0.054144 0.216664
vt 0.054144 0.230500
vt 0.049140 0.230422
vt 0.048369 0.215765
vt 0.002560 0.181484
vt 0.004605 0.182544
vt 0.210427 0.566267
vt 0.206083 0.552513
vt 0.208294 0.551762
vt 0.213727 0.566358
vt 0.548356 0.799939
vt 0.561401 0.804429
vt 0.144642 0.759362
vt 0.146963 0.775316
vt 0.139472 0.759560
vt 0.237246 0.952628
vt 0.248379 0.953728
vt 0.914575 0.003086
vt 0.925094 0.002751
vt 0.545620 0.264160
vt 0.552054 0.262601
vt 0.557636 0.274020
vt 0.673177 0.572484
vt 0.677031 0.573001
vt 0.674743 0.580117
vt 0.672168 0.579277
vt 0.127543 0.813753
vt 0.579651 0.584423
vt 0.573731 0.583124
vt 0.083410 0.570776
vt 0.426309 0.610280
vt 0.430060 0.617402
vt 0.626632 0.113469
vt 0.639643 0.111025
vt 0.501937 0.628066
vt 0.511241 0.636378
vt 0.200303 0.452713
vt 0.733391 0.589126
vt 0.726214 0.597946
vt 0.724110 0.587405
vt 0.614362 0.680893
vt 0.659717 0.173233
vt 0.670571 0.169233
vt 0.223032 0.494990
vt 0.622788 0.326057
vt 0.625703 0.340147
vt 0.063867 0.427608
vt 0.416505 0.758374
vt 0.446677 0.509258
vt 0.437485 0.512604
vt 0.853806 0.537660
vt 0.863885 0.534430
vt 0.865315 0.542801
vt 0.855236 0.546031
vt 0.231416 0.676827
vt 0.222753 0.677577
vt 0.229661 0.149955
vt 0.234169 0.149239
vt 0.235141 0.167191
vt 0.231002 0.166507
vt 0.904178 0.817014
vt 0.077645 0.692223
vt 0.081045 0.692555
vt 0.578809 0.454552
vt 0.565555 0.439140
vt 0.572685 0.438987
vt 0.467338 0.195802
vt 0.688807 0.576188
vt 0.682456 0.565045
vt 0.686288 0.564481
vt 0.692967 0.576509
vt 0.019321 0.898445
vt 0.021185 0.910865
vt 0.015599 0.910721
vt 0.013893 0.898121
vt 0.189666 0.177972
vt 0.389522 0.933604
vt 0.393512 0.671391
vt 0.391971 0.657090
vt 0.626527 0.707906
vt 0.819045 0.810507
vt 0.820782 0.794220
vt 0.026595 0.736263
vt 0.409918 0.076800
vt 0.411474 0.077975
vt 0.463233 0.064926
vt 0.464094 0.075326
vt 0.422690 0.363167
vt 0.399064 0.532112
vt 0.408373 0.526153
vt 0.793183 0.942110
vt 0.789771 0.930013
vt 0.730174 0.311458
vt 0.724205 0.316736
vt 0.881924 0.359287
vt 0.876060 0.359769
vt 0.575066 0.398642
vt 0.574161 0.382796
vt 0.587067 0.381996
vt 0.586220 0.398789
vt 0.193810 0.873271
vt 0.192423 0.859826
vt 0.189136 0.379248
vt 0.190285 0.381759
vt 0.686725 0.208753
vt 0.683380 0.210356
vt 0.563101 0.679945
vt 0.822475 0.951777
vt 0.636792 0.905185
vt 0.638820 0.906530
vt 0.400668 0.285724
vt 0.399582 0.289285
vt 0.396952 0.288734
vt 0.396952 0.282041
vt 0.100611 0.027443
vt 0.095364 0.023856
vt 0.084697 0.070265
vt 0.087201 0.074881
vt 0.864105 0.626696
vt 0.866292 0.627736
vt 0.860835 0.638828
vt 0.011093 0.664537
vt 0.006984 0.664453
vt 0.745235 0.911294
vt 0.758979 0.908834
vt 0.759586 0.920019
vt 0.745870 0.922594
vt 0.217782 0.211936
vt 0.217184 0.210517
vt 0.310943 0.725812
vt 0.310912 0.737994
vt 0.454393 0.806244
vt 0.466616 0.803397
vt 0.466278 0.816634
vt 0.454393 0.820031
vt 0.222010 0.726144
vt 0.222010 0.711452
vt 0.578674 0.549017
vt 0.583348 0.549880
vt 0.426743 0.898863
vt 0.457906 0.869969
vt 0.457478 0.886638
vt 0.673510 0.212265
vt 0.681966 0.222528
vt 0.672716 0.224987
vt 0.530928 0.414292
vt 0.537521 0.418470
vt 0.524389 0.421844
vt 0.525243 0.414543
vt 0.174953 0.286008
vt 0.172776 0.277219
vt 0.179450 0.278010
vt 0.179450 0.290832
vt 0.499674 0.584644
vt 0.499674 0.595587
vt 0.498121 0.589818
vt 0.791783 0.864149
vt 0.792152 0.847321
vt 0.805742 0.847093
vt 0.806001 0.863749
vt 0.245948 0.768542
vt 0.255786 0.766248
vt 0.622250 0.024941
vt 0.626864 0.026257
vt 0.074255 0.129946
vt 0.066561 0.121076
vt 0.074878 0.029787
vt 0.078438 0.031708
vt 0.688643 0.518238
vt 0.981672 0.760033
vt 0.986973 0.758922
vt 0.065553 0.289580
vt 0.066576 0.293067
vt 0.964914 0.117453
vt 0.968175 0.117024
vt 0.971503 0.124610
vt 0.768627 0.932895
vt 0.769284 0.941556
vt 0.204080 0.228789
vt 0.204805 0.233376
vt 0.976726 0.209060
vt 0.980785 0.208040
vt 0.978481 0.221793
vt 0.974838 0.222765
vt 0.675528 0.752894
vt 0.073918 0.553858
vt 0.077349 0.567741
vt 0.065426 0.565779
vt 0.065426 0.553980
vt 0.645487 0.834586
vt 0.650456 0.833313
vt 0.649449 0.849318
vt 0.644480 0.850592
vt 0.644778 0.448710
vt 0.653829 0.448604
vt 0.654372 0.464094
vt 0.645395 0.461989
vt 0.720892 0.795953
vt 0.719336 0.809070
vt 0.715583 0.807511
vt 0.192112 0.138562
vt 0.192662 0.134877
vt 0.529067 0.136134
vt 0.526180 0.130716
vt 0.528786 0.125702
vt 0.069353 0.412880
vt 0.079160 0.414329
vt 0.039050 0.876848
vt 0.050101 0.881481
vt 0.047611 0.890467
vt 0.035491 0.887013
vt 0.603848 0.182346
vt 0.607963 0.182413
vt 0.186975 0.789515
vt 0.188161 0.776734
vt 0.188070 0.790247
vt 0.397942 0.476667
vt 0.952939 0.548303
vt 0.283050 0.480476
vt 0.285658 0.492215
vt 0.813778 0.512210
vt 0.799691 0.516108
vt 0.529067 0.121808
vt 0.402616 0.129076
vt 0.404746 0.128456
vt 0.765755 0.431122
vt 0.763180 0.433154
vt 0.427008 0.272289
vt 0.423804 0.271532
vt 0.872965 0.710526
vt 0.861034 0.698976
vt 0.887269 0.826901
vt 0.889381 0.827690
vt 0.065372 0.520488
vt 0.229848 0.418091
vt 0.230500 0.421135
vt 0.224293 0.423872
vt 0.224293 0.417136
vt 0.053664 0.925166
vt 0.058546 0.923157
vt 0.502823 0.947218
vt 0.128070 0.167705
vt 0.126451 0.177903
vt 0.121960 0.176738
vt 0.125094 0.166100
vt 0.135778 0.706027
vt 0.145011 0.706471
vt 0.146719 0.717847
vt 0.136436 0.717992
vt 0.491563 0.521446
vt 0.497564 0.535041
vt 0.495181 0.536428
vt 0.488848 0.522523
vt 0.338980 0.494541
vt 0.341882 0.496271
vt 0.334151 0.505012
vt 0.332060 0.503451
vt 0.629602 0.460962
vt 0.620608 0.459748
vt 0.821446 0.483873
vt 0.821232 0.496263
vt 0.928551 0.938382
vt 0.940152 0.938799
vt 0.940564 0.942110
vt 0.927639 0.942110
vt 0.279141 0.666862
vt 0.264980 0.666374
vt 0.222021 0.226110
vt 0.235632 0.229969
vt 0.233157 0.233704
vt 0.220358 0.230297
vt 0.130453 0.442176
vt 0.148481 0.444511
vt 0.141036 0.453890
vt 0.016292 0.923430
vt 0.015435 0.937704
vt 0.002606 0.934462
vt 0.003023 0.922379
vt 0.889530 0.672101
vt 0.259700 0.709794
vt 0.257512 0.691635
vt 0.575796 0.117185
vt 0.576812 0.133330
vt 0.914611 0.562736
vt 0.920453 0.561531
vt 0.467587 0.231731
vt 0.475036 0.240364
vt 0.472116 0.242249
vt 0.465441 0.232796
vt 0.228812 0.592739
vt 0.228788 0.608746
vt 0.224284 0.608748
vt 0.224267 0.591991
vt 0.137653 0.897745
vt 0.148587 0.897641
vt 0.151246 0.911376
vt 0.005357 0.784059
vt 0.139278 0.746478
vt 0.134665 0.747016
vt 0.988520 0.168044
vt 0.986025 0.168026
vt 0.731155 0.849729
vt 0.692950 0.699397
vt 0.703638 0.699343
vt 0.704011 0.713161
vt 0.693682 0.712998
vt 0.757383 0.270831
vt 0.769521 0.274078
vt 0.863467 0.062959
vt 0.858832 0.062877
vt 0.733695 0.043130
vt 0.736707 0.041489
vt 0.765130 0.487816
vt 0.769181 0.489298
vt 0.764285 0.502768
vt 0.759889 0.500734
vt 0.494584 0.805011
vt 0.500127 0.818082
vt 0.493388 0.818571
vt 0.319541 0.210389
vt 0.319717 0.197545
vt 0.275970 0.351492
vt 0.289280 0.360611
vt 0.286329 0.362222
vt 0.274281 0.354581
vt 0.471283 0.722665
vt 0.471762 0.735896
vt 0.781535 0.969674
vt 0.782393 0.957225
vt 0.786582 0.956860
vt 0.787413 0.969622
vt 0.854383 0.839600
vt 0.524651 0.096559
vt 0.531773 0.109816
vt 0.526749 0.109836
vt 0.280210 0.766975
vt 0.528619 0.963768
vt 0.519898 0.962557
vt 0.145486 0.541097
vt 0.152301 0.539987
vt 0.600931 0.978906
vt 0.585955 0.980614
vt 0.187585 0.307659
vt 0.188731 0.308544
vt 0.188731 0.324866
vt 0.184227 0.310994
vt 0.322458 0.386509
vt 0.327628 0.391091
vt 0.328086 0.392575
vt 0.320242 0.388126
vt 0.030481 0.711746
vt 0.031817 0.697682
vt 0.035503 0.697424
vt 0.034166 0.711488
vt 0.225549 0.435657
vt 0.468753 0.389360
vt 0.880231 0.833857
vt 0.416639 0.190138
vt 0.277148 0.398398
vt 0.281550 0.398523
vt 0.281550 0.405309
vt 0.277148 0.405184
vt 0.107169 0.488215
vt 0.233051 0.551173
vt 0.226151 0.552153
vt 0.967759 0.808867
vt 0.963113 0.808503
vt 0.004912 0.681483
vt 0.008231 0.681317
vt 0.004668 0.473376
vt 0.002556 0.472457
vt 0.010351 0.459706
vt 0.013923 0.461246
vt 0.668512 0.719345
vt 0.671389 0.703604
vt 0.670515 0.716899
vt 0.403365 0.308569
vt 0.406126 0.308612
vt 0.543076 0.126302
vt 0.540867 0.127513
vt 0.090315 0.859042
vt 0.094366 0.865814
vt 0.760440 0.958678
vt 0.761081 0.953184
vt 0.774274 0.949967
vt 0.775037 0.956185
vt 0.877417 0.436845
vt 0.884260 0.435198
vt 0.886721 0.446244
vt 0.879973 0.447837
vt 0.912069 0.362780
vt 0.428811 0.376670
vt 0.429498 0.369939
vt 0.435478 0.370495
vt 0.434792 0.377226
vt 0.500392 0.050769
vt 0.092929 0.761277
vt 0.102877 0.765814
vt 0.096181 0.775407
vt 0.085996 0.772133
vt 0.248730 0.814566
vt 0.246974 0.829628
vt 0.233479 0.833128
vt 0.532243 0.774901
vt 0.531908 0.759961
vt 0.548766 0.762792
vt 0.900342 0.980133
vt 0.897756 0.982332
vt 0.703053 0.166315
vt 0.701426 0.150598
vt 0.704616 0.151501
vt 0.707632 0.166446
vt 0.062177 0.576411
vt 0.069308 0.573737
vt 0.067180 0.581949
vt 0.109478 0.607726
vt 0.110709 0.621756
vt 0.342694 0.775387
vt 0.046305 0.920453
vt 0.034065 0.918922
vt 0.032760 0.908341
vt 0.513729 0.567307
vt 0.511295 0.554694
vt 0.518728 0.567231
vt 0.555224 0.172815
vt 0.555703 0.160538
vt 0.562603 0.158882
vt 0.562675 0.172072
vt 0.800870 0.150156
vt 0.796942 0.151604
vt 0.088465 0.460287
vt 0.157321 0.422325
vt 0.155950 0.408211
vt 0.164707 0.420595
vt 0.627075 0.294066
vt 0.627925 0.310411
vt 0.787132 0.292110
vt 0.790475 0.274405
vt 0.799481 0.274621
vt 0.171568 0.648661
vt 0.125384 0.889962
vt 0.133618 0.890048
vt 0.915533 0.810378
vt 0.920335 0.810525
vt 0.036944 0.290277
vt 0.036944 0.275840
vt 0.041768 0.276395
vt 0.041768 0.290832
vt 0.793991 0.191286
vt 0.164302 0.686493
vt 0.156046 0.687373
vt 0.712511 0.310750
vt 0.971402 0.440326
vt 0.973574 0.431924
vt 0.555205 0.301150
vt 0.551825 0.301202
vt 0.368010 0.592468
vt 0.356834 0.594040
vt 0.114898 0.297020
vt 0.106911 0.288906
vt 0.126522 0.134307
vt 0.165527 0.871656
vt 0.162765 0.885400
vt 0.350852 0.191790
vt 0.348370 0.191825
vt 0.954852 0.518767
vt 0.954890 0.505899
vt 0.329142 0.909945
vt 0.319451 0.914269
vt 0.316719 0.903217
vt 0.327240 0.899960
vt 0.839912 0.905100
vt 0.853381 0.907735
vt 0.849557 0.921098
vt 0.836652 0.919088
vt 0.879328 0.310943
vt 0.314828 0.289440
vt 0.312032 0.289352
vt 0.479145 0.519906
vt 0.483109 0.520806
vt 0.486144 0.535661
vt 0.304755 0.896761
vt 0.295314 0.893940
vt 0.012128 0.516482
vt 0.013789 0.502690
vt 0.017017 0.503426
vt 0.017017 0.518238
vt 0.201417 0.061847
vt 0.199933 0.062426
vt 0.083678 0.195789
vt 0.080876 0.193895
vt 0.090257 0.183968
vt 0.093058 0.185863
vt 0.096960 0.081421
vt 0.098750 0.066705
vt 0.290648 0.099666
vt 0.294313 0.120248
vt 0.791155 0.213935
vt 0.793900 0.200892
vt 0.939876 0.973790
vt 0.936611 0.974706
vt 0.591269 0.438612
vt 0.594802 0.455233
vt 0.157792 0.432186
vt 0.155070 0.436121
vt 0.539783 0.412586
vt 0.157792 0.945407
vt 0.157094 0.957608
vt 0.151144 0.945755
vt 0.467307 0.417684
vt 0.465659 0.415951
vt 0.902321 0.072139
vt 0.902401 0.081209
vt 0.257118 0.288721
vt 0.259613 0.289422
vt 0.259893 0.306100
vt 0.257118 0.306302
vt 0.592725 0.876209
vt 0.593182 0.879534
vt 0.926184 0.863869
vt 0.923369 0.854936
vt 0.931491 0.853718
vt 0.083688 0.238226
vt 0.089087 0.252138
vt 0.292693 0.655292
vt 0.292591 0.642320
vt 0.058452 0.507425
vt 0.880115 0.152074
vt 0.881083 0.136068
vt 0.886082 0.136135
vt 0.886419 0.153293
vt 0.169793 0.547827
vt 0.177816 0.546706
vt 0.138419 0.089725
vt 0.138284 0.078245
vt 0.142317 0.077998
vt 0.142322 0.089315
vt 0.634210 0.915360
vt 0.643686 0.912962
vt 0.644514 0.920401
vt 0.635038 0.922798
vt 0.359901 0.920192
vt 0.186267 0.216068
vt 0.188417 0.205001
vt 0.190278 0.216577
vt 0.500621 0.137716
vt 0.488199 0.139303
vt 0.459203 0.313190
vt 0.453869 0.314210
vt 0.791108 0.339696
vt 0.799356 0.326135
vt 0.801335 0.328841
vt 0.793720 0.341819
vt 0.744655 0.666772
vt 0.747541 0.681021
vt 0.988564 0.110530
vt 0.986857 0.099097
vt 0.990130 0.099690
vt 0.991614 0.112672
vt 0.359627 0.976005
vt 0.359278 0.969155
vt 0.363540 0.970979
vt 0.363293 0.979086
vt 0.447709 0.460046
vt 0.444012 0.460587
vt 0.809258 0.971967
vt 0.283580 0.527016
vt 0.287738 0.527692
vt 0.642923 0.078785
vt 0.827040 0.565664
vt 0.830560 0.578531
vt 0.528471 0.319679
vt 0.538349 0.320664
vt 0.538349 0.334148
vt 0.528848 0.332603
vt 0.727426 0.045483
vt 0.737909 0.057544
vt 0.731037 0.060332
vt 0.324135 0.376536
vt 0.813063 0.649791
vt 0.812880 0.663246
vt 0.344133 0.969956
vt 0.822193 0.900177
vt 0.830728 0.899906
vt 0.830126 0.910226
vt 0.822050 0.911526
vt 0.082318 0.083129
vt 0.083537 0.083885
vt 0.071872 0.094931
vt 0.070225 0.093133
vt 0.611149 0.927337
vt 0.614331 0.926236
vt 0.674581 0.685873
vt 0.676389 0.684284
vt 0.684613 0.697645
vt 0.682805 0.699235
vt 0.413854 0.311837
vt 0.412854 0.296165
vt 0.424732 0.310053
vt 0.171338 0.118360
vt 0.170001 0.112825
vt 0.532363 0.558600
vt 0.530390 0.542316
vt 0.541218 0.540938
vt 0.726579 0.288307
vt 0.560007 0.287785
vt 0.488080 0.603433
vt 0.490372 0.601894
vt 0.605588 0.877048
vt 0.616642 0.877135
vt 0.338689 0.541443
vt 0.335575 0.526266
vt 0.011624 0.968829
vt 0.018994 0.962123
vt 0.532157 0.180087
vt 0.539894 0.171965
vt 0.543212 0.174013
vt 0.534446 0.182544
vt 0.842502 0.520164
vt 0.841505 0.530909
vt 0.835851 0.530504
vt 0.835946 0.518495
vt 0.776939 0.590832
vt 0.248167 0.437117
vt 0.252317 0.435174
vt 0.410880 0.864182
vt 0.409847 0.876776
vt 0.250335 0.230212
vt 0.314866 0.328407
vt 0.313449 0.326077
vt 0.323409 0.317141
vt 0.325940 0.319324
vt 0.964201 0.242544
vt 0.966851 0.240501
vt 0.399491 0.838438
vt 0.754976 0.488327
vt 0.746435 0.493935
vt 0.744936 0.483936
vt 0.573877 0.850775
vt 0.577023 0.859321
vt 0.708538 0.369226
vt 0.708657 0.384694
vt 0.567619 0.384786
vt 0.564077 0.372040
vt 0.570619 0.370050
vt 0.813834 0.055691
vt 0.804769 0.055332
vt 0.803127 0.036766
vt 0.467264 0.831768
vt 0.478813 0.829962
vt 0.478677 0.844377
vt 0.468167 0.845995
vt 0.613297 0.080946
vt 0.614151 0.096203
vt 0.610916 0.096091
vt 0.609928 0.080916
vt 0.396040 0.959203
vt 0.395243 0.968932
vt 0.382857 0.969065
vt 0.535335 0.733247
vt 0.536786 0.717381
vt 0.550842 0.717497
vt 0.716035 0.907389
vt 0.192701 0.993161
vt 0.180173 0.991399
vt 0.292794 0.822869
vt 0.293044 0.833830
vt 0.053358 0.063379
vt 0.050154 0.062554
vt 0.399423 0.708350
vt 0.445902 0.753335
vt 0.444148 0.740378
vt 0.454251 0.753379
vt 0.973625 0.968004
vt 0.974570 0.963497
vt 0.981738 0.961860
vt 0.130223 0.695286
vt 0.136011 0.696141
vt 0.478512 0.907406
vt 0.476348 0.923337
vt 0.446438 0.170808
vt 0.448624 0.202674
vt 0.443171 0.202762
vt 0.440406 0.172210
vt 0.176356 0.006640
vt 0.172910 0.004843
vt 0.989009 0.023069
vt 0.991614 0.022060
vt 0.407179 0.418844
vt 0.410241 0.417822
vt 0.416547 0.432845
vt 0.413485 0.433866
vt 0.192212 0.645829
vt 0.203823 0.643106
vt 0.763977 0.646404
vt 0.767302 0.645800
vt 0.150733 0.679315
vt 0.894520 0.498017
vt 0.903238 0.500804
vt 0.945355 0.039536
vt 0.947611 0.029605
vt 0.954486 0.031834
vt 0.952975 0.041768
vt 0.437907 0.082300
vt 0.438722 0.070858
vt 0.060377 0.212798
vt 0.048647 0.209297
vt 0.049677 0.205960
vt 0.062251 0.209846
vt 0.567470 0.216597
vt 0.570835 0.216265
vt 0.570076 0.228483
vt 0.567470 0.228953
vt 0.526659 0.207848
vt 0.523455 0.208842
vt 0.214627 0.346625
vt 0.715917 0.202255
vt 0.072533 0.217729
vt 0.073988 0.215820
vt 0.413230 0.108981
vt 0.411624 0.109641
vt 0.417361 0.090152
vt 0.418613 0.090561
vt 0.972705 0.894537
vt 0.973050 0.906137
vt 0.972286 0.594290
vt 0.406800 0.634262
vt 0.394906 0.634147
vt 0.790024 0.901145
vt 0.797534 0.900274
vt 0.791237 0.914450
vt 0.634729 0.009053
vt 0.784745 0.141554
vt 0.788960 0.143486
vt 0.782961 0.155988
vt 0.778314 0.154896
vt 0.864762 0.080443
vt 0.862042 0.080008
vt 0.903644 0.091104
vt 0.904903 0.100517
vt 0.244622 0.729812
vt 0.238079 0.730174
vt 0.589076 0.785904
vt 0.588688 0.798410
vt 0.910544 0.251709
vt 0.914265 0.253454
vt 0.951580 0.194432
vt 0.955272 0.194586
vt 0.141244 0.825215
vt 0.222721 0.020997
vt 0.222026 0.017919
vt 0.235699 0.021707
vt 0.236169 0.023908
vt 0.471046 0.520243
vt 0.160949 0.178329
vt 0.170668 0.173272
vt 0.003310 0.198013
vt 0.003589 0.189670
vt 0.006188 0.188893
vt 0.006188 0.197551
vt 0.973633 0.152004
vt 0.978191 0.150774
vt 0.410291 0.194480
vt 0.417684 0.194919
vt 0.782722 0.675176
vt 0.787413 0.676507
vt 0.782916 0.688759
vt 0.778225 0.687427
vt 0.042110 0.069692
vt 0.040679 0.067951
vt 0.193372 0.146488
vt 0.193086 0.153151
vt 0.190443 0.152084
vt 0.190443 0.144264
vt 0.326319 0.514909
vt 0.330194 0.515677
vt 0.328671 0.526848
vt 0.324575 0.527185
vt 0.888876 0.211917
vt 0.900896 0.215070
vt 0.297060 0.805976
vt 0.282820 0.803589
vt 0.488969 0.856616
vt 0.491189 0.840441
vt 0.494842 0.839397
vt 0.395417 0.876764
vt 0.408425 0.893209
vt 0.396162 0.892883
vt 0.214824 0.585547
vt 0.218124 0.585638
vt 0.504983 0.839231
vt 0.544847 0.161922
vt 0.547925 0.163057
vt 0.032326 0.471902
vt 0.023388 0.473376
vt 0.270384 0.801954
vt 0.091923 0.036943
vt 0.094642 0.034685
vt 0.104548 0.052719
vt 0.101281 0.053984
vt 0.312133 0.886620
vt 0.316869 0.886143
vt 0.312098 0.904815
vt 0.558460 0.331054
vt 0.554161 0.329004
vt 0.558460 0.318904
vt 0.799554 0.411511
vt 0.802882 0.411877
vt 0.799255 0.425450
vt 0.795877 0.425319
vt 0.002560 0.141725
vt 0.005073 0.141562
vt 0.482658 0.341438
vt 0.481196 0.344976
vt 0.109053 0.504750
vt 0.397574 0.597546
vt 0.397574 0.607542
vt 0.389680 0.607963
vt 0.387406 0.596673
vt 0.623900 0.839996
vt 0.626572 0.840562
vt 0.623168 0.853441
vt 0.621235 0.853396
vt 0.408308 0.909624
vt 0.397578 0.908996
vt 0.492362 0.963590
vt 0.507233 0.961690
vt 0.524925 0.820089
vt 0.524145 0.807717
vt 0.531927 0.807744
vt 0.532161 0.821080
vt 0.672519 0.499722
vt 0.672320 0.484349
vt 0.679547 0.483346
vt 0.679416 0.497648
vt 0.775050 0.878502
vt 0.775271 0.863782
vt 0.780264 0.863587
vt 0.069655 0.159968
vt 0.064402 0.164411
vt 0.054670 0.157471
vt 0.662285 0.942921
vt 0.651166 0.946846
vt 0.902086 0.148444
vt 0.907277 0.133242
vt 0.909624 0.133875
vt 0.903417 0.150057
vt 0.122431 0.902150
vt 0.122578 0.890064
vt 0.124758 0.903397
vt 0.229568 0.063106
vt 0.230482 0.049513
vt 0.232047 0.048583
vt 0.232047 0.063426
vt 0.168670 0.752885
vt 0.168941 0.766992
vt 0.047312 0.288801
vt 0.047312 0.276845
vt 0.051050 0.278877
vt 0.051050 0.290832
vt 0.452669 0.857273
vt 0.456677 0.856726
vt 0.877799 0.901231
vt 0.794287 0.601144
vt 0.303066 0.273473
vt 0.302262 0.260122
vt 0.306302 0.275342
vt 0.152470 0.786177
vt 0.416762 0.237349
vt 0.422325 0.237407
vt 0.711309 0.282349
vt 0.636338 0.678239
vt 0.639842 0.659954
vt 0.641763 0.661091
vt 0.861373 0.782534
vt 0.861711 0.798689
vt 0.856015 0.799215
vt 0.854580 0.783310
vt 0.146963 0.790894
vt 0.754926 0.692060
vt 0.752914 0.693427
vt 0.925706 0.057760
vt 0.929561 0.057025
vt 0.930506 0.075067
vt 0.926651 0.075802
vt 0.449862 0.780252
vt 0.450171 0.798763
vt 0.445692 0.798185
vt 0.445409 0.779306
vt 0.963821 0.699553
vt 0.730220 0.393148
vt 0.732001 0.396015
vt 0.734026 0.399063
vt 0.727991 0.399707
vt 0.286093 0.396741
vt 0.291163 0.398100
vt 0.221106 0.318678
vt 0.218914 0.317598
vt 0.523655 0.794791
vt 0.307213 0.853874
vt 0.318904 0.865862
vt 0.511593 0.818438
vt 0.513597 0.630024
vt 0.587020 0.966645
vt 0.841455 0.366634
vt 0.990067 0.074912
vt 0.988294 0.075802
vt 0.673538 0.933529
vt 0.054156 0.736594
vt 0.057145 0.734165
vt 0.728510 0.340058
vt 0.181705 0.140189
vt 0.184004 0.142529
vt 0.184091 0.144729
vt 0.179492 0.145376
vt 0.578343 0.950008
vt 0.583973 0.950040
vt 0.584938 0.961285
vt 0.580260 0.962221
vt 0.083537 0.125559
vt 0.079547 0.125432
vt 0.082823 0.112562
vt 0.086219 0.113573
vt 0.912673 0.954148
vt 0.908457 0.952304
vt 0.755125 0.837410
vt 0.754864 0.849953
vt 0.745867 0.849620
vt 0.184091 0.150057
vt 0.183027 0.148423
vt 0.556339 0.965975
vt 0.557590 0.979730
vt 0.973015 0.660560
vt 0.973641 0.660392
vt 0.311583 0.260095
vt 0.313511 0.257324
vt 0.783407 0.944664
vt 0.787413 0.942365
vt 0.763528 0.040522
vt 0.764208 0.042347
vt 0.698594 0.004009
vt 0.688308 0.271978
vt 0.536366 0.895131
vt 0.750565 0.268373
vt 0.751836 0.256609
vt 0.004092 0.782879
vt 0.684740 0.621902
vt 0.689009 0.624980
vt 0.610538 0.622990
vt 0.611057 0.638090
vt 0.336487 0.587201
vt 0.339900 0.586868
vt 0.281274 0.876038
vt 0.425606 0.796077
vt 0.022691 0.348033
vt 0.016075 0.358899
vt 0.014727 0.355441
vt 0.021649 0.344444
vt 0.922000 0.703929
vt 0.753624 0.245935
vt 0.555366 0.608858
vt 0.555213 0.623655
vt 0.918906 0.901433
vt 0.912375 0.903436
vt 0.364775 0.294634
vt 0.127316 0.093749
vt 0.133923 0.108511
vt 0.007735 0.369728
vt 0.004420 0.369264
vt 0.683406 0.840686
vt 0.675764 0.842068
vt 0.724847 0.265099
vt 0.730174 0.263703
vt 0.727399 0.275918
vt 0.721279 0.277647
vt 0.493459 0.415872
vt 0.495640 0.414297
vt 0.501221 0.425170
vt 0.499959 0.426966
vt 0.166981 0.951382
vt 0.175985 0.950434
vt 0.172964 0.954639
vt 0.164995 0.956033
vt 0.931282 0.043657
vt 0.928861 0.044322
vt 0.930506 0.034261
vt 0.380745 0.031164
vt 0.081191 0.213483
vt 0.081191 0.204386
vt 0.081990 0.211711
vt 0.610088 0.358456
vt 0.612675 0.356971
vt 0.689844 0.058132
vt 0.704446 0.046626
vt 0.703594 0.060051
vt 0.605131 0.120952
vt 0.609026 0.108754
vt 0.612630 0.109931
vt 0.608601 0.122211
vt 0.138025 0.188731
vt 0.134430 0.187950
vt 0.618224 0.402179
vt 0.711611 0.047814
vt 0.711611 0.061879
vt 0.166501 0.057356
vt 0.164973 0.055539
vt 0.292672 0.229939
vt 0.297703 0.225424
vt 0.040679 0.854487
vt 0.041768 0.868419
vt 0.032787 0.867996
vt 0.031689 0.854433
vt 0.454350 0.351249
vt 0.454690 0.348782
vt 0.120453 0.528145
vt 0.123734 0.521724
vt 0.714705 0.975784
vt 0.713864 0.983339
vt 0.690517 0.355218
vt 0.695452 0.354901
vt 0.214022 0.081990
vt 0.216577 0.081248
vt 0.696141 0.591047
vt 0.227478 0.577003
vt 0.222897 0.577096
vt 0.814598 0.651610
vt 0.908077 0.666748
vt 0.901360 0.664108
vt 0.908077 0.650642
vt 0.964881 0.187001
vt 0.966761 0.187185
vt 0.189608 0.632738
vt 0.883230 0.412015
vt 0.883063 0.423275
vt 0.258470 0.550408
vt 0.260127 0.553819
vt 0.476925 0.140408
vt 0.471289 0.140406
vt 0.470196 0.120676
vt 0.475825 0.120468
vt 0.662456 0.868419
vt 0.674062 0.866860
vt 0.674343 0.881547
vt 0.077349 0.067376
vt 0.074920 0.069614
vt 0.850410 0.869072
vt 0.852871 0.881778
vt 0.743590 0.497756
vt 0.748911 0.502771
vt 0.745507 0.508956
vt 0.954486 0.086283
vt 0.951350 0.086631
vt 0.950121 0.073538
vt 0.954143 0.073887
vt 0.306158 0.832891
vt 0.311625 0.827281
vt 0.333978 0.746703
vt 0.193289 0.222765
vt 0.192112 0.220975
vt 0.028794 0.498639
vt 0.224161 0.508529
vt 0.271250 0.264147
vt 0.273815 0.247784
vt 0.273815 0.266080
vt 0.273704 0.055691
vt 0.271552 0.054757
vt 0.507409 0.135021
vt 0.692238 0.395656
vt 0.688491 0.397289
vt 0.963299 0.069130
vt 0.966022 0.069984
vt 0.962876 0.080443
vt 0.960317 0.079417
vt 0.951207 0.048538
vt 0.954486 0.048029
vt 0.954371 0.060845
vt 0.951234 0.061193
vt 0.774716 0.894154
vt 0.771226 0.345522
vt 0.771282 0.359367
vt 0.920453 0.813077
vt 0.920007 0.819950
vt 0.211611 0.961618
vt 0.220217 0.961604
vt 0.194012 0.327960
vt 0.194012 0.314699
vt 0.199560 0.326123
vt 0.412943 0.931831
vt 0.411563 0.920198
vt 0.416881 0.919802
vt 0.486610 0.295505
vt 0.922905 0.657516
vt 0.771383 0.778567
vt 0.772831 0.791784
vt 0.821325 0.840650
vt 0.818591 0.828020
vt 0.888534 0.311723
vt 0.739778 0.374369
vt 0.735274 0.371213
vt 0.739698 0.369648
vt 0.116061 0.815201
vt 0.591299 0.602695
vt 0.575009 0.032934
vt 0.575009 0.021285
vt 0.578570 0.022384
vt 0.578570 0.034034
vt 0.948227 0.017007
vt 0.946861 0.005280
vt 0.952905 0.007729
vt 0.954271 0.019456
vt 0.934016 0.111859
vt 0.933172 0.098766
vt 0.545164 0.238235
vt 0.545164 0.224327
vt 0.556913 0.229175
vt 0.990067 0.531206
vt 0.988885 0.542961
vt 0.443700 0.726231
vt 0.445138 0.714164
vt 0.552339 0.428187
vt 0.692012 0.881699
vt 0.248727 0.632346
vt 0.249064 0.646143
vt 0.875568 0.653809
vt 0.887244 0.658687
vt 0.373580 0.216548
vt 0.373390 0.231186
vt 0.450861 0.095617
vt 0.453702 0.114275
vt 0.581960 0.186734
vt 0.579625 0.204858
vt 0.415337 0.281492
vt 0.412576 0.281449
vt 0.757746 0.084126
vt 0.758378 0.083193
vt 0.003056 0.303338
vt 0.664013 0.107810
vt 0.649406 0.106183
vt 0.587444 0.203475
vt 0.590946 0.203337
vt 0.588411 0.216254
vt 0.621706 0.598758
vt 0.463076 0.447230
vt 0.291451 0.631065
vt 0.291481 0.620024
vt 0.298027 0.620070
vt 0.297895 0.631293
vt 0.163344 0.970253
vt 0.164646 0.974435
vt 0.205498 0.085650
vt 0.204079 0.086218
vt 0.203662 0.074274
vt 0.205856 0.073411
vt 0.947078 0.420778
vt 0.450843 0.165064
vt 0.456719 0.165527
vt 0.003209 0.249481
vt 0.006136 0.250611
vt 0.875590 0.178777
vt 0.874816 0.189029
vt 0.863148 0.177208
vt 0.400957 0.008320
vt 0.804169 0.636138
vt 0.803337 0.623674
vt 0.671848 0.853469
vt 0.680958 0.851842
vt 0.682882 0.864600
vt 0.181161 0.167919
vt 0.565730 0.492478
vt 0.566421 0.484709
vt 0.673011 0.686808
vt 0.880231 0.108472
vt 0.473522 0.750429
vt 0.474916 0.736128
vt 0.476470 0.749351
vt 0.936475 0.012768
vt 0.935184 0.002371
vt 0.085084 0.046339
vt 0.084872 0.051050
vt 0.081791 0.051050
vt 0.081137 0.046003
vt 0.566662 0.019820
vt 0.567703 0.003520
vt 0.567972 0.018912
vt 0.391161 0.125176
vt 0.395177 0.125091
vt 0.560006 0.236961
vt 0.558887 0.247517
vt 0.557638 0.246547
vt 0.557638 0.236120
vt 0.123054 0.064705
vt 0.122313 0.076750
vt 0.118288 0.076575
vt 0.119862 0.062811
vt 0.455258 0.301405
vt 0.461360 0.301417
vt 0.429813 0.431115
vt 0.747150 0.110145
vt 0.747943 0.095489
vt 0.751832 0.095475
vt 0.750536 0.111115
vt 0.085161 0.321429
vt 0.084043 0.310558
vt 0.087911 0.311740
vt 0.088178 0.323319
vt 0.007402 0.631168
vt 0.005552 0.616034
vt 0.009425 0.616011
vt 0.010829 0.630359
vt 0.061879 0.273031
vt 0.057010 0.273283
vt 0.070082 0.979238
vt 0.071838 0.964661
vt 0.074255 0.965981
vt 0.041241 0.712674
vt 0.038892 0.727080
vt 0.030920 0.726629
vt 0.431422 0.084067
vt 0.322691 0.554676
vt 0.324828 0.565488
vt 0.244262 0.775037
vt 0.394191 0.580421
vt 0.395223 0.571685
vt 0.686627 0.769831
vt 0.675226 0.768163
vt 0.265761 0.321721
vt 0.259782 0.319072
vt 0.261864 0.317504
vt 0.020554 0.274530
vt 0.065018 0.507894
vt 0.507905 0.424575
vt 0.510278 0.422109
vt 0.519785 0.432980
vt 0.518193 0.436248
vt 0.596819 0.559317
vt 0.470196 0.171504
vt 0.471286 0.157649
vt 0.478050 0.157651
vt 0.476966 0.171715
vt 0.871369 0.346452
vt 0.870004 0.361645
vt 0.337481 0.388794
vt 0.338788 0.399763
vt 0.334959 0.400668
vt 0.334959 0.388249
vt 0.033815 0.951568
vt 0.921258 0.234033
vt 0.915421 0.234519
vt 0.109851 0.583531
vt 0.540166 0.704048
vt 0.551888 0.703153
vt 0.969370 0.341838
vt 0.965821 0.343429
vt 0.971346 0.976448
vt 0.302391 0.449157
vt 0.298993 0.449200
vt 0.134587 0.632951
vt 0.677167 0.666336
vt 0.948071 0.722439
vt 0.115439 0.272401
vt 0.123580 0.266185
vt 0.988961 0.461981
vt 0.988517 0.449116
vt 0.993161 0.449993
vt 0.992486 0.462995
vt 0.176665 0.034034
vt 0.175080 0.033312
vt 0.182505 0.018087
vt 0.183936 0.018772
vt 0.117349 0.168621
vt 0.117349 0.159020
vt 0.120664 0.162971
vt 0.885314 0.060332
vt 0.887966 0.059629
vt 0.663321 0.817749
vt 0.662193 0.831510
vt 0.199643 0.172869
vt 0.690604 0.470436
vt 0.301331 0.745644
vt 0.812532 0.809167
vt 0.812798 0.829912
vt 0.023634 0.057028
vt 0.026299 0.056343
vt 0.026299 0.059866
vt 0.023020 0.060332
vt 0.732288 0.161210
vt 0.731385 0.145247
vt 0.735549 0.145044
vt 0.736452 0.161007
vt 0.794209 0.439020
vt 0.798322 0.439035
vt 0.314597 0.028713
vt 0.311179 0.027461
vt 0.317396 0.017042
vt 0.320084 0.019126
vt 0.320841 0.669397
vt 0.429549 0.360420
vt 0.428811 0.353687
vt 0.437535 0.352265
vt 0.436444 0.360317
vt 0.605131 0.058835
vt 0.606766 0.058235
vt 0.403212 0.276350
vt 0.516821 0.119117
vt 0.522879 0.118735
vt 0.250654 0.882886
vt 0.262987 0.879856
vt 0.262987 0.892324
vt 0.249811 0.896199
vt 0.988520 0.239410
vt 0.985821 0.239782
vt 0.880231 0.871888
vt 0.863086 0.121306
vt 0.870949 0.124637
vt 0.481567 0.429694
vt 0.480377 0.422252
vt 0.483376 0.422803
vt 0.484574 0.431607
vt 0.205030 0.894243
vt 0.204073 0.895879
vt 0.042132 0.092407
vt 0.039752 0.089674
vt 0.053151 0.084188
vt 0.054598 0.087063
vt 0.642260 0.158923
vt 0.645846 0.160540
vt 0.691891 0.004589
vt 0.957580 0.480833
vt 0.952211 0.482658
vt 0.350821 0.918202
vt 0.588952 0.811843
vt 0.003567 0.841854
vt 0.005831 0.842553
vt 0.753152 0.705386
vt 0.758020 0.705640
vt 0.448551 0.836106
vt 0.455379 0.835165
vt 0.456955 0.848351
vt 0.450128 0.849292
vt 0.600281 0.346818
vt 0.603048 0.344423
vt 0.462287 0.360418
vt 0.469686 0.358506
vt 0.316301 0.086130
vt 0.319487 0.086119
vt 0.251348 0.361541
vt 0.250272 0.359387
vt 0.815383 0.792999
vt 0.406650 0.791852
vt 0.404707 0.791977
vt 0.935558 0.462595
vt 0.102101 0.432846
vt 0.004285 0.128722
vt 0.002774 0.132126
vt 0.295623 0.139994
vt 0.951633 0.682924
vt 0.955088 0.683307
vt 0.953522 0.693663
vt 0.950553 0.695163
vt 0.601775 0.986973
vt 0.586941 0.985971
vt 0.557263 0.752732
vt 0.560464 0.751640
vt 0.160886 0.997802
vt 0.145556 0.996169
vt 0.212110 0.093477
vt 0.215921 0.095835
vt 0.570570 0.643838
vt 0.570362 0.626937
vt 0.095493 0.367873
vt 0.096488 0.369474
vt 0.194919 0.766343
vt 0.723986 0.445369
vt 0.721073 0.447077
vt 0.964144 0.631115
vt 0.966947 0.630707
vt 0.490226 0.400988
vt 0.492967 0.400692
vt 0.472515 0.709289
vt 0.475868 0.709255
vt 0.474437 0.722897
vt 0.163347 0.163973
vt 0.565204 0.839428
vt 0.575745 0.840310
vt 0.483544 0.728122
vt 0.484678 0.715736
vt 0.490194 0.728627
vt 0.704093 0.758649
vt 0.708588 0.756764
vt 0.055691 0.441979
vt 0.408755 0.824457
vt 0.197840 0.200904
vt 0.199560 0.208147
vt 0.195532 0.210389
vt 0.195532 0.201690
vt 0.584577 0.822437
vt 0.589168 0.822966
vt 0.819981 0.767688
vt 0.821301 0.755959
vt 0.310844 0.780669
vt 0.310281 0.769459
vt 0.286780 0.235181
vt 0.853755 0.369771
vt 0.857027 0.370775
vt 0.861032 0.651381
vt 0.619813 0.147871
vt 0.617270 0.132802
vt 0.769948 0.917514
vt 0.923208 0.337046
vt 0.925094 0.347361
vt 0.892598 0.812164
vt 0.895701 0.811445
vt 0.728236 0.746255
vt 0.738777 0.745566
vt 0.740733 0.760231
vt 0.729003 0.761114
vt 0.512761 0.830070
vt 0.501634 0.831416
vt 0.162284 0.857321
vt 0.070082 0.950023
vt 0.417141 0.595644
vt 0.192423 0.846084
vt 0.198270 0.847061
vt 0.080140 0.736188
vt 0.082533 0.737531
vt 0.510831 0.591973
vt 0.516946 0.580734
vt 0.518815 0.582330
vt 0.513230 0.594051
vt 0.293983 0.847416
vt 0.280409 0.846669
vt 0.054243 0.117773
vt 0.058744 0.128263
vt 0.051845 0.130908
vt 0.813323 0.863144
vt 0.678522 0.109623
vt 0.114476 0.523953
vt 0.114228 0.538326
vt 0.111073 0.538349
vt 0.110648 0.523953
vt 0.342492 0.429921
vt 0.348070 0.443002
vt 0.403140 0.743617
vt 0.416330 0.744620
vt 0.741003 0.925467
vt 0.653363 0.910829
vt 0.654434 0.917883
vt 0.850347 0.854694
vt 0.963585 0.459453
vt 0.967730 0.459311
vt 0.876916 0.164526
vt 0.882976 0.167074
vt 0.804238 0.671089
vt 0.813596 0.674483
vt 0.329951 0.015927
vt 0.729012 0.644997
vt 0.731646 0.643344
vt 0.885027 0.581160
vt 0.943540 0.201688
vt 0.946274 0.200944
vt 0.606980 0.560064
vt 0.730724 0.890263
vt 0.731011 0.903101
vt 0.301661 0.610929
vt 0.297182 0.611057
vt 0.299416 0.600908
vt 0.301661 0.600522
vt 0.421054 0.105002
vt 0.423425 0.104689
vt 0.425419 0.118804
vt 0.423048 0.119117
vt 0.419100 0.068600
vt 0.420778 0.072015
vt 0.078069 0.957238
vt 0.422293 0.837029
vt 0.433192 0.836220
vt 0.088178 0.366460
vt 0.807387 0.810617
vt 0.776722 0.198027
vt 0.780358 0.196705
vt 0.240678 0.616832
vt 0.247154 0.617668
vt 0.228437 0.085859
vt 0.225487 0.084224
vt 0.744617 0.137681
vt 0.741449 0.135424
vt 0.744769 0.123764
vt 0.748730 0.125161
vt 0.030054 0.232706
vt 0.029337 0.226754
vt 0.031342 0.229394
vt 0.031344 0.235141
vt 0.599880 0.528654
vt 0.603322 0.527309
vt 0.603322 0.537004
vt 0.599880 0.538349
vt 0.630996 0.159882
vt 0.504850 0.600391
vt 0.506513 0.603322
vt 0.475629 0.645921
vt 0.477514 0.658555
vt 0.924361 0.593579
vt 0.926641 0.594166
vt 0.500026 0.783818
vt 0.494882 0.793009
vt 0.494925 0.781415
vt 0.377145 0.085084
vt 0.374053 0.082698
vt 0.268149 0.857700
vt 0.261117 0.858574
vt 0.351497 0.843505
vt 0.357152 0.843385
vt 0.350958 0.855620
vt 0.054641 0.455560
vt 0.977194 0.557557
vt 0.989054 0.557813
vt 0.298567 0.822514
vt 0.298552 0.834885
vt 0.850484 0.417222
vt 0.857027 0.419231
vt 0.430776 0.308976
vt 0.561387 0.449489
vt 0.567742 0.450571
vt 0.567742 0.462547
vt 0.564269 0.460973
vt 0.581208 0.170128
vt 0.580953 0.156618
vt 0.593552 0.155749
vt 0.594040 0.167447
vt 0.236572 0.852907
vt 0.249041 0.852567
vt 0.250192 0.867113
vt 0.423497 0.339327
vt 0.422525 0.342027
vt 0.130708 0.804289
vt 0.177903 0.513025
vt 0.177903 0.493990
vt 0.428728 0.921486
vt 0.440748 0.922057
vt 0.609510 0.576106
vt 0.607878 0.594085
vt 0.701434 0.630097
vt 0.701828 0.617449
vt 0.244456 0.321772
vt 0.243762 0.311046
vt 0.249584 0.311191
vt 0.252158 0.320067
vt 0.044490 0.960877
vt 0.032357 0.962221
vt 0.396295 0.367083
vt 0.062927 0.969280
vt 0.837844 0.946626
vt 0.181896 0.910290
vt 0.171150 0.915812
vt 0.209986 0.021613
vt 0.208419 0.019665
vt 0.162521 0.303757
vt 0.174704 0.303847
vt 0.174809 0.317131
vt 0.162521 0.317011
vt 0.090834 0.358899
vt 0.625980 0.771943
vt 0.328317 0.603823
vt 0.329037 0.587321
vt 0.172482 0.556913
vt 0.179450 0.554881
vt 0.082792 0.898128
vt 0.089134 0.895584
vt 0.155950 0.395336
vt 0.649549 0.212391
vt 0.032999 0.897908
vt 0.448134 0.693613
vt 0.441559 0.694594
vt 0.442895 0.680616
vt 0.546650 0.506982
vt 0.544013 0.507409
vt 0.224915 0.344369
vt 0.348138 0.038242
vt 0.484494 0.639450
vt 0.488223 0.630042
vt 0.832099 0.503440
vt 0.835369 0.503724
vt 0.388784 0.865678
vt 0.395815 0.864182
vt 0.389284 0.877970
vt 0.531356 0.480169
vt 0.539497 0.491939
vt 0.831701 0.946921
vt 0.701989 0.769825
vt 0.782775 0.818291
vt 0.782691 0.834216
vt 0.346883 0.151010
vt 0.452908 0.234627
vt 0.449935 0.235683
vt 0.320253 0.362840
vt 0.317506 0.372303
vt 0.313061 0.371006
vt 0.315350 0.360059
vt 0.935309 0.325034
vt 0.939017 0.324556
vt 0.039890 0.214915
vt 0.042281 0.217331
vt 0.043315 0.233594
vt 0.039890 0.233208
vt 0.647023 0.809406
vt 0.372571 0.748660
vt 0.381345 0.760272
vt 0.370805 0.762512
vt 0.709763 0.583224
vt 0.701434 0.579737
vt 0.482425 0.370138
vt 0.484067 0.369144
vt 0.235435 0.191455
vt 0.238490 0.192137
vt 0.438788 0.629997
vt 0.442947 0.629656
vt 0.622624 0.567022
vt 0.624980 0.566372
vt 0.208682 0.818092
vt 0.211680 0.800866
vt 0.212041 0.818823
vt 0.941808 0.565852
vt 0.943256 0.565873
vt 0.195295 0.838466
vt 0.205937 0.842176
vt 0.477828 0.814827
vt 0.816805 0.380507
vt 0.712367 0.421562
vt 0.709162 0.421943
vt 0.016712 0.599119
vt 0.015905 0.582930
vt 0.659528 0.515346
vt 0.673774 0.512930
vt 0.263826 0.137681
vt 0.263923 0.119644
vt 0.266080 0.137681
vt 0.106327 0.858720
vt 0.108289 0.859907
vt 0.104973 0.869773
vt 0.101717 0.869105
vt 0.845996 0.933401
vt 0.859125 0.933760
vt 0.859518 0.939017
vt 0.845030 0.938940
vt 0.654119 0.333407
vt 0.654372 0.347777
vt 0.037300 0.551739
vt 0.049720 0.550873
vt 0.431728 0.793813
vt 0.429962 0.796694
vt 0.157418 0.145620
vt 0.566203 0.509656
vt 0.517899 0.388250
vt 0.527860 0.386528
vt 0.526450 0.403087
vt 0.773287 0.564648
vt 0.204596 0.604070
vt 0.196190 0.618792
vt 0.194578 0.617210
vt 0.201331 0.603736
vt 0.205988 0.304563
vt 0.205988 0.288500
vt 0.210389 0.290360
vt 0.209635 0.306302
vt 0.353079 0.833895
vt 0.358709 0.834143
vt 0.676648 0.062397
vt 0.675233 0.053327
vt 0.681874 0.053013
vt 0.684176 0.062821
vt 0.916699 0.940476
vt 0.291441 0.081703
vt 0.529974 0.892287
vt 0.528623 0.902402
vt 0.036518 0.477164
vt 0.038674 0.475953
vt 0.038674 0.489963
vt 0.035328 0.490393
vt 0.643781 0.934576
vt 0.635420 0.936867
vt 0.871623 0.470200
vt 0.874043 0.470494
vt 0.871917 0.482563
vt 0.869496 0.482269
vt 0.422084 0.667223
vt 0.923068 0.958041
vt 0.939595 0.369282
vt 0.949396 0.368044
vt 0.957362 0.839356
vt 0.957104 0.825498
vt 0.150974 0.213084
vt 0.438812 0.490674
vt 0.443120 0.502357
vt 0.432683 0.507409
vt 0.207297 0.135922
vt 0.196290 0.127217
vt 0.903398 0.400668
vt 0.838463 0.686438
vt 0.838451 0.702700
vt 0.515690 0.326444
vt 0.520977 0.326361
vt 0.459316 0.691033
vt 0.414996 0.956642
vt 0.714813 0.137957
vt 0.718471 0.125903
vt 0.725533 0.128528
vt 0.722083 0.139475
vt 0.777399 0.248395
vt 0.784319 0.237398
vt 0.780864 0.250611
vt 0.670375 0.984264
vt 0.670375 0.970356
vt 0.681895 0.968967
vt 0.528581 0.285169
vt 0.901889 0.949845
vt 0.429594 0.547001
vt 0.176237 0.781249
vt 0.403942 0.200219
vt 0.411497 0.199910
vt 0.978245 0.752359
vt 0.981150 0.750705
vt 0.265362 0.810449
vt 0.259819 0.809430
vt 0.005558 0.764453
vt 0.281291 0.039213
vt 0.284644 0.039865
vt 0.284642 0.056312
vt 0.281291 0.057238
vt 0.126851 0.934344
vt 0.383672 0.463403
vt 0.373492 0.465235
vt 0.416139 0.350215
vt 0.421205 0.349453
vt 0.902247 0.745438
vt 0.891127 0.742267
vt 0.891671 0.731276
vt 0.591117 0.708590
vt 0.602259 0.408403
vt 0.600281 0.405870
vt 0.292863 0.309370
vt 0.295953 0.306053
vt 0.301285 0.313511
vt 0.520202 0.905687
vt 0.518557 0.917281
vt 0.512079 0.914569
vt 0.567508 0.414904
vt 0.574061 0.415255
vt 0.570440 0.431607
vt 0.564077 0.430418
vt 0.819861 0.293678
vt 0.819899 0.311382
vt 0.365763 0.233342
vt 0.623433 0.825181
vt 0.620395 0.827634
vt 0.464094 0.248296
vt 0.460859 0.250611
vt 0.045295 0.307689
vt 0.460240 0.511300
vt 0.464094 0.511791
vt 0.463887 0.525129
vt 0.460240 0.525973
vt 0.890067 0.696559
vt 0.887785 0.684018
vt 0.003746 0.523163
vt 0.006343 0.520786
vt 0.934659 0.314190
vt 0.930613 0.314817
vt 0.574571 0.821446
vt 0.579306 0.821157
vt 0.756021 0.231931
vt 0.756303 0.219770
vt 0.482812 0.227822
vt 0.485068 0.226996
vt 0.650989 0.235534
vt 0.662928 0.232459
vt 0.665201 0.245965
vt 0.101734 0.281494
vt 0.886419 0.772041
vt 0.883432 0.773490
vt 0.611057 0.652355
vt 0.688119 0.503594
vt 0.686274 0.517781
vt 0.418910 0.892748
vt 0.823888 0.365749
vt 0.821723 0.353281
vt 0.826373 0.365976
vt 0.581051 0.015862
vt 0.584415 0.014692
vt 0.030612 0.843327
vt 0.014817 0.853998
vt 0.014849 0.842566
vt 0.450341 0.060683
vt 0.458987 0.058326
vt 0.094903 0.295336
vt 0.802598 0.019188
vt 0.746540 0.970756
vt 0.747358 0.980807
vt 0.844651 0.266080
vt 0.915812 0.481306
vt 0.909372 0.481018
vt 0.407742 0.294711
vt 0.404981 0.294668
vt 0.630937 0.293046
vt 0.631168 0.308458
vt 0.117768 0.805349
vt 0.206526 0.187185
vt 0.205823 0.168054
vt 0.210389 0.168910
vt 0.210309 0.187185
vt 0.521332 0.567974
vt 0.729868 0.872419
vt 0.725159 0.874043
vt 0.776259 0.601015
vt 0.795781 0.085300
vt 0.785809 0.087334
vt 0.440889 0.964549
vt 0.440889 0.955235
vt 0.895466 0.716251
vt 0.892414 0.708142
vt 0.898789 0.715654
vt 0.454351 0.131027
vt 0.653699 0.278249
vt 0.364006 0.657466
vt 0.583873 0.368592
vt 0.954852 0.490117
vt 0.848645 0.097410
vt 0.850418 0.109836
vt 0.835842 0.106436
vt 0.834053 0.094902
vt 0.442877 0.810523
vt 0.447309 0.812164
vt 0.478017 0.672981
vt 0.471833 0.674475
vt 0.727642 0.609692
vt 0.823931 0.093657
vt 0.820515 0.094645
vt 0.061686 0.629567
vt 0.605131 0.873723
vt 0.349807 0.486707
vt 0.352711 0.487322
vt 0.350745 0.498127
vt 0.347841 0.497513
vt 0.595303 0.335803
vt 0.597550 0.337242
vt 0.531908 0.786699
vt 0.781225 0.344651
vt 0.809948 0.989192
vt 0.639329 0.516350
vt 0.639348 0.500727
vt 0.644952 0.516691
vt 0.188110 0.490192
vt 0.183934 0.490392
vt 0.376117 0.810300
vt 0.386504 0.827858
vt 0.375445 0.825010
vt 0.809703 0.322632
vt 0.557125 0.502768
vt 0.557305 0.493159
vt 0.565549 0.502087
vt 0.065704 0.306430
vt 0.668825 0.734249
vt 0.379808 0.133942
vt 0.376201 0.119621
vt 0.391239 0.535523
vt 0.394480 0.534673
vt 0.394480 0.545004
vt 0.391879 0.547631
vt 0.374623 0.969956
vt 0.843577 0.543679
vt 0.837721 0.544319
vt 0.393912 0.643167
vt 0.276792 0.629230
vt 0.392625 0.510875
vt 0.396027 0.510506
vt 0.394952 0.525336
vt 0.392625 0.525973
vt 0.689367 0.737774
vt 0.136243 0.491612
vt 0.137396 0.474323
vt 0.143869 0.474393
vt 0.141613 0.491503
vt 0.693163 0.564611
vt 0.695314 0.548471
vt 0.661511 0.846121
vt 0.477462 0.800188
vt 0.484938 0.800045
vt 0.484938 0.813832
vt 0.672582 0.894447
vt 0.113315 0.253179
vt 0.116023 0.265330
vt 0.111473 0.266080
vt 0.109459 0.253041
vt 0.577804 0.937107
vt 0.583535 0.937100
vt 0.400819 0.116571
vt 0.398690 0.117191
vt 0.845416 0.720313
vt 0.845428 0.711974
vt 0.647607 0.660918
vt 0.264675 0.803147
vt 0.509695 0.915351
vt 0.511576 0.925859
vt 0.509192 0.926641
vt 0.039611 0.843012
vt 0.760427 0.951068
vt 0.773688 0.948048
vt 0.975514 0.927857
vt 0.981748 0.926914
vt 0.983879 0.939775
vt 0.978092 0.942110
vt 0.403056 0.442494
vt 0.406856 0.441597
vt 0.660560 0.645725
vt 0.385198 0.888704
vt 0.013398 0.295473
vt 0.440137 0.218615
vt 0.441944 0.219343
vt 0.437836 0.232047
vt 0.435766 0.230223
vt 0.939398 0.073862
vt 0.943658 0.085406
vt 0.939354 0.086631
vt 0.936151 0.073935
vt 0.789818 0.635191
vt 0.788691 0.622482
vt 0.893118 0.434481
vt 0.534581 0.431754
vt 0.536810 0.431890
vt 0.531366 0.442545
vt 0.529137 0.442409
vt 0.101015 0.715047
vt 0.097870 0.716251
vt 0.811896 0.215770
vt 0.825300 0.218106
vt 0.097988 0.474728
vt 0.981702 0.100284
vt 0.979231 0.100554
vt 0.866262 0.909390
vt 0.862686 0.921457
vt 0.248008 0.661529
vt 0.239764 0.662718
vt 0.485752 0.248972
vt 0.484204 0.250611
vt 0.701569 0.300413
vt 0.701911 0.313308
vt 0.700966 0.663770
vt 0.688729 0.664354
vt 0.798241 0.817367
vt 0.797417 0.831939
vt 0.986737 0.863597
vt 0.989348 0.865382
vt 0.990067 0.882735
vt 0.986737 0.883325
vt 0.774805 0.027781
vt 0.768689 0.029233
vt 0.645853 0.955733
vt 0.643573 0.963121
vt 0.538559 0.904701
vt 0.529986 0.909082
vt 0.900745 0.780136
vt 0.410377 0.121100
vt 0.412633 0.120670
vt 0.919502 0.642436
vt 0.955734 0.185185
vt 0.959127 0.185942
vt 0.568301 0.701848
vt 0.649426 0.537090
vt 0.662107 0.538962
vt 0.238703 0.061759
vt 0.237732 0.047850
vt 0.003590 0.508361
vt 0.006295 0.508739
vt 0.580047 0.500883
vt 0.592429 0.498940
vt 0.694594 0.770988
vt 0.521035 0.760750
vt 0.524814 0.762510
vt 0.206639 0.402885
vt 0.874510 0.068210
vt 0.878326 0.067323
vt 0.908226 0.634354
vt 0.912718 0.635175
vt 0.857431 0.988485
vt 0.856897 0.976743
vt 0.861951 0.977613
vt 0.863215 0.988520
vt 0.392733 0.908812
vt 0.390683 0.892711
vt 0.668984 0.346361
vt 0.671389 0.346480
vt 0.308466 0.668976
vt 0.308448 0.654161
vt 0.319684 0.654797
vt 0.611464 0.917359
vt 0.740678 0.623615
vt 0.741003 0.637356
vt 0.389839 0.842779
vt 0.389295 0.854567
vt 0.532762 0.652075
vt 0.545226 0.648661
vt 0.534226 0.671738
vt 0.438639 0.972742
vt 0.430758 0.973584
vt 0.425366 0.909450
vt 0.438457 0.909025
vt 0.306902 0.318610
vt 0.305450 0.307634
vt 0.307964 0.306578
vt 0.309396 0.318678
vt 0.451945 0.016138
vt 0.449470 0.016358
vt 0.448723 0.003899
vt 0.451421 0.002562
vt 0.733885 0.407408
vt 0.739677 0.406583
vt 0.034252 0.337836
vt 0.314398 0.306473
vt 0.320225 0.306473
vt 0.318990 0.311869
vt 0.314582 0.312490
vt 0.976652 0.232360
vt 0.979191 0.230221
vt 0.120892 0.022688
vt 0.120259 0.019533
vt 0.122211 0.019533
vt 0.121556 0.023205
vt 0.489034 0.271059
vt 0.491253 0.272690
vt 0.590935 0.115341
vt 0.590929 0.130337
vt 0.263464 0.674460
vt 0.268286 0.688444
vt 0.252595 0.678295
vt 0.530483 0.928784
vt 0.536182 0.926697
vt 0.524841 0.621404
vt 0.719200 0.746845
vt 0.720456 0.760411
vt 0.241954 0.467667
vt 0.238587 0.467815
vt 0.981062 0.340162
vt 0.985426 0.340437
vt 0.447356 0.761228
vt 0.442877 0.760651
vt 0.723986 0.669861
vt 0.722197 0.684021
vt 0.376215 0.191779
vt 0.380218 0.194378
vt 0.411287 0.056157
vt 0.285689 0.346523
vt 0.286366 0.342678
vt 0.287579 0.299306
vt 0.287738 0.311903
vt 0.228953 0.710126
vt 0.603596 0.389839
vt 0.603543 0.379117
vt 0.607963 0.379117
vt 0.607563 0.389311
vt 0.248053 0.295086
vt 0.252158 0.296238
vt 0.969427 0.415107
vt 0.968080 0.420051
vt 0.985091 0.563152
vt 0.986973 0.563671
vt 0.141141 0.799788
vt 0.127235 0.796686
vt 0.959127 0.707017
vt 0.956158 0.708517
vt 0.362263 0.022957
vt 0.639542 0.653725
vt 0.756694 0.887311
vt 0.274505 0.338273
vt 0.271430 0.341071
vt 0.268981 0.329784
vt 0.423640 0.092172
vt 0.425419 0.092948
vt 0.515144 0.935461
vt 0.515039 0.950490
vt 0.212133 0.640386
vt 0.213483 0.652789
vt 0.383936 0.468806
vt 0.465641 0.141847
vt 0.464646 0.143869
vt 0.449007 0.923275
vt 0.966062 0.855211
vt 0.597134 0.382793
vt 0.596994 0.400612
vt 0.415400 0.316225
vt 0.420778 0.316225
vt 0.420627 0.322710
vt 0.416197 0.323319
vt 0.594008 0.184953
vt 0.463981 0.433436
vt 0.468431 0.430029
vt 0.905748 0.119299
vt 0.902086 0.107016
vt 0.903152 0.106185
vt 0.907990 0.119067
vt 0.003345 0.909563
vt 0.910952 0.549434
vt 0.912088 0.562500
vt 0.909909 0.551062
vt 0.742754 0.682819
vt 0.746824 0.696141
vt 0.737351 0.954559
vt 0.155549 0.260001
vt 0.157792 0.260213
vt 0.157792 0.273815
vt 0.155643 0.272936
vt 0.097460 0.250611
vt 0.095152 0.249661
vt 0.621372 0.923845
vt 0.625150 0.910473
vt 0.628977 0.911768
vt 0.624371 0.925094
vt 0.491022 0.385930
vt 0.493406 0.386692
vt 0.322770 0.464245
vt 0.329521 0.479557
vt 0.092214 0.922886
vt 0.305583 0.065886
vt 0.631298 0.716327
vt 0.635886 0.716736
vt 0.380045 0.994708
vt 0.389526 0.994708
vt 0.057983 0.028633
vt 0.059026 0.029553
vt 0.388044 0.777742
vt 0.185737 0.924848
vt 0.186137 0.935350
vt 0.856223 0.899675
vt 0.870224 0.902462
vt 0.893248 0.579631
vt 0.691500 0.968417
vt 0.210979 0.544474
vt 0.538241 0.848846
vt 0.543880 0.849310
vt 0.832333 0.390710
vt 0.834748 0.383562
vt 0.836189 0.383948
vt 0.834444 0.391998
vt 0.629988 0.519923
vt 0.633579 0.522650
vt 0.666378 0.751102
vt 0.663816 0.766559
vt 0.524705 0.984785
vt 0.525667 0.994708
vt 0.514182 0.992915
vt 0.512339 0.985514
vt 0.340336 0.319651
vt 0.337812 0.317504
vt 0.562484 0.635635
vt 0.556395 0.629996
vt 0.274934 0.980901
vt 0.272575 0.982332
vt 0.445894 0.981757
vt 0.446698 0.968679
vt 0.523507 0.525313
vt 0.516169 0.530673
vt 0.346847 0.215583
vt 0.233521 0.216220
vt 0.236657 0.209878
vt 0.983266 0.268047
vt 0.986498 0.267238
vt 0.986973 0.278933
vt 0.984222 0.279071
vt 0.499926 0.499290
vt 0.497172 0.487352
vt 0.393301 0.985382
vt 0.209476 0.237547
vt 0.213966 0.238449
vt 0.216577 0.240566
vt 0.209476 0.245970
vt 0.975944 0.684074
vt 0.977158 0.670700
vt 0.982332 0.671834
vt 0.981695 0.684262
vt 0.744097 0.310943
vt 0.735074 0.306314
vt 0.494099 0.065388
vt 0.494010 0.057502
vt 0.496580 0.065344
vt 0.597681 0.004193
vt 0.594134 0.004540
vt 0.938507 0.978219
vt 0.936672 0.979238
vt 0.923369 0.891233
vt 0.924902 0.877559
vt 0.623927 0.719345
vt 0.272268 0.682841
vt 0.267243 0.671715
vt 0.281839 0.090991
vt 0.283714 0.085248
vt 0.284644 0.086849
vt 0.284644 0.092819
vt 0.525725 0.148034
vt 0.528929 0.147040
vt 0.749078 0.793394
vt 0.003082 0.283851
vt 0.006226 0.283589
vt 0.007735 0.296366
vt 0.003082 0.298567
vt 0.957872 0.586531
vt 0.960674 0.588292
vt 0.539896 0.911843
vt 0.529431 0.921296
vt 0.693781 0.776584
vt 0.685766 0.774664
vt 0.535528 0.836119
vt 0.536979 0.823765
vt 0.123899 0.357162
vt 0.125674 0.356351
vt 0.131070 0.367156
vt 0.130270 0.368533
vt 0.348070 0.455918
vt 0.348070 0.468834
vt 0.603813 0.738473
vt 0.605089 0.724258
vt 0.610962 0.725345
vt 0.357334 0.114162
vt 0.367455 0.108715
vt 0.531098 0.575476
vt 0.528798 0.558869
vt 0.533884 0.574602
vt 0.515257 0.002652
vt 0.513744 0.003106
vt 0.088178 0.295410
vt 0.320663 0.268678
vt 0.322816 0.267461
vt 0.303032 0.781845
vt 0.707726 0.183693
vt 0.711611 0.184090
vt 0.284519 0.229023
vt 0.287392 0.225424
vt 0.075802 0.603322
vt 0.065672 0.603322
vt 0.157192 0.066990
vt 0.155664 0.065173
vt 0.042613 0.776588
vt 0.759235 0.112243
vt 0.636338 0.702981
vt 0.935184 0.030886
vt 0.936527 0.024040
vt 0.605813 0.548604
vt 0.609510 0.559561
vt 0.603282 0.549108
vt 0.457559 0.562799
vt 0.450772 0.575028
vt 0.449320 0.558705
vt 0.915936 0.080393
vt 0.920453 0.079661
vt 0.771910 0.629908
vt 0.775889 0.626820
vt 0.939036 0.060719
vt 0.935789 0.060792
vt 0.471373 0.099147
vt 0.474743 0.097623
vt 0.354437 0.433752
vt 0.587363 0.228617
vt 0.776738 0.382446
vt 0.787413 0.387198
vt 0.183901 0.951953
vt 0.183390 0.956033
vt 0.168116 0.447555
vt 0.543395 0.422246
vt 0.544537 0.423258
vt 0.410216 0.007571
vt 0.091776 0.787867
vt 0.106742 0.790341
vt 0.105298 0.803008
vt 0.091374 0.801375
vt 0.570835 0.944629
vt 0.022467 0.614151
vt 0.114747 0.516691
vt 0.118285 0.516523
vt 0.835649 0.414419
vt 0.832600 0.401469
vt 0.834041 0.401854
vt 0.837666 0.412951
vt 0.893762 0.388145
vt 0.719524 0.227234
vt 0.317372 0.639523
vt 0.262264 0.616172
vt 0.276923 0.618006
vt 0.262132 0.627395
vt 0.782772 0.118822
vt 0.931255 0.763557
vt 0.931282 0.771943
vt 0.916614 0.770157
vt 0.916937 0.761651
vt 0.508285 0.377656
vt 0.509847 0.379262
vt 0.044633 0.470133
vt 0.539034 0.963371
vt 0.391055 0.350058
vt 0.084936 0.850671
vt 0.679242 0.469545
vt 0.122574 0.874376
vt 0.354763 0.692834
vt 0.349061 0.694886
vt 0.437379 0.478838
vt 0.156082 0.281066
vt 0.157792 0.285447
vt 0.147410 0.293410
vt 0.515371 0.261910
vt 0.522855 0.274968
vt 0.895420 0.479557
vt 0.896116 0.465652
vt 0.487299 0.742361
vt 0.483356 0.758618
vt 0.481903 0.758110
vt 0.484999 0.742271
vt 0.107169 0.445687
vt 0.113787 0.446766
vt 0.916963 0.747235
vt 0.902870 0.759603
vt 0.297020 0.369664
vt 0.294069 0.371275
vt 0.917160 0.088972
vt 0.785447 0.737315
vt 0.785828 0.751832
vt 0.254157 0.813611
vt 0.178184 0.484369
vt 0.178438 0.475872
vt 0.626522 0.247974
vt 0.770396 0.613770
vt 0.395927 0.743617
vt 0.589332 0.320073
vt 0.126586 0.446631
vt 0.136150 0.457906
vt 0.058785 0.550474
vt 0.126750 0.347886
vt 0.127290 0.350498
vt 0.383514 0.528967
vt 0.386491 0.530567
vt 0.386143 0.540115
vt 0.383540 0.539364
vt 0.455457 0.780468
vt 0.457221 0.795147
vt 0.440133 0.152685
vt 0.435766 0.154884
vt 0.652823 0.657975
vt 0.659405 0.660560
vt 0.785292 0.500633
vt 0.785729 0.483816
vt 0.258523 0.560765
vt 0.443983 0.363074
vt 0.441723 0.371455
vt 0.943952 0.124815
vt 0.935188 0.124815
vt 0.279965 0.415881
vt 0.341017 0.835674
vt 0.495287 0.369419
vt 0.499743 0.354286
vt 0.501221 0.355786
vt 0.497313 0.371239
vt 0.108289 0.902264
vt 0.105845 0.903436
vt 0.817379 0.991614
vt 0.792941 0.228853
vt 0.799448 0.228392
vt 0.364472 0.099046
vt 0.361596 0.102101
vt 0.219551 0.393303
vt 0.215847 0.405498
vt 0.303981 0.668549
vt 0.573388 0.742421
vt 0.047704 0.541117
vt 0.222798 0.150360
vt 0.225118 0.150258
vt 0.225859 0.162660
vt 0.222798 0.163980
vt 0.101076 0.279166
vt 0.011076 0.246392
vt 0.028490 0.243091
vt 0.810753 0.274621
vt 0.389460 0.644382
vt 0.105983 0.600121
vt 0.929245 0.975314
vt 0.930392 0.982332
vt 0.921764 0.982332
vt 0.391381 0.829181
vt 0.094369 0.813695
vt 0.085192 0.813711
vt 0.081992 0.800207
vt 0.218530 0.750870
vt 0.230176 0.765110
vt 0.388292 0.554839
vt 0.386062 0.554939
vt 0.006190 0.498030
vt 0.008287 0.499356
vt 0.614250 0.495412
vt 0.614587 0.484278
vt 0.869897 0.029271
vt 0.874043 0.028560
vt 0.873296 0.047677
vt 0.868619 0.046928
vt 0.642571 0.946007
vt 0.263372 0.034005
vt 0.266080 0.034034
vt 0.077387 0.629799
vt 0.081346 0.626806
vt 0.084975 0.636971
vt 0.079111 0.638537
vt 0.853013 0.609883
vt 0.860121 0.619106
vt 0.857694 0.620339
vt 0.850602 0.612233
vt 0.211707 0.979652
vt 0.211892 0.974027
vt 0.219398 0.975149
vt 0.219428 0.980785
vt 0.516870 0.699483
vt 0.515328 0.684577
vt 0.520310 0.684392
vt 0.522345 0.697830
vt 0.115062 0.760109
vt 0.126711 0.759495
vt 0.115683 0.772687
vt 0.793554 0.242363
vt 0.789712 0.228102
vt 0.795575 0.240986
vt 0.640770 0.486243
vt 0.642086 0.473330
vt 0.686274 0.472678
vt 0.471944 0.688387
vt 0.115520 0.784530
vt 0.113558 0.793978
vt 0.200659 0.629408
vt 0.874043 0.722439
vt 0.500480 0.263762
vt 0.501219 0.250178
vt 0.504315 0.251359
vt 0.504315 0.266080
vt 0.876357 0.599629
vt 0.637356 0.188380
vt 0.637041 0.201339
vt 0.634072 0.200758
vt 0.633729 0.186652
vt 0.103469 0.265418
vt 0.103648 0.272268
vt 0.914265 0.295270
vt 0.911042 0.295473
vt 0.950597 0.802216
vt 0.959127 0.802669
vt 0.958022 0.815258
vt 0.949186 0.814238
vt 0.462369 0.058738
vt 0.690394 0.439017
vt 0.687709 0.449364
vt 0.671372 0.447288
vt 0.184458 0.597030
vt 0.787413 0.728003
vt 0.784135 0.728627
vt 0.495830 0.078896
vt 0.494010 0.077836
vt 0.451198 0.029173
vt 0.454812 0.016062
vt 0.454681 0.028122
vt 0.228865 0.724621
vt 0.284116 0.946751
vt 0.151312 0.639289
vt 0.165271 0.636191
vt 0.302262 0.285331
vt 0.304770 0.287738
vt 0.489529 0.214386
vt 0.487137 0.214574
vt 0.147856 0.159142
vt 0.304059 0.181032
vt 0.309356 0.181116
vt 0.968652 0.750037
vt 0.972728 0.750281
vt 0.959777 0.329811
vt 0.955868 0.331054
vt 0.949936 0.319146
vt 0.087210 0.420696
vt 0.088920 0.407385
vt 0.091272 0.407468
vt 0.089562 0.420778
vt 0.893562 0.151412
vt 0.896280 0.151875
vt 0.664637 0.261452
vt 0.144821 0.371688
vt 0.149514 0.375916
vt 0.021677 0.565804
vt 0.027032 0.552074
vt 0.311496 0.249064
vt 0.315584 0.249001
vt 0.116023 0.057862
vt 0.115014 0.058785
vt 0.678537 0.558913
vt 0.232047 0.085259
vt 0.345459 0.602644
vt 0.352711 0.599067
vt 0.352711 0.609510
vt 0.347590 0.608657
vt 0.445374 0.473715
vt 0.186405 0.743015
vt 0.192027 0.744097
vt 0.516847 0.772177
vt 0.520425 0.775037
vt 0.161394 0.810910
vt 0.150118 0.809231
vt 0.611482 0.190950
vt 0.625137 0.187573
vt 0.625018 0.200916
vt 0.687500 0.725373
vt 0.687871 0.731605
vt 0.745395 0.557635
vt 0.018801 0.472665
vt 0.019991 0.460876
vt 0.473598 0.569752
vt 0.509612 0.785177
vt 0.640512 0.293926
vt 0.636234 0.292451
vt 0.324866 0.576800
vt 0.323071 0.588413
vt 0.674325 0.772168
vt 0.547743 0.337058
vt 0.551564 0.336638
vt 0.715407 0.698959
vt 0.517441 0.364794
vt 0.519785 0.367202
vt 0.689784 0.423845
vt 0.687058 0.409756
vt 0.977910 0.888051
vt 0.980257 0.887206
vt 0.150307 0.063379
vt 0.903546 0.767738
vt 0.696263 0.341605
vt 0.886405 0.510687
vt 0.029176 0.172905
vt 0.031593 0.171906
vt 0.399524 0.488940
vt 0.565093 0.234691
vt 0.566717 0.828279
vt 0.577023 0.829988
vt 0.036417 0.106329
vt 0.040221 0.105817
vt 0.040221 0.116023
vt 0.035640 0.115422
vt 0.788960 0.192681
vt 0.784896 0.194919
vt 0.655715 0.764138
vt 0.661741 0.769864
vt 0.652514 0.767504
vt 0.131727 0.581610
vt 0.787708 0.052094
vt 0.722911 0.698271
vt 0.723986 0.712622
vt 0.716464 0.713959
vt 0.727285 0.072973
vt 0.719802 0.071756
vt 0.817144 0.578495
vt 0.808345 0.577949
vt 0.328120 0.865604
vt 0.614833 0.968621
vt 0.619838 0.965697
vt 0.387356 0.572390
vt 0.657330 0.138783
vt 0.654993 0.121776
vt 0.659771 0.121772
vt 0.662107 0.138779
vt 0.781225 0.357746
vt 0.816698 0.840804
vt 0.350320 0.475594
vt 0.347841 0.475727
vt 0.133059 0.122961
vt 0.528649 0.054749
vt 0.128118 0.314815
vt 0.129364 0.316869
vt 0.589124 0.775484
vt 0.603585 0.776028
vt 0.634210 0.948298
vt 0.653096 0.227406
vt 0.648633 0.226511
vt 0.485558 0.828113
vt 0.944900 0.869093
vt 0.848021 0.556164
vt 0.842085 0.557165
vt 0.269271 0.705692
vt 0.956136 0.994708
vt 0.945811 0.993571
vt 0.856953 0.010298
vt 0.857027 0.024759
vt 0.383036 0.409365
vt 0.384246 0.429648
vt 0.535148 0.686859
vt 0.063426 0.403762
vt 0.059569 0.403099
vt 0.059421 0.396268
vt 0.063426 0.396774
vt 0.756473 0.825644
vt 0.051635 0.989706
vt 0.048801 0.990067
vt 0.232047 0.943531
vt 0.230079 0.949194
vt 0.208195 0.743486
vt 0.663052 0.732271
vt 0.660028 0.738818
vt 0.655322 0.736080
vt 0.070636 0.627223
vt 0.072708 0.641083
vt 0.060332 0.537149
vt 0.107218 0.660604
vt 0.099050 0.656815
vt 0.307201 0.003761
vt 0.309396 0.003487
vt 0.309396 0.018289
vt 0.307200 0.018564
vt 0.603586 0.135213
vt 0.361492 0.397400
vt 0.345405 0.391524
vt 0.844803 0.700901
vt 0.850517 0.700125
vt 0.472533 0.324866
vt 0.470773 0.311231
vt 0.476795 0.311285
vt 0.478017 0.324394
vt 0.722637 0.383074
vt 0.522033 0.216187
vt 0.524426 0.217564
vt 0.471676 0.939015
vt 0.473376 0.947815
vt 0.515144 0.393178
vt 0.514970 0.407662
vt 0.509343 0.408403
vt 0.509343 0.392466
vt 0.649501 0.863488
vt 0.644532 0.864762
vt 0.655090 0.374818
vt 0.658825 0.374898
vt 0.746429 0.082066
vt 0.750966 0.081130
vt 0.827996 0.620644
vt 0.837592 0.623381
vt 0.761797 0.726093
vt 0.766426 0.725803
vt 0.770105 0.737891
vt 0.765477 0.738181
vt 0.123390 0.473143
vt 0.129829 0.070911
vt 0.134601 0.055259
vt 0.136134 0.057031
vt 0.132583 0.070573
vt 0.492354 0.619580
vt 0.485084 0.841979
vt 0.530301 0.527567
vt 0.802074 0.003461
vt 0.440664 0.202183
vt 0.360028 0.410914
vt 0.413346 0.908879
vt 0.582816 0.764705
vt 0.590209 0.768849
vt 0.116809 0.853894
vt 0.326963 0.968086
vt 0.326963 0.955244
vt 0.541946 0.041868
vt 0.276909 0.377542
vt 0.273881 0.388857
vt 0.958909 0.790552
vt 0.171715 0.635888
vt 0.664440 0.907555
vt 0.236688 0.765472
vt 0.393188 0.759883
vt 0.737792 0.108953
vt 0.739161 0.094723
vt 0.471994 0.298937
vt 0.478017 0.298990
vt 0.068033 0.272268
vt 0.672366 0.992750
vt 0.774938 0.849890
vt 0.780282 0.848227
vt 0.662465 0.071584
vt 0.358392 0.926830
vt 0.369017 0.931282
vt 0.048259 0.394750
vt 0.935907 0.455284
vt 0.945033 0.875744
vt 0.532157 0.116508
vt 0.534366 0.115298
vt 0.746681 0.320924
vt 0.755724 0.319052
vt 0.237031 0.308704
vt 0.243295 0.294252
vt 0.215514 0.148439
vt 0.185342 0.612040
vt 0.909509 0.981785
vt 0.906110 0.982323
vt 0.520597 0.315584
vt 0.516059 0.303517
vt 0.110192 0.917359
vt 0.108471 0.915238
vt 0.103965 0.609252
vt 0.104901 0.622493
vt 0.876217 0.423328
vt 0.890878 0.248969
vt 0.890337 0.233944
vt 0.898692 0.233386
vt 0.898795 0.247440
vt 0.141774 0.838619
vt 0.203038 0.044635
vt 0.199462 0.047407
vt 0.522879 0.710907
vt 0.517404 0.712560
vt 0.865430 0.219698
vt 0.876433 0.219480
vt 0.875304 0.411245
vt 0.941985 0.668341
vt 0.662265 0.226398
vt 0.710405 0.328699
vt 0.722677 0.326902
vt 0.738811 0.962370
vt 0.819566 0.922584
vt 0.395808 0.085084
vt 0.395808 0.078170
vt 0.402215 0.078316
vt 0.227401 0.623430
vt 0.222897 0.623433
vt 0.931282 0.968265
vt 0.008588 0.329593
vt 0.971420 0.018676
vt 0.971360 0.002582
vt 0.983183 0.003239
vt 0.983677 0.019797
vt 0.977585 0.893939
vt 0.978075 0.892512
vt 0.980785 0.892727
vt 0.980295 0.894154
vt 0.780800 0.463157
vt 0.781225 0.478499
vt 0.362022 0.609937
vt 0.566195 0.580819
vt 0.566195 0.592493
vt 0.560556 0.591869
vt 0.560977 0.581230
vt 0.869641 0.369701
vt 0.605827 0.194941
vt 0.600132 0.196020
vt 0.791945 0.003705
vt 0.954486 0.755571
vt 0.943433 0.755228
vt 0.379870 0.589676
vt 0.637025 0.581664
vt 0.641644 0.581172
vt 0.474923 0.513408
vt 0.473202 0.515144
vt 0.666067 0.725788
vt 0.191054 0.115429
vt 0.192213 0.111998
vt 0.193372 0.113069
vt 0.193372 0.117570
vt 0.698784 0.330481
vt 0.601538 0.185791
vt 0.168785 0.271723
vt 0.165002 0.262315
vt 0.139192 0.066326
vt 0.142322 0.066753
vt 0.135648 0.236055
vt 0.139228 0.235973
vt 0.139228 0.252167
vt 0.135648 0.252249
vt 0.583400 0.924041
vt 0.198711 0.548184
vt 0.553819 0.470196
vt 0.553819 0.484205
vt 0.548346 0.482859
vt 0.547998 0.470242
vt 0.527837 0.672664
vt 0.529238 0.686505
vt 0.030258 0.099888
vt 0.032343 0.101553
vt 0.797409 0.046208
vt 0.799068 0.044463
vt 0.662831 0.061693
vt 0.028008 0.896648
vt 0.028008 0.908436
vt 0.464094 0.173332
vt 0.461382 0.173128
vt 0.873851 0.199950
vt 0.059140 0.892609
vt 0.678170 0.119293
vt 0.987377 0.856876
vt 0.985243 0.858574
vt 0.304755 0.796004
vt 0.262526 0.606879
vt 0.276616 0.609663
vt 0.728627 0.380954
vt 0.157792 0.969564
vt 0.413359 0.497920
vt 0.408121 0.500607
vt 0.317498 0.379221
vt 0.314301 0.380282
vt 0.507863 0.154047
vt 0.516613 0.156245
vt 0.320367 0.436192
vt 0.319163 0.448677
vt 0.899398 0.570924
vt 0.902873 0.570822
vt 0.958934 0.745115
vt 0.963324 0.746287
vt 0.495575 0.227814
vt 0.507409 0.237161
vt 0.505292 0.238235
vt 0.492126 0.228387
vt 0.530769 0.042459
vt 0.551832 0.024105
vt 0.541751 0.025411
vt 0.159470 0.548968
vt 0.161480 0.537172
vt 0.805358 0.420988
vt 0.952237 0.265307
vt 0.955724 0.254133
vt 0.958801 0.255366
vt 0.954442 0.267627
vt 0.762146 0.629217
vt 0.765471 0.628613
vt 0.678580 0.167230
vt 0.786371 0.439820
vt 0.786661 0.453649
vt 0.858889 0.967805
vt 0.863215 0.969510
vt 0.041561 0.782879
vt 0.043315 0.806319
vt 0.361993 0.264157
vt 0.020767 0.417715
vt 0.019534 0.403094
vt 0.009255 0.724183
vt 0.024674 0.724090
vt 0.630564 0.829535
vt 0.632715 0.829675
vt 0.714705 0.989392
vt 0.502920 0.009400
vt 0.507409 0.032471
vt 0.962183 0.381403
vt 0.964726 0.380703
vt 0.105195 0.094366
vt 0.102136 0.084474
vt 0.105195 0.084063
vt 0.728293 0.521536
vt 0.737792 0.081361
vt 0.337696 0.973076
vt 0.341882 0.979591
vt 0.337430 0.980260
vt 0.336385 0.976180
vt 0.131635 0.903436
vt 0.567816 0.399607
vt 0.885069 0.197855
vt 0.649573 0.050728
vt 0.661415 0.052623
vt 0.600228 0.113760
vt 0.040471 0.735907
vt 0.048730 0.735566
vt 0.049503 0.750049
vt 0.142880 0.615547
vt 0.143904 0.599044
vt 0.668121 0.121830
vt 0.405791 0.149035
vt 0.408403 0.148372
vt 0.408403 0.154390
vt 0.404520 0.154698
vt 0.877997 0.922229
vt 0.524692 0.369810
vt 0.656865 0.869710
vt 0.315544 0.915812
vt 0.955944 0.671420
vt 0.959127 0.672465
vt 0.725017 0.030300
vt 0.303960 0.652628
vt 0.850839 0.114768
vt 0.850264 0.129567
vt 0.847034 0.128692
vt 0.847778 0.114146
vt 0.683736 0.783424
vt 0.861469 0.813711
vt 0.873087 0.798778
vt 0.872638 0.813077
vt 0.937804 0.755094
vt 0.645516 0.819742
vt 0.651324 0.817719
vt 0.468121 0.697547
vt 0.476470 0.697590
vt 0.256113 0.336163
vt 0.253494 0.333122
vt 0.990067 0.961860
vt 0.740087 0.360263
vt 0.735648 0.360883
vt 0.314193 0.056310
vt 0.311006 0.058211
vt 0.307467 0.048614
vt 0.311615 0.049035
vt 0.500650 0.152471
vt 0.489345 0.156064
vt 0.830728 0.364780
vt 0.950987 0.444652
vt 0.952349 0.446748
vt 0.872598 0.781795
vt 0.281550 0.968216
vt 0.280626 0.981749
vt 0.383494 0.934938
vt 0.047784 0.617110
vt 0.060093 0.614011
vt 0.532773 0.985945
vt 0.523610 0.973278
vt 0.533708 0.972013
vt 0.278781 0.812208
vt 0.049177 0.765122
vt 0.148328 0.272808
vt 0.237732 0.074851
vt 0.241153 0.075802
vt 0.621811 0.508757
vt 0.626753 0.510396
vt 0.081992 0.785646
vt 0.350504 0.132476
vt 0.472389 0.055740
vt 0.812121 0.700340
vt 0.815258 0.700413
vt 0.102101 0.474568
vt 0.455089 0.448244
vt 0.458169 0.447663
vt 0.459453 0.460231
vt 0.456953 0.459533
vt 0.566253 0.271291
vt 0.579260 0.271714
vt 0.830404 0.421429
vt 0.830728 0.432424
vt 0.478139 0.977512
vt 0.479003 0.966294
vt 0.868723 0.108300
vt 0.855929 0.119112
vt 0.857671 0.104948
vt 0.209115 0.106990
vt 0.208419 0.103913
vt 0.598766 0.520446
vt 0.598766 0.510215
vt 0.601775 0.511101
vt 0.601775 0.521332
vt 0.666936 0.740669
vt 0.725734 0.061704
vt 0.729991 0.073266
vt 0.723028 0.061411
vt 0.649426 0.112734
vt 0.653214 0.113024
vt 0.841487 0.162118
vt 0.112213 0.238048
vt 0.116023 0.239589
vt 0.411497 0.272397
vt 0.617245 0.873419
vt 0.445894 0.957377
vt 0.447793 0.956926
vt 0.915761 0.202635
vt 0.911090 0.216577
vt 0.073352 0.904293
vt 0.169406 0.210428
vt 0.694786 0.825694
vt 0.692036 0.827256
vt 0.688506 0.814586
vt 0.690192 0.812721
vt 0.189082 0.368024
vt 0.178482 0.372822
vt 0.112930 0.598164
vt 0.501449 0.304651
vt 0.502920 0.303380
vt 0.680671 0.510857
vt 0.723920 0.509792
vt 0.728213 0.497889
vt 0.731540 0.498401
vt 0.728110 0.512050
vt 0.428208 0.324866
vt 0.433154 0.323533
vt 0.394480 0.337209
vt 0.231060 0.565215
vt 0.224161 0.566194
vt 0.213226 0.027558
vt 0.216400 0.028631
vt 0.215771 0.034105
vt 0.775036 0.801326
vt 0.022725 0.889200
vt 0.012598 0.889513
vt 0.555224 0.221218
vt 0.561523 0.220784
vt 0.874043 0.058785
vt 0.869063 0.058663
vt 0.737909 0.175086
vt 0.734080 0.176356
vt 0.746540 0.959510
vt 0.719333 0.732152
vt 0.257523 0.146491
vt 0.254327 0.147403
vt 0.311948 0.529067
vt 0.310529 0.528928
vt 0.347794 0.411437
vt 0.349617 0.424999
vt 0.347415 0.425419
vt 0.345420 0.411113
vt 0.991614 0.415395
vt 0.976712 0.913971
vt 0.983879 0.913659
vt 0.971503 0.941810
vt 0.970389 0.952785
vt 0.465659 0.345581
vt 0.466683 0.343306
vt 0.477438 0.355963
vt 0.475584 0.357173
vt 0.937469 0.624004
vt 0.935262 0.628074
vt 0.187196 0.890671
vt 0.512339 0.973690
vt 0.908100 0.641226
vt 0.910219 0.641997
vt 0.584867 0.416058
vt 0.593373 0.416964
vt 0.273188 0.322982
vt 0.795147 0.610204
vt 0.225859 0.242126
vt 0.222399 0.244423
vt 0.222399 0.236361
vt 0.101593 0.810877
vt 0.108055 0.808451
vt 0.292314 0.813281
vt 0.347021 0.201593
vt 0.337380 0.894510
vt 0.336031 0.879886
vt 0.343429 0.892802
vt 0.339316 0.903325
vt 0.837479 0.182544
vt 0.825534 0.035829
vt 0.825296 0.019799
vt 0.882324 0.464012
vt 0.882324 0.478180
vt 0.983879 0.034034
vt 0.971360 0.033836
vt 0.099007 0.918552
vt 0.097818 0.928870
vt 0.091025 0.933204
vt 0.945305 0.766668
vt 0.939601 0.767302
vt 0.055347 0.411503
vt 0.052800 0.394772
vt 0.242751 0.682762
vt 0.238079 0.684106
vt 0.603506 0.493284
vt 0.603506 0.481268
vt 0.440371 0.290832
vt 0.436800 0.289008
vt 0.657183 0.356089
vt 0.660560 0.355485
vt 0.219079 0.834579
vt 0.874510 0.114476
vt 0.879804 0.113420
vt 0.915812 0.187382
vt 0.542145 0.298213
vt 0.544537 0.298234
vt 0.544537 0.312490
vt 0.541834 0.311595
vt 0.287960 0.063300
vt 0.285322 0.076744
vt 0.282673 0.075017
vt 0.208507 0.847663
vt 0.809226 0.899906
vt 0.110415 0.773334
vt 0.110251 0.785177
vt 0.885933 0.591282
vt 0.484804 0.701521
vt 0.797676 0.095119
vt 0.788789 0.097460
vt 0.369269 0.084974
vt 0.360274 0.086578
vt 0.089084 0.881759
vt 0.084131 0.889027
vt 0.290878 0.609969
vt 0.828125 0.323319
vt 0.824760 0.322946
vt 0.818352 0.055489
vt 0.256422 0.639152
vt 0.256422 0.625998
vt 0.554213 0.691308
vt 0.569975 0.689970
vt 0.065238 0.299122
vt 0.378346 0.326601
vt 0.300811 0.332202
vt 0.299541 0.330500
vt 0.196263 0.283935
vt 0.201107 0.283736
vt 0.201107 0.298567
vt 0.198367 0.296087
vt 0.976625 0.696141
vt 0.982332 0.695200
vt 0.677168 0.073026
vt 0.684599 0.073636
vt 0.077516 0.096121
vt 0.080443 0.094400
vt 0.080443 0.099007
vt 0.300142 0.459582
vt 0.187918 0.563020
vt 0.184014 0.563101
vt 0.278208 0.572382
vt 0.275840 0.571635
vt 0.680671 0.457953
vt 0.600087 0.128589
vt 0.894154 0.589754
vt 0.139434 0.379611
vt 0.141034 0.376856
vt 0.307272 0.637564
vt 0.460748 0.424834
vt 0.272149 0.142350
vt 0.270298 0.157177
vt 0.236719 0.290421
vt 0.234527 0.289341
vt 0.179862 0.396042
vt 0.176706 0.395434
vt 0.116020 0.566109
vt 0.119117 0.564601
vt 0.119117 0.575516
vt 0.116020 0.577023
vt 0.864057 0.493486
vt 0.862052 0.492461
vt 0.093204 0.636288
vt 0.095913 0.651233
vt 0.887640 0.068052
vt 0.891021 0.067122
vt 0.849486 0.980253
vt 0.030977 0.885171
vt 0.761299 0.983879
vt 0.774001 0.982915
vt 0.622310 0.726476
vt 0.003922 0.596440
vt 0.007796 0.596417
vt 0.184014 0.498780
vt 0.389568 0.721023
vt 0.633122 0.954180
vt 0.636736 0.952761
vt 0.637356 0.967276
vt 0.633494 0.968520
vt 0.970717 0.091906
vt 0.967899 0.093660
vt 0.970173 0.076314
vt 0.973050 0.077165
vt 0.149816 0.632715
vt 0.076595 0.993950
vt 0.932956 0.199641
vt 0.934950 0.198275
vt 0.970807 0.558460
vt 0.579380 0.917359
vt 0.580917 0.346057
vt 0.592493 0.346801
vt 0.592493 0.358837
vt 0.579843 0.358899
vt 0.060149 0.887058
vt 0.067538 0.893137
vt 0.872339 0.754342
vt 0.868736 0.755095
vt 0.002508 0.958670
vt 0.006657 0.974207
vt 0.002433 0.976144
vt 0.156245 0.925181
vt 0.155479 0.939017
vt 0.512785 0.670250
vt 0.457642 0.939572
vt 0.463984 0.934800
vt 0.433154 0.283626
vt 0.949440 0.827042
vt 0.950096 0.819070
vt 0.951392 0.819994
vt 0.951392 0.827052
vt 0.575268 0.343733
vt 0.347863 0.002467
vt 0.345411 0.015470
vt 0.852662 0.585300
vt 0.849367 0.585525
vt 0.208186 0.627496
vt 0.096919 0.503635
vt 0.103056 0.503808
vt 0.298465 0.643498
vt 0.298567 0.656470
vt 0.309495 0.138539
vt 0.371404 0.281550
vt 0.704745 0.727080
vt 0.694775 0.726701
vt 0.683165 0.166726
vt 0.070553 0.208134
vt 0.070160 0.196425
vt 0.073351 0.196349
vt 0.075802 0.208842
vt 0.748919 0.372751
vt 0.756724 0.372677
vt 0.878567 0.910071
vt 0.479554 0.269286
vt 0.482658 0.270773
vt 0.311530 0.038960
vt 0.308113 0.037707
vt 0.441973 0.014896
vt 0.983477 0.653937
vt 0.980919 0.654372
vt 0.889369 0.455589
vt 0.882666 0.456359
vt 0.343429 0.194387
vt 0.028429 0.997482
vt 0.017267 0.995168
vt 0.733329 0.861055
vt 0.607114 0.325279
vt 0.612458 0.325279
vt 0.614151 0.335695
vt 0.607013 0.332814
vt 0.028837 0.919600
vt 0.913709 0.496580
vt 0.907502 0.495199
vt 0.724416 0.437998
vt 0.521168 0.719912
vt 0.517845 0.720409
vt 0.369590 0.399121
vt 0.401924 0.328431
vt 0.405309 0.331512
vt 0.849674 0.598723
vt 0.847247 0.599956
vt 0.497172 0.519778
vt 0.484494 0.610504
vt 0.038053 0.997802
vt 0.253839 0.024271
vt 0.242414 0.015050
vt 0.445332 0.908879
vt 0.002433 0.941976
vt 0.136937 0.033868
vt 0.137948 0.030628
vt 0.139228 0.030936
vt 0.139228 0.035581
vt 0.708453 0.932079
vt 0.685312 0.111383
vt 0.310529 0.463679
vt 0.311472 0.461116
vt 0.943658 0.845147
vt 0.262007 0.865542
vt 0.977691 0.809247
vt 0.975648 0.810617
vt 0.105318 0.637976
vt 0.072708 0.694829
vt 0.072708 0.708936
vt 0.152938 0.166907
vt 0.799265 0.072959
vt 0.799788 0.083496
vt 0.061686 0.127046
vt 0.652404 0.320056
vt 0.506678 0.532161
vt 0.175392 0.812659
vt 0.172097 0.377398
vt 0.174809 0.377463
vt 0.743590 0.457036
vt 0.752994 0.452468
vt 0.077645 0.746398
vt 0.080152 0.748638
vt 0.318678 0.957460
vt 0.314613 0.971503
vt 0.312669 0.970222
vt 0.315384 0.956798
vt 0.536824 0.849060
vt 0.487298 0.421294
vt 0.487298 0.430685
vt 0.117570 0.674839
vt 0.117570 0.689689
vt 0.428887 0.446511
vt 0.003457 0.011119
vt 0.006937 0.009368
vt 0.579874 0.419146
vt 0.583211 0.421722
vt 0.717234 0.726582
vt 0.751978 0.794027
vt 0.577832 0.923240
vt 0.594446 0.550182
vt 0.854580 0.813555
vt 0.470964 0.929934
vt 0.775469 0.725184
vt 0.778131 0.738499
vt 0.035895 0.620996
vt 0.459741 0.538912
vt 0.461480 0.553819
vt 0.950007 0.838463
vt 0.951326 0.838068
vt 0.835905 0.670220
vt 0.811028 0.260404
vt 0.576768 0.701200
vt 0.310943 0.703208
vt 0.310384 0.714307
vt 0.508956 0.573430
vt 0.508876 0.584238
vt 0.506207 0.584758
vt 0.506207 0.572667
vt 0.290312 0.964590
vt 0.304150 0.963709
vt 0.440206 0.645090
vt 0.443983 0.644775
vt 0.801400 0.240824
vt 0.068723 0.613559
vt 0.894013 0.491552
vt 0.259893 0.161406
vt 0.258285 0.162433
vt 0.219271 0.117551
vt 0.217184 0.119355
vt 0.065095 0.494445
vt 0.286602 0.334148
vt 0.287416 0.331524
vt 0.856294 0.438378
vt 0.851251 0.423554
vt 0.860644 0.430548
vt 0.866464 0.439218
vt 0.835413 0.218761
vt 0.918420 0.098385
vt 0.764091 0.448422
vt 0.777418 0.448901
vt 0.275824 0.086631
vt 0.274850 0.083905
vt 0.138370 0.270344
vt 0.135669 0.270721
vt 0.853644 0.083652
vt 0.852131 0.060563
vt 0.964038 0.115315
vt 0.965394 0.113213
vt 0.340544 0.991167
vt 0.336385 0.993161
vt 0.926641 0.633932
vt 0.923543 0.635809
vt 0.553088 0.098798
vt 0.305709 0.842443
vt 0.922165 0.271436
vt 0.915421 0.276909
vt 0.455344 0.380366
vt 0.424481 0.849126
vt 0.434701 0.848165
vt 0.723120 0.184091
vt 0.725533 0.183438
vt 0.642515 0.717808
vt 0.647050 0.715614
vt 0.076989 0.897248
vt 0.240710 0.206545
vt 0.212016 0.281550
vt 0.228352 0.279338
vt 0.092212 0.377463
vt 0.636117 0.215436
vt 0.637356 0.230870
vt 0.016340 0.032977
vt 0.021658 0.039553
vt 0.724416 0.407888
vt 0.247825 0.242160
vt 0.243867 0.243617
vt 0.111420 0.985624
vt 0.111420 0.969367
vt 0.114476 0.971312
vt 0.114362 0.990067
vt 0.429265 0.255453
vt 0.428167 0.240944
vt 0.431607 0.240106
vt 0.431607 0.256799
vt 0.527074 0.832275
vt 0.856885 0.451895
vt 0.598847 0.670882
vt 0.830395 0.377070
vt 0.535335 0.747191
vt 0.759889 0.448782
vt 0.365952 0.218704
vt 0.594040 0.538349
vt 0.935504 0.802886
vt 0.521818 0.784200
vt 0.347133 0.101084
vt 0.351164 0.101389
vt 0.351164 0.114476
vt 0.347956 0.114457
vt 0.858618 0.767297
vt 0.870996 0.766204
vt 0.168621 0.041889
vt 0.166300 0.043315
vt 0.164321 0.279798
vt 0.168461 0.280584
vt 0.168621 0.285891
vt 0.164321 0.287738
vt 0.256553 0.614774
vt 0.231272 0.776824
vt 0.660137 0.811589
vt 0.222677 0.742014
vt 0.097413 0.615122
vt 0.087385 0.617245
vt 0.747024 0.267306
vt 0.749025 0.254708
vt 0.004669 0.881023
vt 0.524522 0.137465
vt 0.522149 0.139175
vt 0.059741 0.192340
vt 0.061505 0.182696
vt 0.063426 0.183045
vt 0.060858 0.193476
vt 0.888751 0.219480
vt 0.779149 0.500935
vt 0.779586 0.484118
vt 0.179122 0.470919
vt 0.386745 0.448354
vt 0.703523 0.923547
vt 0.715917 0.922129
vt 0.318156 0.924168
vt 0.318678 0.934595
vt 0.572382 0.521164
vt 0.571697 0.538017
vt 0.192409 0.952067
vt 0.193372 0.955576
vt 0.853933 0.520290
vt 0.853059 0.530350
vt 0.802882 0.252029
vt 0.800180 0.253705
vt 0.523163 0.068381
vt 0.523731 0.082403
vt 0.207201 0.835369
vt 0.210107 0.835076
vt 0.563101 0.626573
vt 0.119117 0.439640
vt 0.118609 0.442436
vt 0.668192 0.630077
vt 0.666800 0.632715
vt 0.986126 0.290699
vt 0.983266 0.290832
vt 0.341882 0.558226
vt 0.339188 0.560007
vt 0.317131 0.976402
vt 0.317055 0.982295
vt 0.759567 0.899262
vt 0.021658 0.924669
vt 0.234543 0.343304
vt 0.245970 0.338487
vt 0.243695 0.346165
vt 0.454288 0.002486
vt 0.243656 0.276281
vt 0.349617 0.398702
vt 0.347243 0.398378
vt 0.665061 0.571163
vt 0.663698 0.570751
vt 0.465547 0.752345
vt 0.972827 0.379728
vt 0.969890 0.380557
vt 0.388270 0.076581
vt 0.749423 0.411426
vt 0.408264 0.959327
vt 0.183505 0.918608
vt 0.546695 0.967878
vt 0.546695 0.982332
vt 0.853933 0.567101
vt 0.848076 0.567741
vt 0.259446 0.366659
vt 0.262987 0.367566
vt 0.262072 0.371669
vt 0.259446 0.372822
vt 0.942873 0.382104
vt 0.951392 0.380227
vt 0.901205 0.774229
vt 0.784069 0.003881
vt 0.462333 0.092572
vt 0.414134 0.943294
vt 0.499905 0.576836
vt 0.497944 0.576068
vt 0.526175 0.467939
vt 0.780969 0.264402
vt 0.780295 0.275494
vt 0.018845 0.945819
vt 0.026299 0.953865
vt 0.840852 0.614151
vt 0.510759 0.206945
vt 0.509808 0.192999
vt 0.515144 0.193913
vt 0.515144 0.208842
vt 0.956008 0.241697
vt 0.952237 0.230229
vt 0.956120 0.230357
vt 0.959127 0.241803
vt 0.636699 0.982176
vt 0.633122 0.982332
vt 0.616085 0.460478
vt 0.448723 0.029393
vt 0.543668 0.215147
vt 0.544980 0.203481
vt 0.547631 0.204058
vt 0.547631 0.216577
vt 0.117019 0.592091
vt 0.128599 0.590729
vt 0.183152 0.813128
vt 0.830728 0.445482
vt 0.853666 0.220478
vt 0.848739 0.221218
vt 0.872496 0.660521
vt 0.868329 0.662335
vt 0.105659 0.746925
vt 0.090237 0.748738
vt 0.843111 0.425419
vt 0.844651 0.424385
vt 0.861316 0.221544
vt 0.232986 0.184091
vt 0.229661 0.183042
vt 0.576459 0.979212
vt 0.673730 0.937310
vt 0.035481 0.683120
vt 0.478345 0.892709
vt 0.493082 0.893491
vt 0.492617 0.906725
vt 0.752861 0.640079
vt 0.754926 0.640099
vt 0.749257 0.653905
vt 0.747258 0.652511
vt 0.162764 0.529052
vt 0.159578 0.529067
vt 0.348710 0.644426
vt 0.347854 0.627204
vt 0.941244 0.461021
vt 0.387814 0.507798
vt 0.235578 0.205324
vt 0.237181 0.204701
vt 0.168001 0.432925
vt 0.058785 0.605861
vt 0.687464 0.489147
vt 0.495973 0.832275
vt 0.388150 0.315964
vt 0.391386 0.317131
vt 0.049503 0.778131
vt 0.597134 0.498622
vt 0.927188 0.133767
vt 0.929735 0.134587
vt 0.002588 0.723378
vt 0.141650 0.002501
vt 0.142322 0.010650
vt 0.136850 0.012376
vt 0.136850 0.002430
vt 0.033391 0.021564
vt 0.035097 0.020155
vt 0.123899 0.747916
vt 0.349628 0.593922
vt 0.602511 0.362582
vt 0.606416 0.362089
vt 0.606416 0.372420
vt 0.601183 0.372822
vt 0.263664 0.526714
vt 0.267627 0.526116
vt 0.267627 0.541443
vt 0.264476 0.541289
vt 0.940120 0.047162
vt 0.943658 0.048586
vt 0.910947 0.320025
vt 0.475009 0.218398
vt 0.473878 0.220117
vt 0.818192 0.720612
vt 0.825077 0.720892
vt 0.683765 0.877860
vt 0.242876 0.479564
vt 0.240179 0.479458
vt 0.333511 0.761114
vt 0.338788 0.759093
vt 0.887966 0.500856
vt 0.154796 0.552128
vt 0.156245 0.562198
vt 0.833407 0.933313
vt 0.870557 0.932125
vt 0.870949 0.937382
vt 0.642185 0.973471
vt 0.744567 0.520031
vt 0.002556 0.401220
vt 0.005702 0.400092
vt 0.448000 0.472860
vt 0.493355 0.573912
vt 0.495693 0.561795
vt 0.407241 0.969956
vt 0.312098 0.871745
vt 0.316835 0.871268
vt 0.528868 0.868380
vt 0.837045 0.326413
vt 0.833851 0.323732
vt 0.354912 0.284591
vt 0.357098 0.285126
vt 0.679124 0.537773
vt 0.090169 0.624283
vt 0.402476 0.429621
vt 0.594668 0.367056
vt 0.408161 0.474923
vt 0.408161 0.449273
vt 0.411497 0.451434
vt 0.957673 0.570835
vt 0.956807 0.567453
vt 0.661416 0.854916
vt 0.293607 0.535321
vt 0.292153 0.548523
vt 0.945343 0.137681
vt 0.936578 0.137681
vt 0.315584 0.299435
vt 0.313604 0.300114
vt 0.857027 0.084447
vt 0.856497 0.099468
vt 0.592759 0.262961
vt 0.382104 0.521466
vt 0.373381 0.522879
vt 0.884798 0.405309
vt 0.879549 0.403642
vt 0.932595 0.168650
vt 0.519954 0.443601
vt 0.522879 0.443210
vt 0.522879 0.457515
vt 0.519954 0.457906
vt 0.504850 0.541634
vt 0.277968 0.753091
vt 0.508192 0.767803
vt 0.865021 0.265546
vt 0.860325 0.266080
vt 0.278432 0.254324
vt 0.287738 0.254835
vt 0.746786 0.952761
vt 0.870310 0.615963
vt 0.872496 0.617003
vt 0.123380 0.327181
vt 0.125285 0.327960
vt 0.918290 0.785305
vt 0.162443 0.071633
vt 0.507785 0.247184
vt 0.514393 0.245054
vt 0.465655 0.962696
vt 0.457642 0.965315
vt 0.700782 0.965315
vt 0.060932 0.200242
vt 0.063426 0.201107
vt 0.176356 0.099851
vt 0.175735 0.108289
vt 0.172940 0.107639
vt 0.172940 0.098352
vt 0.409680 0.067344
vt 0.487298 0.799612
vt 0.487298 0.813399
vt 0.863644 0.210565
vt 0.064322 0.232707
vt 0.064322 0.219888
vt 0.068067 0.222073
vt 0.067689 0.233594
vt 0.311866 0.162466
vt 0.865872 0.663654
vt 0.690250 0.922978
vt 0.490393 0.549385
vt 0.371670 0.967108
vt 0.218124 0.433154
vt 0.212750 0.426456
vt 0.218124 0.416562
vt 0.681657 0.307953
vt 0.676005 0.296972
vt 0.678611 0.296835
vt 0.684263 0.307816
vt 0.191478 0.587852
vt 0.191478 0.575175
vt 0.194919 0.575135
vt 0.194919 0.587812
vt 0.196583 0.886419
vt 0.149100 0.203118
vt 0.167284 0.201651
vt 0.771943 0.905401
vt 0.464094 0.111525
vt 0.438015 0.249258
vt 0.438028 0.238850
vt 0.447077 0.244147
vt 0.447077 0.255252
vt 0.819893 0.326413
vt 0.974788 0.336034
vt 0.976831 0.337242
vt 0.682222 0.920831
vt 0.140962 0.979836
vt 0.611459 0.978186
vt 0.816914 0.157116
vt 0.825786 0.157367
vt 0.440250 0.379010
vt 0.131425 0.340335
vt 0.131425 0.327012
vt 0.134587 0.337831
vt 0.250462 0.725499
vt 0.265737 0.720436
vt 0.254251 0.500135
vt 0.813711 0.847232
vt 0.948298 0.425723
vt 0.121742 0.944338
vt 0.086368 0.177809
vt 0.087201 0.179743
vt 0.804576 0.157490
vt 0.456768 0.473376
vt 0.455089 0.472597
vt 0.826874 0.490091
vt 0.827348 0.478955
vt 0.603861 0.815349
vt 0.611481 0.816928
vt 0.745542 0.372822
vt 0.116178 0.334990
vt 0.120459 0.335328
vt 0.120664 0.343429
vt 0.114829 0.343429
vt 0.051701 0.042291
vt 0.052745 0.043211
vt 0.873453 0.730307
vt 0.728627 0.328102
vt 0.176434 0.214693
vt 0.155839 0.910692
vt 0.113562 0.693134
vt 0.083537 0.161199
vt 0.079429 0.170168
vt 0.491939 0.349057
vt 0.491296 0.365087
vt 0.488899 0.364314
vt 0.488726 0.349057
vt 0.892020 0.162433
vt 0.888862 0.161513
vt 0.981921 0.702802
vt 0.985426 0.702958
vt 0.597134 0.755162
vt 0.379840 0.051434
vt 0.482056 0.089725
vt 0.482056 0.073208
vt 0.484205 0.073825
vt 0.331398 0.142778
vt 0.729942 0.483401
vt 0.733268 0.483912
vt 0.074111 0.573862
vt 0.273704 0.015724
vt 0.271552 0.014790
vt 0.982210 0.805976
vt 0.164161 0.256634
vt 0.292469 0.953788
vt 0.306306 0.952906
vt 0.256799 0.273950
vt 0.256152 0.268193
vt 0.122211 0.554101
vt 0.118519 0.556913
vt 0.978926 0.039049
vt 0.974465 0.038855
vt 0.294066 0.668295
vt 0.930389 0.737451
vt 0.931282 0.749141
vt 0.064246 0.412478
vt 0.573728 0.012560
vt 0.575322 0.010711
vt 0.847745 0.669842
vt 0.882297 0.210549
vt 0.865981 0.547631
vt 0.533203 0.515283
vt 0.747993 0.861313
vt 0.103965 0.652774
vt 0.241778 0.675505
vt 0.287738 0.326413
vt 0.317761 0.048817
vt 0.318631 0.033673
vt 0.321772 0.035190
vt 0.321772 0.051050
vt 0.482658 0.571050
vt 0.906374 0.154907
vt 0.554101 0.595944
vt 0.246213 0.548207
vt 0.185638 0.625536
vt 0.572382 0.557630
vt 0.021658 0.939017
vt 0.900855 0.435358
vt 0.985983 0.481330
vt 0.990067 0.483147
vt 0.380069 0.390551
vt 0.385592 0.390499
vt 0.153825 0.897327
vt 0.614967 0.527577
vt 0.619048 0.518349
vt 0.623346 0.521386
vt 0.619264 0.530614
vt 0.440816 0.054088
vt 0.463076 0.504170
vt 0.466468 0.504315
vt 0.974838 0.195792
vt 0.977095 0.192779
vt 0.916722 0.643516
vt 0.547276 0.900183
vt 0.555044 0.901889
vt 0.896114 0.818595
vt 0.896529 0.820495
vt 0.723073 0.890007
vt 0.723216 0.902450
vt 0.782742 0.974597
vt 0.764208 0.095396
vt 0.762993 0.095913
vt 0.494087 0.476917
vt 0.138398 0.506581
vt 0.959282 0.354649
vt 0.956188 0.352373
vt 0.960674 0.337188
vt 0.960674 0.353423
vt 0.957119 0.128168
vt 0.125353 0.401776
vt 0.127753 0.401774
vt 0.128399 0.408403
vt 0.124943 0.408403
vt 0.655394 0.855234
vt 0.841388 0.897205
vt 0.899514 0.559820
vt 0.904265 0.559274
vt 0.882844 0.809809
vt 0.885252 0.809823
vt 0.438721 0.172647
vt 0.578624 0.982365
vt 0.512050 0.320225
vt 0.509333 0.314463
vt 0.512050 0.306039
vt 0.956299 0.372093
vt 0.959393 0.374369
vt 0.560063 0.307449
vt 0.615443 0.147206
vt 0.973050 0.102388
vt 0.969943 0.108289
vt 0.249064 0.617316
vt 0.800093 0.717277
vt 0.614908 0.118104
vt 0.695985 0.070712
vt 0.708280 0.071421
vt 0.258470 0.488653
vt 0.259941 0.484973
vt 0.713441 0.321772
vt 0.359278 0.986986
vt 0.361418 0.990067
vt 0.971503 0.865787
vt 0.151026 0.694738
vt 0.087210 0.394348
vt 0.089272 0.393716
vt 0.368631 0.471480
vt 0.371275 0.473425
vt 0.424500 0.594192
vt 0.870949 0.442436
vt 0.045943 0.669159
vt 0.881778 0.782383
vt 0.881703 0.797092
vt 0.493540 0.586305
vt 0.488848 0.583037
vt 0.218124 0.042179
vt 0.230974 0.410473
vt 0.214944 0.411497
vt 0.425869 0.006077
vt 0.442257 0.002540
vt 0.932974 0.174675
vt 0.939017 0.184402
vt 0.936062 0.187185
vt 0.821408 0.460037
vt 0.474767 0.759186
vt 0.117083 0.750285
vt 0.113562 0.748630
vt 0.089725 0.166691
vt 0.089725 0.171715
vt 0.087006 0.171573
vt 0.087594 0.167005
vt 0.312669 0.942984
vt 0.314936 0.940555
vt 0.941015 0.889513
vt 0.914265 0.311330
vt 0.036429 0.005623
vt 0.040221 0.003414
vt 0.040221 0.012223
vt 0.037225 0.013923
vt 0.403039 0.850839
vt 0.481333 0.409530
vt 0.484946 0.410492
vt 0.229575 0.854089
vt 0.824540 0.988938
vt 0.762016 0.151604
vt 0.759235 0.139550
vt 0.784142 0.809880
vt 0.775038 0.810617
vt 0.916093 0.947596
vt 0.924432 0.949327
vt 0.818870 0.968096
vt 0.824501 0.967701
vt 0.784329 0.758330
vt 0.795460 0.761199
vt 0.082369 0.040654
vt 0.083235 0.040990
vt 0.818655 0.274405
vt 0.436764 0.782933
vt 0.437795 0.787944
vt 0.502768 0.893811
vt 0.501955 0.906357
vt 0.876916 0.121583
vt 0.882022 0.120242
vt 0.075802 0.185947
vt 0.217834 0.547318
vt 0.219671 0.546658
vt 0.219671 0.559887
vt 0.218345 0.560007
vt 0.689329 0.162297
vt 0.102525 0.150057
vt 0.102525 0.134935
vt 0.106742 0.136679
vt 0.596320 0.199560
vt 0.130384 0.515934
vt 0.150576 0.804429
vt 0.945209 0.184059
vt 0.949845 0.184091
vt 0.009282 0.547646
vt 0.009282 0.561554
vt 0.002483 0.560955
vt 0.002977 0.548060
vt 0.920561 0.045115
vt 0.128660 0.054167
vt 0.126018 0.053248
vt 0.831075 0.939017
vt 0.706517 0.639881
vt 0.706970 0.651196
vt 0.338819 0.572138
vt 0.341882 0.573247
vt 0.058785 0.074424
vt 0.054186 0.077349
vt 0.054186 0.072610
vt 0.350556 0.888704
vt 0.294740 0.517534
vt 0.291935 0.505637
vt 0.650406 0.526550
vt 0.361612 0.277071
vt 0.122431 0.858983
vt 0.298567 0.148925
vt 0.297878 0.154698
vt 0.293935 0.153729
vt 0.293935 0.145533
vt 0.428513 0.576038
vt 0.428513 0.587852
vt 0.425547 0.587737
vt 0.425001 0.575259
vt 0.642923 0.092529
vt 0.101477 0.191825
vt 0.101477 0.181979
vt 0.105195 0.191327
vt 0.283097 0.385285
vt 0.280775 0.388292
vt 0.280775 0.381149
vt 0.986857 0.115625
vt 0.988592 0.119117
vt 0.250611 0.253181
vt 0.247271 0.253705
vt 0.097460 0.481884
vt 0.472046 0.267627
vt 0.517899 0.423872
vt 0.524137 0.414691
vt 0.983879 0.474605
vt 0.982798 0.474923
vt 0.917623 0.547868
vt 0.426312 0.458793
vt 0.430463 0.459453
vt 0.393311 0.192696
vt 0.396027 0.192199
vt 0.425554 0.556834
vt 0.430060 0.554754
s 1
usemtl tripo_mat_32372877-3193-469f-95e7-262d296b1971
f 100/1 102/2 96/3 80/4
f 3664/5 3645/6 3634/7 3619/8
f 140/9 160/10 145/11 122/12
f 3425/13 3426/14 3407/15 3406/16
f 3117/17 3268/18 3236/19 3088/20
f 2813/21 2750/22 2716/23 2786/24
f 4185/25 4385/26 4367/27 4231/28
f 3179/29 3180/30 3140/31 3139/32
f 3221/33 3290/34 3222/35 3104/36
f 19/37 38/38 30/39 14/40
f 1049/41 1025/42 1030/43 1048/44
f 3735/45 3830/46 3585/47 3528/48
f 3249/49 3250/50 3258/51 3214/52
f 3394/53 3403/54 3313/55 3312/56
f 2763/57 2594/58 2523/59 2684/60
f 4641/61 4704/62 4589/63 4588/64
f 21/65 24/66 22/67
f 690/68 660/69 537/70 648/71
f 125/72 126/73 105/74 104/75
f 120/76 94/77 93/78 119/79
f 4773/80 4779/81 4752/82 4726/83
f 3157/84 3171/85 3058/86 3044/87
f 3524/88 3559/89 3525/90 3477/91
f 1601/92 1687/93 1659/94 1574/95
f 27/96 33/97 28/98
f 1118/99 1151/100 1071/101 1050/102
f 1433/103 1451/104 1435/105 1412/106
f 130/107 160/108 140/109 109/110
f 4590/111 4591/112 4529/113 4528/114
f 4017/115 4167/116 4110/117 3964/118
f 3699/119 3973/120 3971/121 3700/122
f 3910/123 3962/124 3859/125 3799/126
f 945/127 967/128 952/129 920/130
f 2987/131 2968/132 2962/133 2967/134
f 2320/135 2474/136 2505/137 2319/138
f 3446/139 3436/140 3377/141 3396/142
f 3194/143 3237/144 3103/145 3065/146
f 2812/147 2813/148 2749/149 2748/150
f 2229/151 2230/152 2192/153 2191/154
f 1459/155 1510/156 1484/157 1439/158
f 2711/159 2847/160 2695/161 2518/162
f 3442/163 3451/164 3426/165 3425/166
f 2714/167 2746/168 2715/169 2680/170
f 938/171 995/172 981/173 939/174
f 91/175 73/176 71/177 90/178
f 1967/179 2032/180 2003/181 1968/182
f 1245/183 1297/184 1294/185 1244/186
f 55/187 61/188 56/189
f 1145/190 1175/191 1094/192 1066/193
f 3398/194 3347/195 3343/196 3397/197
f 2157/198 2334/199 2335/200 2158/201
f 70/202 90/203 71/204 59/205
f 2788/206 2684/207 2615/208 2754/209
f 87/210 95/211 70/212 60/213
f 2784/214 2929/215 2773/216 2628/217
f 4112/218 4148/219 3966/220 3965/221
f 3801/222 3751/223 3750/224 3800/225
f 676/226 628/227 599/228 675/229
f 1569/230 1632/231 1570/232 1535/233
f 1423/234 1464/235 1463/236 1427/237
f 3360/238 3484/239 3460/240 3349/241
f 1208/242 1277/243 1242/244 1169/245
f 1027/246 1056/247 1007/248 973/249
f 62/250 64/251 72/252
f 941/253 961/254 940/255 921/256
f 4470/257 4435/258 4404/259 4449/260
f 3682/261 3892/262 3844/263 3646/264
f 3373/265 3396/266 3384/267 3374/268
f 1442/269 1474/270 1461/271 1421/272
f 661/273 686/274 598/275 581/276
f 337/277 390/278 372/279 348/280
f 699/281 701/282 705/283 703/284
f 1783/285 1768/286 1721/287 1720/288
f 3382/289 3447/290 3375/291 3364/292
f 1770/293 1809/294 1749/295 1727/296
f 4080/297 4183/298 4082/299 4029/300
f 60/213 70/212 59/301 54/302
f 2499/303 2524/304 2313/305 2312/306
f 58/307 88/308 86/309
f 2247/310 2248/311 2124/312 2120/313
f 4550/314 4559/315 4494/316 4484/317
f 2812/318 2761/319 2750/320 2813/321
f 1218/322 1219/323 1200/324 1194/325
f 4374/326 4383/327 4347/328 4337/329
f 3709/330 3956/331 3818/332 3613/333
f 4401/334 4274/335 4262/336 4400/337
f 1830/338 1945/339 1944/340 1831/341
f 2900/342 2867/343 2718/344 2731/345
f 1509/346 1507/347 1503/348 1506/349
f 1431/350 1469/351 1441/352 1400/353
f 1428/354 1443/355 1415/356 1391/357
f 2550/358 2649/359 2574/360 2531/361
f 1160/362 1161/363 1149/364 1147/365
f 772/366 779/367 722/368 700/369
f 4287/370 4446/371 4403/372 4238/373
f 3992/374 4253/375 4209/376 3993/377
f 355/378 367/379 234/380 233/381
f 2482/382 2483/383 2430/384 2429/385
f 2770/386 2927/387 2888/388 2743/389
f 575/390 679/391 669/392 529/393
f 3062/394 3119/395 3092/396 3018/397
f 4621/398 4555/399 4531/400 4592/401
f 4227/402 4138/403 3994/404 4120/405
f 91/406 114/407 108/408
f 2288/409 2450/410 2399/411 2262/412
f 4306/413 4151/414 4150/415 4305/416
f 1285/417 1304/418 1239/419 1215/420
f 749/421 711/422 655/423 678/424
f 2517/425 2555/426 2467/427 2431/428
f 1948/429 1985/430 1949/431 1874/432
f 3336/433 3338/434 3320/435 3319/436
f 1952/437 1954/438 1735/439 1730/440
f 2782/441 2599/442 2573/443 2781/444
f 4604/445 4609/446 4601/447 4602/448
f 1698/449 1713/450 1678/451 1677/452
f 1831/453 1832/454 1654/455 1637/456
f 2409/457 2282/458 2281/459 2408/460
f 1893/461 1845/462 1843/463 1880/464
f 3181/465 3204/466 3178/467 3133/468
f 2442/469 2479/470 2443/471 2425/472
f 4776/473 4774/474 4765/475 4766/476
f 3478/477 3548/478 3502/479 3452/480
f 141/481 158/482 113/483 95/484
f 4381/485 4382/486 4237/487 4221/488
f 3863/489 3945/490 3886/491 3754/492
f 3603/493 3647/494 3578/495 3519/496
f 1702/497 1728/498 1603/499 1602/500
f 2314/501 2525/502 2500/503 2292/504
f 4580/505 4596/506 4526/507 4507/508
f 4001/509 4201/510 4075/511 3854/512
f 726/513 670/514 687/515 725/516
f 2864/517 2913/518 2846/519 2759/520
f 3119/521 3060/522 3091/523 3092/524
f 104/75 145/11 125/72
f 224/525 259/526 225/527 203/528
f 2586/529 2744/530 2654/531 2540/532
f 123/533 134/534 150/535
f 156/536 249/537 223/538 138/539
f 1657/540 1753/541 1658/542 1587/543
f 127/544 147/545 152/546
f 1662/547 1663/548 1581/549 1633/550
f 4397/551 4278/552 4239/553 4372/554
f 2850/555 2849/556 2848/557 2788/558
f 2388/559 2223/560 2200/561 2338/562
f 4684/563 4685/564 4598/565 4597/566
f 1709/567 1837/568 1821/569 1710/570
f 1071/571 1106/572 1069/573 1048/574
f 860/575 898/576 844/577 796/578
f 1862/579 1850/580 1790/581 1849/582
f 2036/583 2005/584 1889/585 1944/586
f 1511/587 1582/588 1512/589 1474/590
f 4169/591 4343/592 4327/593 4126/594
f 804/595 768/596 766/597 803/598
f 2210/599 2250/600 2188/601 2187/602
f 29/603 37/604 18/605 9/606
f 4658/607 4676/608 4675/609 4659/610
f 3315/611 3424/612 3314/613 3223/614
f 1528/615 1535/616 1526/617 1518/618
f 136/619 172/620 153/621
f 1248/622 1264/623 1207/624 1170/625
f 4525/626 4523/627 4524/628 4504/629
f 2181/630 2337/631 2311/632 2160/633
f 160/10 175/634 168/635
f 2389/636 2487/637 2339/638 2280/639
f 125/640 168/641 166/642
f 4452/643 4477/644 4471/645 4425/646
f 247/647 248/648 189/649 188/650
f 1174/651 1114/652 1102/653 1167/654
f 4194/655 4302/656 4261/657 4193/658
f 150/659 163/660 124/661 123/662
f 148/663 147/664 185/665
f 121/666 148/667 110/668 106/669
f 3891/670 4094/671 4063/672 3843/673
f 319/674 277/675 239/676 290/677
f 376/678 394/679 223/538 249/537
f 1215/420 1239/419 1204/680 1159/681
f 398/682 399/683 386/684 385/685
f 1772/686 1773/687 1663/548 1662/547
f 4353/688 4510/689 4492/690 4324/691
f 908/692 966/693 898/576 860/575
f 23/694 25/695 21/696 22/697
f 3766/698 3923/699 3767/700 3639/701
f 2747/702 2700/703 2541/704 2569/705
f 2450/410 2588/706 2560/707 2399/411
f 4330/708 4331/709 4155/710 4154/711
f 3782/712 3807/713 3560/714 3551/715
f 4051/716 4177/717 3938/718 3832/719
f 3392/720 3537/721 3485/722 3369/723
f 3274/724 3371/725 3275/726 3142/727
f 2146/728 2374/729 2366/730 2129/731
f 2835/732 2796/733 2752/734 2751/735
f 814/736 860/575 796/578 726/513
f 11/737 40/738 34/739 5/740
f 911/741 957/742 886/743 840/744
f 3825/745 3967/746 3930/747 3776/748
f 3967/749 4196/750 4168/751 3930/752
f 3260/753 3206/754 3141/755 3171/756
f 1261/757 1325/758 1284/759 1226/760
f 2483/761 2529/762 2460/763 2430/764
f 4069/765 4070/766 3782/767 3781/768
f 607/769 587/770 527/771 557/772
f 1378/773 1421/272 1420/774 1365/775
f 4553/776 4699/777 4669/778 4554/779
f 1687/93 1798/780 1754/781 1659/94
f 1925/782 2036/783 1945/339 1833/784
f 1003/785 1015/786 975/787 961/788
f 204/789 227/790 207/791
f 2887/792 3015/793 2941/794 2842/795
f 38/796 19/797 18/798 37/799
f 988/800 1004/801 968/802 946/803
f 1202/804 1205/805 1162/806 1161/807
f 4640/808 4690/809 4641/61 4588/64
f 4209/810 4337/811 4295/812 4200/813
f 2886/814 2925/815 2736/816 2691/817
f 4002/818 3941/819 3940/820 4003/821
f 4731/822 4729/823 4716/824 4715/825
f 442/826 451/827 400/828 424/829
f 2154/830 2171/831 2055/832 2054/833
f 949/834 972/835 953/836 925/837
f 1481/838 1519/839 1502/840 1480/841
f 2838/842 2732/843 2686/844 2768/845
f 68/846 35/847 34/848 67/849
f 535/850 612/851 561/852 481/853
f 184/854 190/855 246/856
f 188/857 187/858 247/859
f 868/860 869/861 793/862 792/863
f 189/864 248/865 190/855
f 510/866 497/867 361/868 372/869
f 644/870 719/871 685/872 613/873
f 1552/874 1598/875 1553/876 1497/877
f 175/878 251/879 228/880
f 217/881 216/882 243/883
f 2192/884 2209/885 2187/886 2186/887
f 727/888 708/889 663/890 709/891
f 1412/892 1418/893 1394/894 1393/895
f 218/896 246/897 254/898
f 120/76 159/899 130/107 94/77
f 194/900 251/901 175/902 159/899
f 4625/903 4722/904 4682/905 4595/906
f 660/69 645/907 514/908 537/70
f 2937/909 3006/910 2976/911 2919/912
f 1597/913 1652/914 1598/875 1552/874
f 1899/915 2029/916 1936/917 1864/918
f 162/919 264/920 194/921
f 788/922 855/923 856/924 837/925
f 3182/926 3220/927 3179/928 3139/929
f 2572/930 2780/931 2781/444 2573/443
f 3038/932 3053/933 2925/815 2886/814
f 1743/934 1931/935 1930/936 1800/937
f 693/938 627/939 653/940 692/941
f 4664/942 4671/943 4574/944 4573/945
f 1176/946 1230/947 1163/948 1116/949
f 1877/950 1910/951 1746/952 1711/953
f 2021/954 2114/955 1903/956 1794/957
f 3734/958 4023/959 3931/960 3654/961
f 235/962 239/676 277/675
f 3011/963 2822/964 2807/965 2980/966
f 2761/319 2747/702 2569/705 2613/967
f 610/968 657/969 559/970 450/971
f 4743/972 4759/973 4744/974 4736/975
f 4175/976 3972/977 3971/121 4174/978
f 253/979 252/980 281/981
f 3093/982 3196/983 3118/984 3061/985
f 1359/986 1360/987 1336/988 1335/989
f 1415/990 1416/991 1385/992 1380/993
f 2696/994 2771/995 2772/996 2697/997
f 2222/998 2238/999 2105/1000 2072/1001
f 3192/1002 3219/1003 3180/1004 3136/1005
f 226/1006 287/1007 288/1008
f 4120/1009 3994/1010 3811/1011 3949/1012
f 4428/1013 4439/1014 4390/1015 4384/1016
f 2685/1017 2852/1018 2800/1019 2642/1020
f 167/1021 166/642 293/1022
f 2226/1023 2167/1024 2138/1025 2202/1026
f 176/1027 294/1028 240/1029
f 255/1030 254/1031 266/1032
f 3489/1033 3464/1034 3463/1035 3488/1036
f 245/1037 296/1038 297/1039
f 508/1040 548/1041 509/1042 490/1043
f 172/620 299/1044 192/1045
f 1541/1046 1573/1047 1493/1048 1488/1049
f 3224/1050 3225/1051 3084/1052 3090/1053
f 510/1054 567/1055 458/1056 430/1057
f 2493/1058 2656/1059 2632/1060 2494/1061
f 2501/1062 2502/1063 2317/1064 2316/1065
f 627/1066 666/1067 596/1068 520/1069
f 2373/1070 2439/1071 2412/1072 2343/1073
f 256/1074 269/1075 306/1076
f 3089/1077 3223/614 3090/1078 3004/1079
f 2230/1080 2269/1081 2209/1082 2192/1083
f 2461/1084 2548/1085 2509/1086 2418/1087
f 4134/1088 4251/1089 4068/1090 3948/1091
f 4710/1092 4772/1093 4751/1094 4674/1095
f 1931/1096 1821/1097 1837/1098 1930/1099
f 3353/1100 3380/1101 3304/1102 3276/1103
f 3687/1104 3761/1105 3608/1106 3534/1107
f 2858/1108 3021/1109 3009/1110 2857/1111
f 2920/1112 2939/1113 2735/1114 2734/1115
f 286/1116 312/1117 317/1118
f 286/1119 317/1120 287/1007
f 275/1121 318/1122 315/1123
f 1744/1124 1976/1125 1907/1126 1745/1127
f 784/1128 852/1129 785/1130 723/1131
f 2740/1132 2861/1133 2860/1134 2739/1135
f 320/1136 322/1137 323/1138
f 3660/1139 3790/1140 3791/1141 3661/1142
f 2354/1143 2242/1144 2199/1145 2313/1146
f 903/1147 865/1148 863/1149 899/1150
f 2419/1151 2422/1152 2417/1153 2416/1154
f 2689/1155 2527/1156 2508/1157 2665/1158
f 4383/327 4362/1159 4240/1160 4267/1161
f 779/367 807/1162 744/1163 722/368
f 4102/1164 4137/1165 4139/1166 3996/1167
f 4506/1168 4535/1169 4427/1170 4389/1171
f 2772/996 2944/1172 2945/1173 2862/1174
f 3359/1175 3376/1176 3356/1177 3346/1178
f 2678/1179 2740/1132 2739/1135 2669/1180
f 4569/1181 4519/1182 4502/1183 4558/1184
f 3137/1185 3135/1186 3131/1187 3136/1188
f 324/1189 338/1190 353/1191 296/1192
f 1277/1193 1300/1194 1275/1195 1242/1196
f 4659/1197 4688/1198 4660/1199 4653/1200
f 983/1201 1000/1202 999/1203 988/1204
f 2034/1205 2032/180 1967/179 2033/1206
f 3111/1207 3128/1208 3022/1209 3010/1210
f 4635/1211 4720/1212 4702/1213 4613/1214
f 2325/1215 2326/1216 2253/1217 2213/1218
f 835/1219 890/1220 891/1221 845/1222
f 1631/1223 1608/1224 1612/1225 1611/1226
f 1873/1227 1872/1228 1776/1229 1871/1230
f 676/1231 674/1232 673/1233 628/1234
f 114/1235 91/175 90/178 113/1236
f 1514/1237 1656/1238 1639/1239 1513/1240
f 4265/1241 4275/1242 4094/1243 4064/1244
f 936/1245 876/1246 875/1247 933/1248
f 1038/1249 1117/1250 1096/1251 1033/1252
f 2718/344 2719/1253 2502/1254 2501/1255
f 2599/1256 2411/1257 2410/1258 2573/1259
f 473/1260 490/1043 474/1261 472/1262
f 1658/1263 1817/1264 1702/497 1602/500
f 720/1265 739/1266 693/1267 692/1268
f 3818/1269 3858/1270 3663/1271 3629/1272
f 4613/1273 4702/1274 4701/1275 4607/1276
f 2329/1277 2286/1278 2257/1279 2307/1280
f 1679/1281 1680/1282 1675/1283 1678/1284
f 264/1285 359/1286 291/1287
f 3542/1288 3498/1289 3496/1290 3540/1291
f 640/1292 734/1293 698/1294 609/1295
f 221/1296 375/1297 366/1298 222/1299
f 3253/1300 3273/1301 3237/144 3238/1302
f 547/1303 540/1304 539/1305 508/1306
f 269/1307 326/1308 364/1309
f 1853/1310 1902/1311 1686/1312 1640/1313
f 4358/1314 4359/1315 4172/1316 4171/1317
f 4196/750 4368/1318 4354/1319 4168/751
f 1025/1320 1051/1321 1021/1322 993/1323
f 4643/1324 4742/1325 4691/1326 4565/1327
f 2378/1328 2350/1329 2198/1330 2237/1331
f 448/1332 501/1333 396/1334 395/1335
f 2443/1336 2481/1337 2462/1338 2426/1339
f 436/1340 575/390 529/393 433/1341
f 4210/1342 4211/1343 4072/1344 4099/1345
f 2401/1346 2570/1347 2543/1348 2379/1349
f 2893/1350 2948/1351 2932/1352 2894/1353
f 4708/1354 4739/1355 4671/1356 4664/1357
f 3455/1358 3416/1359 3379/1360 3430/1361
f 2896/1362 2865/1363 2762/1364 2787/1365
f 4128/1366 3894/1367 3847/1368 4066/1369
f 3443/1370 3442/163 3425/166 3429/1371
f 2175/1372 2128/1373 2127/1374 2174/1375
f 3663/1376 3858/1377 3662/1378 3538/1379
f 3938/718 3976/1380 3705/1381 3657/1382
f 179/1383 181/1384 177/1385 178/1386
f 378/1387 386/1388 387/1389
f 1092/1390 1102/653 1087/1391 1086/1392
f 300/1393 347/1394 388/1395
f 1944/1396 1889/1397 1832/454 1831/453
f 1271/1398 1291/1399 1272/1400 1235/1401
f 3621/1402 3871/1403 3872/1404 3622/1405
f 2754/209 2615/208 2593/1406 2753/1407
f 1012/1408 1063/1409 1055/1410 1006/1411
f 1049/1412 1074/1413 1051/1321 1025/1320
f 2993/1414 3074/1415 3073/1416 2989/1417
f 1224/1418 1269/1419 1255/1420 1214/1421
f 808/1422 847/1423 818/1424 748/1425
f 1734/1426 1799/1427 1836/1428 1666/1429
f 3508/1430 3739/1431 3699/1432 3507/1433
f 385/1434 386/1435 378/1436 384/1437
f 3020/1438 2938/1439 2903/1440 2977/1441
f 1759/1442 1776/1443 1741/1444 1732/1445
f 299/1446 298/1447 408/1448
f 4711/1449 4684/1450 4668/1451 4698/1452
f 298/1453 327/1454 408/1455
f 1516/1456 1525/1457 1515/1458 1504/1459
f 379/1460 411/1461 381/1462
f 1699/1463 1722/1464 1700/1465 1682/1466
f 3716/1467 3719/1468 3711/1469 3710/1470
f 2415/1471 2476/1472 2363/1473 2329/1474
f 1296/1475 1298/1476 1246/1477 1234/1478
f 305/1479 353/1480 338/1481 304/1482
f 3615/1483 3616/1484 3575/1485 3574/1486
f 255/1487 295/1488 245/1037 219/1489
f 4013/1490 4056/1491 4014/1492 4005/1493
f 353/1494 418/1495 354/1496
f 247/1497 328/1498 419/1499
f 4040/1500 4224/1501 4225/1502 4042/1503
f 3784/1504 3738/1505 3506/1506 3550/1507
f 2866/1508 2881/1509 2729/1510 2717/1511
f 3567/1512 3569/1513 3565/1514 3566/1515
f 3656/1516 3505/1517 3455/1358 3586/1518
f 399/683 398/682 424/1519
f 399/1520 424/829 400/828
f 3799/1521 3718/1522 3717/1523 3798/1524
f 2289/1525 2130/1526 2103/1527 2236/1528
f 2798/1529 2899/1530 2897/1531 2776/1532
f 321/1533 335/1534 322/1535 320/1536
f 3854/512 4075/511 3999/1537 3785/1538
f 363/1539 365/1540 429/1541
f 417/1542 293/1543 301/1544 416/1545
f 4576/1546 4636/1547 4614/1548 4556/1549
f 1549/1550 1623/1551 1523/1552 1475/1553
f 2025/1554 2058/1555 1855/1556 1801/1557
f 4636/1558 4694/1559 4672/1560 4614/1561
f 259/526 312/1562 286/1563 225/527
f 2601/1564 2840/1565 2801/1566 2562/1567
f 2713/1568 2558/1569 2557/1570 2712/1571
f 809/1572 810/1573 759/1574 758/1575
f 1591/1576 1645/1577 1492/1578 1485/1579
f 4418/1580 4511/1581 4500/1582 4400/1583
f 248/1584 439/1585 329/1586
f 2099/1587 2100/1588 1911/1589 1989/1590
f 2307/1591 2257/1592 2252/1593 2306/1594
f 1914/1595 1915/1596 1826/1597 1812/1598
f 2071/1599 2207/1600 2181/1601 2042/1602
f 2570/1603 2730/1604 2704/1605 2543/1606
f 3622/1607 3467/1608 3466/1609 3621/1610
f 549/1611 566/1612 550/1613 519/1614
f 3201/1615 3217/1616 3175/1617 3169/1618
f 2672/1619 2742/1620 2582/1621 2491/1622
f 3251/1623 3267/1624 3116/1625 3095/1626
f 3178/1627 3204/1628 3040/1629 3030/1630
f 3240/1631 3279/1632 3277/1633 3207/1634
f 2291/1635 2241/1636 2059/1637 2108/1638
f 1079/1639 1097/1640 1040/1641 1037/1642
f 357/1643 345/1644 288/1645 318/1646
f 3498/1289 3577/1647 3543/1648 3499/1649
f 3384/267 3385/1650 3381/1651 3374/268
f 2394/1652 2527/1653 2547/1654 2371/1655
f 1339/1656 1353/1657 1285/417 1276/1658
f 2309/1659 2396/1660 2330/1661 2231/1662
f 1463/1663 1513/1664 1499/1665 1454/1666
f 2805/1667 2820/1668 2664/1669 2646/1670
f 3173/1671 3144/1672 3086/1673 3100/1674
f 2009/1675 2010/1676 1858/1677 1881/1678
f 388/1395 437/1679 470/1680
f 388/1681 470/1682 428/1683
f 2669/1684 2670/1685 2575/1686 2574/1687
f 4657/1688 4658/607 4653/1689 4652/1690
f 1632/231 1706/1691 1644/1692 1570/232
f 2581/1693 2624/1694 2605/1695 2566/1696
f 2480/1697 2531/1698 2532/1699 2511/1700
f 2035/1701 2066/1702 2017/1703 2016/1704
f 1574/1705 1588/1706 1558/1707 1557/1708
f 3085/1709 3109/1710 3048/1711 3033/1712
f 2347/1713 2447/1714 2348/1715 2232/1716
f 1426/1717 1444/1718 1406/1719 1377/1720
f 1823/1721 1766/1722 1725/1723 1767/1724
f 3819/1725 3880/1726 3797/1727 3719/1468
f 315/1728 318/1729 288/1730 287/1731
f 2893/1350 2894/1353 2890/1732 2892/1733
f 4259/1734 4260/1735 4191/1736 4190/1737
f 405/1738 404/1739 489/1740
f 1786/1741 1882/1742 1883/1743 1825/1744
f 473/1745 492/1746 490/1747
f 3756/1748 3802/1749 3755/1750 3722/1751
f 40/738 74/1752 67/1753 34/739
f 1077/1754 1169/245 1125/1755 1057/1756
f 392/1757 458/1758 495/1759
f 3793/1760 3836/1761 3835/1762 3787/1763
f 373/1764 496/1765 438/1766
f 856/1767 872/1768 862/1769 837/1770
f 1295/1771 1294/1772 1288/1773 1287/1774
f 2973/1775 3080/1776 3043/1777 2928/1778
f 1645/1779 1672/1780 1707/1781 1539/1782
f 2383/1783 2362/1784 2328/1785 2363/1786
f 2478/1787 2480/1788 2442/469 2440/1789
f 3953/1790 4178/1791 4121/1792 3902/1793
f 2821/1794 2995/1795 2906/1796 2737/1797
f 444/1798 502/1799 443/1800 401/1801
f 1462/1802 1465/1803 1426/1717 1420/1804
f 1927/1805 1891/1806 1773/1807 1772/1808
f 3243/1809 3147/1810 3083/1811 3174/1812
f 354/1496 297/1039 296/1038 353/1494
f 689/1813 725/1814 687/1815 643/1816
f 4229/1817 4282/1818 4058/1819 3980/1820
f 301/1544 228/880 251/879 291/1821
f 294/1028 389/1822 347/1394 240/1029
f 3293/1823 3278/1824 3244/1825 3257/1826
f 408/1455 438/1766 511/1827
f 365/1828 432/1829 512/1830
f 239/676 235/962 202/1831 238/1832
f 425/1833 505/1834 513/1835
f 1143/1836 1157/1837 1142/1838 1121/1839
f 2325/1840 2490/1841 2459/1842 2326/1843
f 4665/1844 4590/111 4616/1845 4649/1846
f 427/1847 457/1848 516/1849
f 2585/1850 2608/1851 2555/426 2517/425
f 3936/1852 4026/1853 3937/1854 3741/1855
f 404/1739 519/1856 520/1069
f 666/1067 739/1857 719/871 644/870
f 2787/1858 2762/1859 2590/1860 2638/1861
f 391/1862 604/1863 585/1864 390/1865
f 51/1866 48/1867 47/1868 46/1869
f 719/1870 739/1871 720/1872 762/1873
f 1533/1874 1618/1875 1576/1876 1516/1877
f 2852/1018 2685/1017 2705/1878 2851/1879
f 2418/1880 2421/1881 2416/1882 2417/1883
f 951/1884 883/1885 876/1246 936/1245
f 341/1886 374/1887 258/1888 220/1889
f 3310/1890 3434/1891 3360/238 3268/1892
f 2206/1893 2099/1894 2148/1895 2159/1896
f 2540/1897 2654/1898 2397/1899 2310/1900
f 4709/1901 4767/1902 4707/1903 4650/1904
f 2922/1905 3070/1906 3007/1907 2817/1908
f 4459/1909 4541/1910 4514/1911 4434/1912
f 3208/1913 3209/1914 3241/1915 3228/1916
f 4524/1917 4551/1918 4487/1919 4451/1920
f 303/1921 305/1922 254/898 246/897
f 455/1923 538/1924 504/1925
f 2706/1926 2525/1927 2486/1928 2675/1929
f 1445/1930 1446/1931 1414/1932 1409/1933
f 4391/1934 4399/1935 4270/1936 4256/1937
f 2780/1938 2970/1939 2964/1940 2781/1941
f 1107/1942 1155/1943 1130/1944 1074/1945
f 426/1946 456/1947 544/1948
f 95/484 113/483 90/203 70/202
f 3195/1949 3254/1950 3239/1951 3194/143
f 437/1679 546/1952 470/1680
f 4187/1953 4194/655 4193/658 4188/1954
f 1619/1955 1622/1956 1615/1957 1614/1958
f 3204/1959 3235/1960 3057/1961 3040/1962
f 2851/1963 2705/1964 2706/1965 2816/1966
f 2345/1967 2364/1968 2287/1969 2308/1970
f 3977/1971 3744/1972 3705/1973 3976/1974
f 2675/1929 2486/1928 2457/1975 2640/1976
f 371/1977 406/1978 302/1979 280/1980
f 362/1981 511/1982 391/1983
f 963/1984 996/1985 983/1986 944/1987
f 418/1988 556/1989 498/1990
f 2612/1991 2711/159 2518/162 2398/1992
f 4029/1993 4002/1994 3769/1995 3768/1996
f 4690/809 4753/1997 4746/1998 4641/61
f 621/1999 656/2000 558/2001 501/2002
f 4090/2003 3963/2004 3962/2005 4089/2006
f 1122/2007 1131/2008 1120/2009 1110/2010
f 649/2011 653/2012 582/2013 565/2014
f 1090/2015 1093/2016 1086/2017 1085/2018
f 2758/2019 2843/2020 2744/2021 2653/2022
f 3852/2023 3875/2024 3687/1104 3674/2025
f 1858/1677 1859/2026 1769/2027 1768/2028
f 4749/2029 4743/2030 4734/2031 4733/2032
f 404/1739 405/1738 263/2033 293/2034
f 3118/2035 3196/2036 3066/2037 3047/2038
f 3241/1915 3161/2039 3129/2040 3228/1916
f 2076/2041 2077/2042 2002/2043 2001/2044
f 1987/2045 2025/1554 1801/1557 1761/2046
f 2425/2047 2443/1336 2426/1339 2419/2048
f 4639/2049 4640/2050 4588/2051 4599/2052
f 3655/2053 3735/45 3528/48 3481/2054
f 2640/1976 2457/1975 2456/2055 2639/2056
f 1216/2057 1247/2058 1218/2059 1168/2060
f 848/2061 877/2062 847/1423 808/1422
f 4386/2063 4488/2064 4468/2065 4381/2066
f 900/2067 1013/2068 999/2069 901/2070
f 540/2071 579/2072 580/2073
f 4182/2074 4270/2075 4247/2076 4145/2077
f 490/1043 509/1042 493/2078 474/1261
f 3906/2079 4015/2080 3907/2081 3820/2082
f 552/2083 583/2084 554/2085
f 3153/2086 3151/2087 3148/2088 3152/2089
f 933/2090 932/2091 881/2092 880/2093
f 3645/6 3664/5 3631/2094 3616/2095
f 3158/2096 3159/2097 3121/2098 3120/2099
f 4360/2100 4333/2101 4156/2102 4197/2103
f 474/2104 494/2105 475/2106 472/2107
f 1225/2108 1261/2109 1226/2110 1202/2111
f 1856/2112 1933/2113 1712/2114 1653/2115
f 489/1740 596/1068 538/1924
f 469/2116 597/2117 487/2118
f 4493/2119 4509/2120 4323/2121 4301/2122
f 378/1387 387/1389 379/1460 377/2123
f 470/1682 600/2124 545/2125
f 470/2126 546/2127 600/2128
f 1366/2129 1387/2130 1330/2131 1304/418
f 2147/2132 2159/2133 2024/2134 1932/2135
f 497/2136 511/1982 362/1981 361/2137
f 3085/2138 3033/2139 3008/2140 3072/2141
f 4132/2142 4157/2143 3897/2144 3869/2145
f 419/1499 499/2146 606/2147
f 3993/2148 4209/810 4200/813 3973/2149
f 2492/2150 2672/1619 2491/1622 2331/2151
f 1689/2152 1703/2153 1606/2154 1575/2155
f 1497/877 1553/876 1495/2156 1479/2157
f 2320/135 2208/2158 2228/2159 2301/2160
f 3899/2161 3870/2162 3606/2163 3624/2164
f 1693/2165 1731/2166 1694/2167 1635/2168
f 212/2169 216/2170 217/2171 213/2172
f 1023/2173 1024/2174 902/2175 892/2176
f 4413/2177 4414/2178 4363/2179 4362/2180
f 2773/2181 2929/2182 2880/2183 2774/2184
f 2174/1375 2127/1374 2115/2185 2156/2186
f 1615/1957 1541/2187 1540/2188 1614/1958
f 471/2189 617/2190 507/2191
f 521/2192 585/2193 615/2194
f 427/2195 447/2196 360/2197 346/2198
f 567/2199 600/2200 618/2201
f 3081/2202 3098/2203 3001/2204 2944/1172
f 1729/2205 1925/782 1833/784 1690/2206
f 962/2207 976/2208 963/2209 943/2210
f 893/2211 958/2212 936/2213 882/2214
f 1246/1477 1230/947 1176/946 1185/2215
f 3430/2216 3379/2217 3350/2218 3399/2219
f 560/2220 623/2221 624/2222
f 1282/2223 1341/2224 1347/2225 1283/2226
f 420/2227 590/2228 576/2229 412/2230
f 584/2231 626/2232 579/2072
f 520/2233 551/2234 627/2235
f 3068/2236 2978/2237 2965/2238 3064/2239
f 17/2240 20/2241 10/2242 13/2243
f 506/2244 507/2245 617/2246
f 2977/2247 2903/2248 2838/842 2952/2249
f 600/2250 546/2251 545/2252
f 603/2253 619/2254 605/2255
f 1264/2256 1313/2257 1305/2258 1256/2259
f 825/2260 839/2261 801/2262 735/2263
f 3191/2264 3202/2265 3168/2266 3154/2267
f 861/2268 853/2269 797/2270 815/2271
f 439/1585 632/2272 524/2273
f 3474/2274 3501/2275 3473/2276 3462/2277
f 526/2278 476/2279 459/2280 525/2281
f 3254/2282 3269/2283 3106/2284 3097/2285
f 3870/2162 3868/2286 3607/2287 3606/2163
f 2200/561 2061/2288 2012/2289 2133/2290
f 1593/2291 1613/2292 1538/2293 1530/2294
f 543/2295 637/2296 638/2297
f 1083/2298 1073/2299 1072/2300 1082/2301
f 546/2302 629/2303 545/2125
f 769/2304 740/2305 729/2306 767/2307
f 2153/2308 2113/2309 2067/2310 2144/2311
f 1895/2312 1897/2313 1848/2314 1847/2315
f 563/2316 642/2317 643/2318
f 43/2319 44/2320 25/695 23/694
f 2303/2321 2270/2322 2268/2323 2302/2324
f 4391/1934 4508/2325 4497/2326 4399/1935
f 517/2327 543/2328 447/2196 427/2195
f 1401/2329 1423/2330 1427/2331 1390/2332
f 714/2333 706/2334 683/2335 682/2336
f 517/2337 616/2338 650/2339
f 1154/2340 1158/2341 1100/2342 1091/2343
f 582/2344 653/2345 602/2346
f 1250/2347 1265/2348 1213/2349 1197/2350
f 618/2351 628/2352 630/2353
f 1882/1742 1995/2354 1994/2355 1883/1743
f 432/2356 524/2273 655/423
f 53/2357 38/796 37/799 52/2358
f 3225/2359 3274/724 3142/727 3084/2360
f 4420/2361 4308/2362 4274/335 4401/334
f 3606/2163 3607/2287 3445/2363 3444/2364
f 4315/2365 4412/2366 4395/2367 4290/2368
f 2103/1527 1956/2369 1955/2370 2102/2371
f 1045/2372 1100/2373 1080/2374 1042/2375
f 595/2376 662/2377 661/273
f 3581/2378 3559/2379 3521/2380 3546/2381
f 965/2382 977/2383 955/2384 907/2385
f 2891/2386 2914/2387 2892/1733 2890/1732
f 3913/2388 3912/2389 3861/2390 3911/2391
f 226/2392 204/2393 203/528 225/527
f 818/2394 790/2395 774/2396 806/2397
f 6/2398 14/2399 7/2400 2/2401
f 838/2402 804/2403 803/2404 821/2405
f 4727/2406 4753/2407 4690/2408 4680/2409
f 1185/2410 1176/2411 1115/2412 1137/2413
f 818/2394 847/2414 828/2415 790/2395
f 3842/2416 3729/2417 3680/2418 3841/2419
f 1198/2420 1199/2421 1065/2422 1062/2423
f 606/2424 632/2425 439/2426 419/2427
f 3964/2428 4110/2429 4111/2430 4086/2431
f 4171/2432 3920/2433 3894/1367 4128/1366
f 4231/2434 4367/2435 4322/2436 4184/2437
f 1644/1692 1778/2438 1740/2439 1609/2440
f 664/2441 628/1234 673/1233
f 1901/2442 1940/2443 1898/2444 1867/2445
f 1114/652 1099/2446 1087/1391 1102/653
f 2800/1019 2969/2447 2953/2448 2789/2449
f 1119/2450 1141/2451 1058/2452 1052/2453
f 748/1425 731/2454 654/2455 730/2456
f 633/2457 635/2458 682/2336
f 4015/2080 4233/2459 4124/2460 3907/2081
f 1664/2461 1665/2462 1546/2463 1545/2464
f 613/873 685/872 640/2465
f 504/2466 533/2467 451/2468 442/2469
f 4718/2470 4763/2471 4764/2472 4748/2473
f 611/2474 687/515 670/514
f 3403/2475 3471/2476 3370/2477 3313/2478
f 2733/2479 2903/1440 2938/1439 2756/2480
f 3250/50 3249/49 3201/1615 3200/2481
f 517/2337 650/2339 637/2482 543/2483
f 10/2484 20/2485 11/2486 4/2487
f 338/1190 324/1189 279/2488 278/2489
f 1797/2490 1830/338 1637/2491 1638/2492
f 4044/2493 4100/2494 4026/2495 3936/2496
f 866/2497 823/2498 822/2499 865/2500
f 1913/2501 1958/2502 1846/2503 1809/294
f 4162/2504 4245/2505 4202/2506 4106/2507
f 2744/530 2843/2508 2741/2509 2654/531
f 3190/2510 3191/2264 3154/2267 3150/2511
f 152/546 176/1027 165/2512 134/2513
f 1625/2514 1705/2515 1704/2516 1626/2517
f 2/2518 7/2519 3/2520 1/2521
f 1199/2522 1282/2223 1283/2226 1190/2523
f 4620/2524 4645/2525 4567/2526 4548/2527
f 2253/1217 2326/1216 2306/1594 2252/1593
f 4095/2528 4286/2529 4285/2530 4096/2531
f 829/2532 894/2533 889/2534 830/2535
f 940/2536 960/2537 942/2538 922/2539
f 4218/2540 4419/2541 4380/2542 4219/2543
f 647/2544 663/2545 708/2546
f 2519/2547 2520/2548 2368/2549 2399/411
f 567/2550 618/2551 495/2552 458/2553
f 19/797 13/2554 10/2555 18/798
f 556/2556 710/2557 677/2558
f 1408/2559 1409/2560 1384/2561 1383/2562
f 1595/2563 1624/2564 1594/2565 1571/2566
f 1850/2567 1851/2568 1793/2569 1790/2570
f 1032/2571 1064/2572 1023/2573 1039/2574
f 1654/2575 1832/2576 1818/2577 1655/2578
f 672/2579 714/2580 682/2581
f 2871/2582 3028/2583 3021/2584 2858/2585
f 932/2586 955/2587 908/692 881/2588
f 977/2589 1011/2590 998/2591 966/2592
f 1842/2593 1824/2594 1806/2595 1765/2596
f 3066/2597 3108/2598 3003/2599 2931/2600
f 642/2317 723/2601 688/2602
f 4407/2603 4408/2604 4411/2605 4396/2606
f 637/2482 724/2607 715/2608
f 4180/2609 4228/2610 4143/2611 4077/2612
f 542/2613 625/2614 601/2615 548/2616
f 702/2617 712/2618 608/2619 620/2620
f 675/2621 729/2306 676/1231
f 2310/1900 2397/1899 2309/1659 2218/2622
f 606/2147 654/2455 731/2454
f 1622/2623 1661/2624 1616/2625 1615/2626
f 1249/2627 1319/2628 1306/2629 1243/2630
f 394/2631 557/772 527/771 375/2632
f 4140/2633 4103/2634 3997/2635 4046/2636
f 650/2339 674/2637 736/2638
f 287/2639 317/2640 316/2641 315/2642
f 689/2643 688/2602 738/2644
f 3666/2645 3729/2417 3695/2646 3635/2647
f 4550/2648 4604/445 4602/448 4559/2649
f 1184/2650 1134/2651 1133/2652 1179/2653
f 632/2272 741/2654 678/424
f 1751/2655 1724/2656 1726/2657 1750/2658
f 703/284 705/283 706/2659
f 953/2660 990/2661 954/2662 925/2663
f 2402/2664 2595/2665 2570/1603 2401/2666
f 2567/2667 2579/2668 2537/2669 2514/2670
f 3602/2671 3682/261 3646/264 3555/2672
f 664/2673 673/2674 616/2675 615/2676
f 684/2677 744/1163 745/2678
f 924/2679 949/834 925/837 896/2680
f 725/2681 747/2682 726/2683
f 1930/936 1949/2684 1835/2685 1800/937
f 2338/562 2200/561 2133/2290 2275/2686
f 3729/2417 3666/2645 3644/2687 3680/2418
f 697/2688 695/2689 750/2690
f 3219/2691 3235/2692 3204/2693 3181/2694
f 572/2695 604/2696 391/2697 511/2698
f 417/2699 518/2700 404/2701 293/2702
f 4355/2703 4486/2704 4457/2705 4307/2706
f 158/2707 164/2708 114/1235 113/1236
f 2537/2669 2580/2709 2529/762 2483/761
f 3279/2710 3280/2711 3162/2712 3185/2713
f 696/2714 713/2715 694/2716
f 694/2717 713/2718 756/2719
f 2533/2720 2534/2721 2463/2722 2462/1338
f 684/2677 707/2723 636/2724 614/2725
f 2630/2726 2631/2727 2519/2728 2560/2729
f 3415/2730 3504/2731 3483/2732 3383/2733
f 4038/2734 3736/2735 3698/2736 3991/2737
f 605/2255 619/2254 607/2738 588/2739
f 717/2740 760/2741 761/2742
f 707/2743 762/2744 720/2745
f 4725/2746 4751/2747 4760/2748 4712/2749
f 660/2750 690/2751 763/2752
f 362/1981 391/1983 336/2753 340/2754
f 3820/2755 3907/2756 3821/2757 3714/2758
f 2259/2759 2203/2760 2193/2761 2170/2762
f 1447/2763 1483/2764 1469/351 1431/350
f 332/2765 368/2766 311/2767 260/2768
f 2667/2769 2668/2770 2580/2771 2651/2772
f 1053/2773 1181/2774 1173/2775 1043/2776
f 3289/2777 3298/2778 3182/2779 3155/2780
f 363/1539 353/2781 305/1922 303/1921
f 3010/1210 3022/1209 2859/2782 2820/2783
f 3765/2784 3954/2785 3833/2786 3659/2787
f 3370/2788 3472/2789 3371/725 3274/724
f 1390/2790 1383/2562 1359/2791 1379/2792
f 3131/2793 3135/2794 3134/2795 3132/2796
f 547/2797 584/2231 579/2072 540/2071
f 2110/2798 2136/2799 2034/1205 2033/1206
f 2905/2800 3051/2801 3075/2802 2923/2803
f 2223/560 2074/2804 2061/2288 2200/561
f 4033/2805 4162/2806 4107/2807 4030/2808
f 767/2307 768/2809 769/2304
f 436/1340 433/1341 381/2810 411/2811
f 2774/2184 2880/2183 2844/2812 2809/2813
f 1504/2814 1515/2815 1505/2816 1503/348
f 4744/2817 4738/2818 4737/2819 4736/2820
f 4297/2821 4416/2822 4348/2823 4201/2824
f 2263/2825 2273/2826 2070/2827 2058/2828
f 1063/1409 1146/2829 1124/2830 1055/1410
f 405/2831 455/2832 358/2833 263/2834
f 3554/2835 3602/2671 3555/2672 3514/2836
f 2278/2837 2471/2838 2404/2839 2243/2840
f 206/2841 224/525 203/528 200/2842
f 710/2557 793/2843 775/2844
f 126/2845 167/2846 161/2847 119/2848
f 3968/2849 4222/2850 4221/2851 3969/2852
f 4491/2853 4462/2854 4477/2855 4452/2856
f 159/899 175/902 160/108 130/107
f 480/2857 535/850 481/853 463/2858
f 151/2859 185/2860 147/2861 127/2862
f 4500/2863 4556/2864 4557/2865 4501/2866
f 215/2867 243/2868 216/2869 212/2870
f 766/2871 782/2872 803/2873
f 41/2874 39/2875 20/2876 17/2877
f 1835/2685 1928/2878 1834/2879 1733/2880
f 3576/2881 3540/1291 3539/2882 3575/2883
f 4111/2884 4192/2885 4087/2886 4086/2887
f 3082/2888 3044/2889 2985/2890 2956/2891
f 4724/2892 4771/2893 4772/2894 4710/2895
f 898/576 969/2896 885/2897 844/577
f 721/2898 794/2899 792/2900
f 4774/2901 4775/2902 4747/2903 4768/2904
f 4478/2905 4479/2906 4365/2907 4376/2908
f 26/2909 24/2910 21/2911 25/2912
f 101/2913 107/2914 99/2915 81/2916
f 1304/418 1330/2131 1273/2917 1239/419
f 736/2918 805/2919 816/2920
f 641/2921 665/2922 562/2923 561/2924
f 3453/2925 3482/2926 3395/2927 3372/2928
f 741/2654 819/2929 776/2930
f 2865/2931 2835/2932 2751/2933 2762/1859
f 1946/2934 2037/2935 1887/2936 1796/2937
f 758/2938 780/2939 809/2940
f 4014/2941 4059/2942 4006/2943 4005/2944
f 786/2945 807/1162 822/2946
f 3054/2947 2971/2948 2925/815 3053/933
f 2530/2949 2666/2950 2548/2951 2461/2952
f 3974/2953 3950/2954 3763/2955 3812/2956
f 2588/2957 2702/2958 2657/2959 2560/2729
f 4551/2960 4577/2961 4512/2962 4487/2963
f 4492/2964 4493/2119 4301/2122 4300/2965
f 78/2966 81/2967 76/2968 77/2969
f 2392/2970 2408/2971 2281/2972 2267/2973
f 754/2974 755/2975 829/2532
f 3872/2976 4135/2977 4133/2978 3898/2979
f 787/2980 823/2981 815/2982
f 781/2983 821/2984 803/2985
f 1087/1391 1099/2446 1088/2986 1085/2987
f 3892/262 4152/2988 4153/2989 3844/263
f 2707/2990 2924/2991 2872/2992 2677/2993
f 1992/2994 2130/2995 2131/2996 1980/2997
f 3004/2998 3090/1053 3084/1052 2986/2999
f 4724/2892 4687/3000 4683/3001 4723/3002
f 3764/3003 3812/3004 3490/3005 3469/3006
f 1919/3007 1943/3008 1868/3009 1852/3010
f 4477/2855 4462/2854 4360/2100 4388/3011
f 753/3012 770/3013 832/3014
f 4159/3015 4335/3016 4315/3017 4135/3018
f 748/1425 818/1424 806/3019 731/2454
f 3464/3020 3547/3021 3441/3022 3440/3023
f 3723/3024 3775/3025 3724/3026 3690/3027
f 810/3028 809/3029 836/3030
f 2130/2995 2289/3031 2290/3032 2131/2996
f 3762/3033 3702/3034 3608/1106 3761/1105
f 1643/3035 1673/3036 1607/3037 1563/3038
f 123/533 140/9 122/12 112/3039
f 4178/3040 4320/3041 4215/3042 4121/3043
f 1311/3044 1355/3045 1312/3046 1259/3047
f 2743/3048 2888/3049 2784/214 2627/3050
f 812/3051 836/3052 854/3053
f 2465/3054 2536/3055 2538/3056 2484/3057
f 788/3058 816/3059 855/3060
f 2396/3061 2515/3062 2431/3063 2330/3064
f 802/3065 824/3066 857/3067
f 3180/30 3219/2691 3181/2694 3140/31
f 3027/3068 2969/3069 2968/132 2987/131
f 352/3070 401/3071 344/3072 317/3073
f 785/3074 859/3075 798/3076
f 2133/2290 2012/2289 1960/3077 2106/3078
f 3220/3079 3309/3080 3297/3081 3193/3082
f 3194/143 3239/1951 3238/1302 3237/144
f 304/1482 338/1481 278/3083 265/3084
f 2865/1363 2896/1362 2881/3085 2866/3086
f 623/2221 681/3087 672/3088 624/2222
f 838/3089 862/3090 841/3091
f 2518/162 2695/161 2492/3092 2349/3093
f 822/2946 863/3094 865/3095
f 736/2638 816/3059 788/3058 724/2607
f 3396/266 3377/3096 3376/1176 3384/267
f 609/1295 698/1294 679/391 575/390
f 1838/3097 1909/3098 1856/3099 1779/3100
f 793/2843 869/3101 848/2061
f 794/2899 831/3102 870/3103
f 1647/3104 1648/3105 1573/1047 1616/3106
f 3178/3107 3177/3108 3138/3109 3133/3110
f 3768/1996 3769/1995 3610/3111 3609/3112
f 1712/3113 1802/3114 1636/3115 1586/3116
f 823/2981 866/3117 864/3118
f 2214/3119 2256/3120 2191/154 2190/3121
f 697/3122 702/3123 701/282 699/281
f 3801/222 3863/3124 3754/3125 3751/223
f 1600/3126 1685/3127 1601/3128 1566/3129
f 1641/3130 1660/3131 1621/3132 1589/3133
f 2690/3134 2691/3135 2510/3136 2509/3137
f 4372/554 4239/553 4198/3138 4345/3139
f 3448/3140 3505/3141 3529/3142 3447/3143
f 50/3144 32/3145 26/3146 49/3147
f 1299/3148 1331/3149 1323/3150 1297/3151
f 849/3152 884/3153 831/3102
f 3387/3154 3388/3155 3301/3156 3294/3157
f 1150/3158 1188/3159 1172/3160 1129/3161
f 3351/3162 3420/3163 3283/3164 3233/3165
f 3203/3166 3234/3167 3219/1003 3192/1002
f 71/177 73/176 72/3168 64/3169
f 3074/3170 3099/3171 3068/2236 3073/3172
f 3937/3173 3952/3174 3742/3175 3741/3176
f 1364/3177 1372/3178 1340/3179 1337/3180
f 1940/2443 1982/3181 1941/3182 1898/2444
f 2883/3183 2722/3184 2687/3185 2855/3186
f 829/2532 832/3187 894/2533
f 4523/627 4525/626 4469/3188 4458/3189
f 3704/3190 3673/3191 3511/3192 3535/3193
f 1982/3181 2074/3194 2062/3195 1941/3182
f 970/3196 1026/3197 1005/3198 947/3199
f 1958/3200 1995/3201 1882/3202 1846/3203
f 3048/3204 3049/3205 2921/3206 2939/1113
f 2098/3207 2288/3208 2262/3209 2057/3210
f 2738/3211 2806/3212 2692/3213 2648/3214
f 856/3215 900/2067 901/2070
f 4246/3216 4390/1015 4366/3217 4181/3218
f 2727/3219 2674/3220 2633/3221 2701/3222
f 4695/3223 4637/3224 4638/3225 4686/3226
f 2092/3227 2146/3228 1985/430 1948/429
f 842/3229 905/3230 843/3231
f 956/3232 1039/3233 1023/3234 892/3235
f 396/1334 385/685 384/3236 395/1335
f 1811/3237 1812/3238 1788/3239 1792/3240
f 3817/3241 3819/1725 3719/1468 3716/1467
f 840/3242 910/3243 911/3244
f 952/129 959/3245 937/3246 920/130
f 865/1148 903/1147 912/3247
f 2554/3248 2581/1693 2566/1696 2513/3249
f 2760/3250 2775/3251 2658/3252 2634/3253
f 1193/3254 1197/2350 1143/1836 1136/3255
f 2095/3256 2093/3257 1953/3258 1977/3259
f 1963/3260 1999/3261 1886/3262 1885/3263
f 496/3264 373/3265 392/3266 495/3267
f 346/2198 360/2197 289/3268 262/3269
f 1823/1721 1980/3270 1935/3271 1766/1722
f 2454/3272 2636/3273 2614/3274 2452/3275
f 1985/3276 2146/728 2129/731 1950/3277
f 3865/3278 3919/3279 3731/3280 3684/3281
f 4304/3282 4454/3283 4440/3284 4273/3285
f 1300/3286 1301/3287 1262/3288 1275/3289
f 4074/3290 3935/3291 3876/3292 3996/3293
f 866/3117 913/3294 929/3295
f 4048/3296 4028/3297 4027/3298 4047/3299
f 884/3153 883/3300 931/3301
f 4522/3302 4523/627 4458/3189 4468/3303
f 3598/3304 3573/3305 3572/3306 3597/3307
f 2440/1789 2442/469 2425/472 2420/3308
f 873/3309 934/3310 935/3311
f 14/2399 30/3312 16/3313 7/2400
f 229/3314 280/1980 174/3315 163/3316
f 2463/3317 2464/3318 2428/3319 2427/3320
f 2903/2248 2733/3321 2732/843 2838/842
f 3714/3322 3715/3323 3710/3324 3713/3325
f 3026/3326 3117/17 3088/20 2972/3327
f 1272/3328 1292/3329 1289/3330 1270/3331
f 3130/3332 3265/3333 3264/3334 3115/3335
f 2217/3336 2310/1900 2218/2622 2091/3337
f 3377/3096 3378/3338 3356/1177 3376/1176
f 3410/3339 3409/3340 3404/3341 3408/3342
f 4761/3343 4743/2030 4749/2029 4755/3344
f 4578/3345 4594/3346 4593/3347 4552/3348
f 226/1006 288/1008 227/790 204/789
f 3946/3349 4019/3350 4018/3351 3929/3352
f 4141/3353 4161/3354 4045/3355 4049/3356
f 3685/3357 3548/3358 3584/3359 3668/3360
f 2684/60 2523/59 2435/3361 2615/3362
f 919/3363 945/3364 920/3365 915/3366
f 3451/164 3478/477 3452/480 3426/165
f 625/3367 626/3368 584/3369 601/3370
f 1091/2343 1100/2342 1045/3371 1041/3372
f 886/3373 957/3374 956/3375
f 2215/3376 2308/3377 2258/3378 2125/3379
f 498/1990 431/3380 354/3381 418/1988
f 2244/3382 2245/3383 2109/3384 2075/3385
f 3979/3386 4079/3387 4053/3388 3939/3389
f 2795/3390 2797/3391 2753/1407 2752/3392
f 3400/3393 3431/3394 3331/3395 3305/3396
f 4738/2818 4708/3397 4706/3398 4737/2819
f 842/3229 843/3231 771/3399 783/3400
f 4210/1342 4138/403 4227/402 4211/1343
f 3740/3401 3936/1852 3741/1855 3457/3402
f 943/3403 963/1984 944/1987 917/3404
f 3042/3405 3195/3406 3194/3407 3065/3408
f 3897/2144 3932/3409 3671/3410 3637/3411
f 1397/3412 1417/3413 1392/3414 1368/3415
f 3672/3416 3625/3417 3449/3418 3529/3419
f 559/970 623/3420 560/3421 453/3422
f 3407/3423 3427/3424 3408/3425 3404/3426
f 4597/566 4598/565 4508/3427 4496/3428
f 2897/1531 2836/3429 2703/3430 2776/1532
f 3129/3431 3050/3432 3022/1209 3128/1208
f 2152/3433 2227/3434 2166/3435 2081/3436
f 1540/3437 1541/3438 1487/3439 1512/589
f 3249/49 3246/3440 3217/1616 3201/1615
f 882/3441 880/3442 813/3443 846/3444
f 2908/3445 2927/3446 2770/3447 2742/3448
f 1226/760 1284/759 1263/3449 1205/805
f 852/1129 897/3450 859/3451 785/1130
f 4772/3452 4779/3453 4773/3454 4751/3455
f 32/3456 33/3457 27/3458 31/3459
f 1338/3460 1362/3461 1322/3462 1286/3463
f 2967/3464 2959/3465 2868/3466 2867/343
f 4206/3467 4265/1241 4064/1244 3990/3468
f 3378/3469 3437/3470 3415/3471 3357/3472
f 3997/3473 3998/3474 3852/3475 3851/3476
f 1262/3477 1212/3478 1240/3479 1247/3480
f 745/2678 762/3481 707/2723 684/2677
f 3139/3482 3140/3483 3132/3484 3134/3485
f 1637/3486 1654/3487 1500/3488 1498/3489
f 3484/239 3659/2787 3626/3490 3460/240
f 873/3491 841/3492 862/3493 872/3494
f 3468/3495 3763/3496 3740/3497 3457/3498
f 1093/2016 1116/3499 1083/2298 1082/2301
f 1054/3500 1062/3501 1003/3502 987/3503
f 2708/3504 2887/792 2842/795 2671/3505
f 3282/3506 3332/3507 3348/3508 3284/3509
f 2947/3510 3060/3511 3047/3512 2930/3513
f 2915/3514 2957/3515 2916/3516 2891/3517
f 2857/3518 3009/3519 2993/1414 2856/3520
f 1066/193 1094/192 1027/3521 1010/3522
f 2538/3523 2578/3524 2565/3525 2554/3526
f 358/2833 442/826 424/829 359/3527
f 3263/3528 3281/3529 3213/3530 3211/3531
f 1508/3532 1533/1874 1516/1877 1504/3533
f 750/3534 756/3535 713/3536 712/3537
f 3561/3538 3432/3539 3431/3540 3560/714
f 3246/3440 3249/49 3214/52 3212/3541
f 2160/3542 2161/3543 2010/1676 2009/1675
f 4061/3544 4273/3285 4271/3545 4091/3546
f 1902/3547 2021/3548 1794/3549 1686/3550
f 3034/3551 3123/3552 3029/3553 2994/3554
f 12/3555 29/3556 9/3557 3/3558
f 1606/3559 1642/3560 1577/3561 1543/3562
f 2335/3563 2493/3564 2494/3565 2336/3566
f 3642/3567 3748/3568 3660/3569 3597/3570
f 4354/3571 4482/3572 4472/3573 4342/3574
f 980/3575 912/3576 903/3577 979/3578
f 2267/2973 2281/2972 2153/2308 2144/2311
f 1392/3579 1411/3580 1393/3581 1369/3582
f 1474/590 1512/589 1487/3439 1461/3583
f 3493/3584 3663/1376 3538/1379 3424/3585
f 1548/3586 1629/3587 1578/3588 1522/3589
f 3137/1185 3193/3590 3170/3591 3135/1186
f 3611/3592 3708/3593 3612/3594 3492/3595
f 3340/3596 3357/3597 3341/3598 3323/3599
f 2183/3600 2201/3601 2110/3602 2077/3603
f 1164/3604 1227/3605 1167/3606 1101/3607
f 910/3243 1032/3608 911/3244
f 4143/3609 4228/3610 4179/3611 4000/3612
f 2514/2670 2537/2669 2483/761 2482/3613
f 4324/3614 4326/3615 4192/2885 4111/2884
f 985/3616 1035/3617 1036/3618
f 3490/3619 3812/2956 3763/2955 3468/3620
f 2201/3621 2225/3622 2136/3623 2110/3624
f 450/3625 413/3626 368/3627 449/3628
f 956/3629 957/3630 1039/3631
f 986/3632 1037/1642 1040/1641
f 4054/3633 4145/3634 4055/3635 4007/3636
f 2385/3637 2592/3638 2591/3639 2386/3640
f 1967/3641 1968/3642 1964/3643 1966/3644
f 1814/3645 1849/582 1790/581 1789/3646
f 3772/3647 3957/3648 3959/3649 3958/3650
f 3973/120 4200/3651 4174/978 3971/121
f 1105/3652 1070/3653 1069/3654 1104/3655
f 2847/160 2985/2890 2834/3656 2695/161
f 984/3657 992/3658 1047/3659
f 754/2974 829/2532 830/2535 772/366
f 3327/3660 3265/3661 3230/3662 3292/3663
f 2657/2959 2701/3222 2699/3664 2630/2726
f 3803/3665 3841/2419 3680/2418 3630/3666
f 4516/3667 4461/3668 4447/3669 4515/3670
f 2451/3671 2263/3672 2234/3673 2400/3674
f 562/3675 642/2317 563/2316 482/3676
f 2006/3677 1891/1806 1927/1805 2022/3678
f 780/2939 758/2938 715/3679 724/3680
f 1112/3681 1098/3682 1108/3683 1111/3684
f 1781/3685 1803/3686 1713/450 1698/449
f 2595/2665 2755/3687 2730/1604 2570/1603
f 509/1042 553/3688 522/3689 493/2078
f 1840/3690 1909/3691 1838/3692 1763/3693
f 2019/3694 1973/3695 1972/3696 2018/3697
f 2980/966 2807/965 2806/3212 2979/3698
f 2282/3699 2185/3700 2153/2308 2281/2972
f 1084/3701 1101/3702 1092/1390 1082/3703
f 1009/3704 1063/3705 1012/3706
f 1024/2174 1023/2173 1064/3707
f 1024/3708 1064/3709 1032/3710
f 3133/468 3138/3711 3131/3712 3132/3713
f 1560/3714 1562/3715 1556/3716 1555/3717
f 1192/3718 1224/1418 1214/1421 1166/3719
f 4453/3720 4471/645 4397/3721 4372/3722
f 4680/2409 4690/2408 4640/3723 4639/3724
f 2462/3725 2463/3317 2427/3320 2426/3726
f 1036/3727 1072/3728 1073/3729
f 1036/3618 1068/3730 1072/3731
f 1513/1664 1639/3732 1638/3733 1499/1665
f 3421/3734 3307/3735 3283/3164 3420/3163
f 300/3736 333/3737 229/3738 195/3739
f 3287/3740 3308/3741 3232/3742 3202/3743
f 654/2455 606/2147 499/2146 631/3744
f 2693/3745 2651/3746 2649/359 2692/3747
f 211/3748 170/3749 169/3750 210/3751
f 381/1462 382/3752 377/2123 379/1460
f 1625/3753 1626/3754 1604/3755 1620/3756
f 2946/3757 2916/3758 2862/3759 2945/3760
f 2534/2721 2535/3761 2464/3762 2463/2722
f 1072/3763 1084/3701 1082/3703
f 1085/2987 1086/1392 1087/1391
f 3003/3764 3089/1077 3004/1079 2948/3765
f 2358/3766 2342/3767 2327/3768 2360/3769
f 1686/3550 1794/3549 1685/3127 1600/3126
f 2220/3770 2261/3771 2087/3772 2056/3773
f 1086/1392 1082/3703 1092/1390
f 4102/1164 3996/1167 3995/3774 4101/3775
f 1086/2017 1093/2016 1082/2301
f 3236/3776 3251/1623 3095/1626 3088/3777
f 1986/3778 2204/3779 2176/3780 1951/3781
f 3029/3782 3036/3783 2840/3784 2839/3785
f 3694/3786 3692/3787 3689/3788 3693/3789
f 2218/2622 2309/1659 2231/1662 2145/3790
f 3833/3791 3979/3386 3939/3389 3814/3792
f 1088/3793 1098/3794 1089/3795
f 630/3796 604/3797 572/3798 496/1765
f 2653/3799 2744/3800 2586/3801 2539/3802
f 2211/3803 2213/1218 2189/3804 2188/3805
f 3309/3080 3490/3619 3468/3620 3297/3081
f 1073/3806 1083/3807 1103/3808
f 3308/3809 3351/3162 3233/3165 3232/3810
f 1349/3811 1380/3812 1361/3813 1309/3814
f 2786/3815 2716/3816 2674/3220 2727/3219
f 3393/3817 3486/3818 3394/3819 3312/3820
f 1108/3821 1098/3822 1109/3823
f 2509/3137 2510/3136 2421/1881 2418/1880
f 2510/3824 2528/3825 2441/3826 2421/3827
f 1108/3821 1113/3828 1110/3829
f 3297/3830 3468/3831 3457/3832 3288/3833
f 3628/3834 3676/3835 3627/3836 3569/1513
f 2260/3837 2347/1713 2232/1716 2155/3838
f 2340/3839 2226/3840 2202/3841 2339/638
f 4434/3842 4514/3843 4505/3844 4422/3845
f 1942/3846 1981/3847 1940/3848 1901/3849
f 1038/3850 1047/3851 1117/3852
f 1430/3853 1386/3854 1407/3855 1413/3856
f 2676/3857 2922/3858 2817/3859 2598/3860
f 1011/2590 1045/2372 1042/2375 998/2591
f 4729/823 4732/3861 4730/3862 4716/824
f 1464/235 1514/3863 1513/3864 1463/236
f 3868/3865 3869/3866 3623/3867 3607/3868
f 594/3869 659/3870 646/3871 564/3872
f 4689/3873 4677/3874 4660/3875 4688/3876
f 4545/3877 4542/3878 4505/3879 4514/3880
f 2043/3881 2073/3882 1913/2501 1884/3883
f 3271/3884 3326/3885 3280/3886 3279/1632
f 3908/3887 3909/3888 3798/1524 3881/3889
f 3223/614 3314/613 3224/3890 3090/1078
f 1414/3891 1422/3892 1389/3893 1388/3894
f 3931/3895 4207/3896 4159/3015 3871/1403
f 4314/3897 4158/3898 4157/2143 4313/3899
f 4424/3900 4407/2603 4396/2606 4395/3901
f 1113/3828 1135/3902 1136/3903
f 1112/3904 1134/2651 1137/3905
f 778/3906 834/3907 820/3908 757/3909
f 2643/3910 2857/3518 2856/3520 2644/3911
f 4667/3912 4703/3913 4648/3914 4615/3915
f 4496/3428 4508/3427 4391/3916 4375/3917
f 1121/1839 1136/3255 1143/1836
f 2074/3194 2223/3918 2224/3919 2062/3195
f 967/3920 982/3921 976/3922 962/3923
f 3616/1484 3631/3924 3576/3925 3575/1485
f 2315/3926 2486/1928 2525/1927 2314/3927
f 184/3928 179/3929 178/3930 183/3931
f 1060/3932 1146/3933 1063/3705
f 4160/3934 4043/3935 3935/3936 4074/3937
f 3512/3938 3534/1107 3422/3939 3390/3940
f 1282/3941 1199/2421 1198/2420 1281/3942
f 3480/3943 3476/3944 3442/3945 3443/3946
f 3540/1291 3496/1290 3515/3947 3539/2882
f 3858/1377 4035/3948 3789/3949 3662/1378
f 4242/3950 4098/3951 4071/3952 4226/3953
f 1432/3954 1449/3955 1397/3956 1376/3957
f 1704/3958 1890/3959 1869/3960 1691/3961
f 2855/3186 2687/3185 2661/3962 2854/3963
f 359/3964 416/1545 301/1544 291/1821
f 629/3965 546/3966 506/3967 617/3968
f 1149/3969 1161/807 1162/806
f 118/3970 115/3971 102/3972 117/3973
f 982/3921 1016/3974 1017/3975 976/3922
f 4216/3976 4256/3977 4146/3978 4057/3979
f 1769/3980 1770/3981 1727/3982 1723/3983
f 1912/3984 2042/3985 2009/3986 1881/3987
f 2635/3988 2636/3989 2454/3990 2453/3991
f 3107/3992 3270/3993 3157/3994 3082/3995
f 849/3152 831/3102 776/2930 819/2929
f 4411/3996 4334/3997 4291/3998 4396/3999
f 2300/4000 2504/4001 2472/4002 2266/4003
f 3839/4004 3887/4005 3824/4006 3778/4007
f 3473/4008 3500/4009 3488/1036 3463/1035
f 4669/778 4756/4010 4720/4011 4635/4012
f 1786/1741 1785/4013 1750/4014 1784/4015
f 3785/4016 3813/4017 3640/4018 3638/4019
f 1116/3499 1115/2412 1176/2411
f 4177/717 4213/4020 3976/1380 3938/718
f 2634/4021 2658/4022 2451/3671 2400/3674
f 2769/4023 2992/4024 2922/3858 2676/3857
f 3159/2097 3173/1671 3100/1674 3121/2098
f 3307/4025 3421/4026 3402/4027 3295/4028
f 4451/1920 4487/1919 4394/4029 4357/4030
f 2791/4031 2907/4032 2738/3211 2647/4033
f 232/4034 349/4035 330/4036 199/4037
f 1229/4038 1258/4039 1223/4040 1191/4041
f 4096/2531 4127/4042 3919/3279 3865/3278
f 1723/3983 1727/3982 1722/1464 1699/1463
f 1825/1744 1883/1743 1894/4043 1844/4044
f 1727/3982 1749/4045 1726/4046 1722/1464
f 1096/1251 1117/1250 1187/4047
f 258/4048 272/4049 142/4050 133/4051
f 4129/4052 4344/4053 4287/370 4067/4054
f 4233/4055 4258/4056 4234/4057 4124/4058
f 3483/4059 3686/4060 3624/2164 3454/4061
f 3563/4062 3760/4063 3701/4064 3510/4065
f 2002/4066 2033/4067 1967/3641 1966/3644
f 2355/4068 2659/4069 2485/4070 2291/1635
f 4439/4071 4392/4072 4366/4073 4390/4074
f 1362/3461 1385/4075 1354/4076 1322/3462
f 2413/4077 2621/4078 2602/4079 2414/4080
f 1624/4081 1650/4082 1611/4083 1594/4084
f 2316/1065 2317/1064 2201/3601 2183/3600
f 3043/4085 3080/4086 2966/4087 2911/4088
f 1326/4089 1320/4090 1301/3287 1300/3286
f 1160/4091 1204/680 1201/4092
f 340/4093 323/1138 322/1137 339/4094
f 2245/4095 2265/4096 2118/4097 2109/4098
f 565/2014 582/2013 549/4099 518/4100
f 4581/4101 4638/3225 4637/3224 4580/4102
f 4219/2543 4220/4103 4021/4104 3986/4105
f 3690/4106 3724/4107 3691/4108 3689/3788
f 2531/361 2575/4109 2564/4110 2532/4111
f 2970/1939 3067/4112 3063/4113 2964/1940
f 513/4114 534/4115 444/1798 425/4116
f 2477/4117 2549/4118 2478/1787 2440/1789
f 35/847 8/4119 5/4120 34/848
f 4120/4121 3949/4122 3900/4123 4043/4124
f 1231/4125 1251/4126 1171/4127 1151/4128
f 1124/2830 1146/2829 1206/4129
f 2783/4130 2823/4131 2694/4132 2623/4133
f 1654/4134 1655/4135 1501/4136 1500/4137
f 2856/3520 2993/1414 2989/1417 2854/4138
f 4217/4139 4281/4140 4147/4141 4009/4142
f 1235/4143 1272/3328 1270/3331 1236/4144
f 114/407 164/4145 157/4146 108/408
f 1202/804 1226/760 1205/805
f 4460/4147 4445/4148 4344/4149 4359/4150
f 4651/4151 4659/4152 4675/4153 4626/4154
f 3239/4155 3254/2282 3097/2285 3096/4156
f 3902/4157 4121/4158 3954/2785 3765/2784
f 3859/4159 3961/4160 3860/4161 3794/4162
f 36/4163 15/4164 8/4165 35/4166
f 1802/3114 1876/4167 1696/4168 1636/3115
f 4619/4169 4643/1324 4509/4170 4493/4171
f 3961/4160 4011/4172 3959/4173 3860/4161
f 1526/4174 1536/4175 1529/4176 1506/4177
f 1777/4178 1874/4179 1837/568 1709/567
f 1756/4180 1737/4181 1642/4182 1755/4183
f 4223/4184 4336/4185 4318/4186 4224/1501
f 1152/4187 1183/4188 1153/4189 1131/2008
f 42/4190 43/4191 23/4192 28/4193
f 1177/4194 1240/3479 1212/3478
f 1561/4195 1567/4196 1566/4197 1557/4198
f 4239/553 3991/4199 3933/4200 4198/3138
f 3969/4201 4022/4202 3805/4203 3759/4204
f 129/4205 67/1753 74/1752 128/4206
f 3514/4207 3555/4208 3516/4209 3495/4210
f 2972/4211 2982/4212 2876/4213 2874/4214
f 885/4215 948/4216 878/4217 833/4218
f 540/2071 580/2073 486/4219 485/4220
f 1219/4221 1218/4222 1247/4223
f 2070/4224 2273/4225 2272/4226 2097/4227
f 3684/3281 3731/3280 3647/4228 3603/4229
f 3849/4230 4119/4231 4097/4232 3810/4233
f 283/4234 267/4235 244/4236 282/4237
f 1465/1803 1486/4238 1444/1718 1426/1717
f 2873/4239 2942/4240 2874/4241 2829/4242
f 1483/4243 1546/4244 1524/4245 1469/4246
f 2573/443 2410/4247 2381/4248 2572/930
f 1314/4249 1343/4250 1315/4251 1289/4252
f 1187/4253 1206/4254 1256/4255
f 431/3380 328/4256 297/4257 354/3381
f 3246/3440 3247/4258 3259/4259 3217/1616
f 118/3970 151/4260 127/4261 115/3971
f 4077/4262 4143/4263 4052/4264 3955/4265
f 4416/4266 4517/4267 4464/4268 4348/4269
f 618/4270 630/4271 496/3264 495/3267
f 1207/624 1264/623 1217/4272
f 3035/4273 3121/4274 3100/4275 3028/4276
f 3751/223 3694/3786 3693/3789 3750/224
f 3119/521 3118/2035 3047/2038 3060/522
f 680/4277 700/369 621/1999 578/4278
f 4012/4279 4108/4280 3981/4281 3960/4282
f 3482/4283 3503/4284 3446/139 3395/4285
f 2720/4286 2767/4287 2571/4288 2526/4289
f 655/423 711/422 512/4290 432/2356
f 1237/4291 1239/419 1273/2917
f 331/4292 420/2227 412/2230 314/4293
f 1210/4294 1241/4295 1274/4296
f 1247/4297 1275/3289 1262/3288
f 2423/4298 2424/4299 2417/1153 2422/1152
f 2872/4300 3055/4301 3023/4302 2819/4303
f 4535/4304 4544/4305 4450/4306 4427/4307
f 2332/4308 2444/4309 2344/4310 2195/4311
f 2907/4032 2979/3698 2806/3212 2738/3211
f 4098/3951 3850/4312 3831/4313 4071/3952
f 4286/4314 4434/3842 4422/3845 4285/4315
f 573/4316 721/4317 710/4318 556/4319
f 2929/4320 3031/4321 3017/4322 2880/4323
f 308/4324 303/4325 246/856 190/855
f 4759/4326 4750/4327 4738/4328 4744/4329
f 4532/4330 4522/4331 4468/2065 4488/2064
f 3186/4332 3188/4333 3166/4334 3165/4335
f 2044/4336 1998/4337 1962/4338 2031/4339
f 1924/4340 1975/4341 1758/4342 1757/4343
f 892/2176 902/2175 839/2261 825/2260
f 2221/4344 2433/4345 2385/4346 2222/4347
f 1386/3854 1410/4348 1351/4349 1328/4350
f 2614/4351 2728/4352 2702/2958 2588/2957
f 3848/4353 4129/4052 4067/4054 3780/4354
f 448/4355 395/4356 383/4357 435/4358
f 4241/4359 4363/4360 4336/4361 4223/4362
f 577/4363 695/2689 697/2688 591/4364
f 3122/4365 3069/4366 2992/4367 2991/4368
f 1230/947 1246/1477 1298/1476
f 4055/4369 4057/4370 4013/4371 4007/4372
f 2583/4373 2770/4374 2743/4375 2606/4376
f 4476/4377 4470/4378 4406/4379 4405/4380
f 4482/4381 4574/4382 4572/4383 4472/4384
f 2605/4385 2650/4386 2579/4387 2567/4388
f 776/2930 749/421 678/424 741/2654
f 2879/4389 2889/4390 2845/4391 2833/4392
f 4713/4393 4679/4394 4642/4395 4691/4396
f 1242/1196 1275/1195 1247/4397 1216/4398
f 2876/4399 2926/4400 2875/4401 2832/4402
f 2660/4403 2798/1529 2776/1532 2659/4404
f 4373/4405 4374/4406 4253/375 4252/4407
f 3215/4408 3295/4409 3272/4410 3189/4411
f 4036/4412 4113/4413 3947/4414 3889/4415
f 1248/4416 1313/4417 1264/4418
f 1214/4419 1222/4420 1182/4421 1166/4422
f 2792/4423 3024/4424 3012/4425 2783/4426
f 777/4427 833/4428 778/4429 733/4430
f 3559/89 3524/88 3522/4431 3521/4432
f 1900/4433 1901/2442 1867/2445 1866/4434
f 2421/1881 2441/4435 2420/4436 2416/1882
f 3612/3594 3709/330 3613/333 3471/2476
f 2969/2447 2800/1019 2852/1018 2968/4437
f 1896/4438 1938/4439 1862/4440 1849/4441
f 487/2118 484/4442 468/4443 469/2116
f 737/4444 746/4445 725/4446 689/4447
f 492/1746 547/4448 508/4449 490/1747
f 3748/3568 3879/4450 3790/4451 3660/3569
f 1321/4452 1295/4453 1287/4454 1307/4455
f 1294/185 1297/184 1323/4456
f 4647/4457 4649/4458 4623/4459 4617/4460
f 1531/4461 1584/4462 1542/4463 1494/4464
f 765/4465 766/2871 764/4466 728/4467
f 2145/4468 2155/4469 2023/4470 2007/4471
f 2658/4022 2635/4472 2453/4473 2451/3671
f 569/4474 605/4475 588/4476 526/4477
f 4646/4478 4667/4479 4568/4480 4575/4481
f 3613/4482 3818/1269 3629/1272 3472/4483
f 1273/2917 1330/2131 1303/4484
f 3196/2036 3261/4485 3108/4486 3066/2037
f 1263/3449 1284/759 1332/4487
f 1608/1224 1607/4488 1633/4489 1612/1225
f 3678/4490 3771/4491 3772/4492 3770/4493
f 1267/4494 1266/4495 1335/4496
f 781/4497 803/2873 782/2872 743/4498
f 1279/4499 1336/4500 1337/4501
f 3034/3551 2994/3554 2818/4502 2978/4503
f 3721/4504 3820/4505 3714/4506 3713/4507
f 2917/4508 2934/4509 2815/4510 2799/4511
f 2576/4512 2536/4513 2535/4514 2577/4515
f 4706/3398 4708/3397 4664/4516 4645/4517
f 4745/4518 4777/4519 4767/4520 4709/4521
f 3948/4522 4068/4523 3830/46 3735/45
f 2275/2686 2133/2290 2106/3078 2239/4524
f 3391/4525 3392/4526 3311/4527 3303/4528
f 413/4529 453/3422 414/4530 350/4531
f 1262/3477 1301/4532 1231/4533 1212/3478
f 2311/632 2312/306 2161/4534 2160/633
f 4594/3346 4521/4535 4520/4536 4593/3347
f 1324/4537 1378/773 1365/775 1318/4538
f 2816/4539 2706/4540 2675/4541 2815/4542
f 330/4543 349/4544 307/4545 285/4546
f 2824/4547 2877/4548 2679/4549 2607/4550
f 3773/4551 3822/4552 3800/225 3750/224
f 2283/4553 2323/4554 2284/4555 2250/4556
f 1076/4557 1118/99 1050/102 1031/4558
f 2296/4559 2449/4560 2375/4561 2219/4562
f 1182/4563 1220/4564 1183/4188 1152/4187
f 4312/4565 4313/3899 4157/2143 4132/2142
f 2400/3674 2234/3673 2205/4566 2377/4567
f 4747/4568 4727/4569 4681/4570 4663/4571
f 1333/4572 1346/4573 1339/4574
f 835/1219 779/367 772/366 830/2535
f 4648/3914 4665/1844 4649/1846 4647/4575
f 569/4576 526/2278 525/2281 568/4577
f 3770/4578 3787/4579 3707/4580 3678/4581
f 2673/4582 2655/4583 2522/4584 2521/4585
f 1303/4586 1363/4587 1328/4350
f 3827/4588 3840/4589 3756/4590 3726/4591
f 1722/4592 1726/2657 1724/2656 1700/4593
f 3646/4594 3844/4595 3804/4596 3617/4597
f 2240/4598 2379/1349 2353/4599 2207/4600
f 2161/3543 2162/4601 2011/4602 2010/1676
f 1976/4603 2095/4604 1977/4605 1907/4606
f 1339/4607 1367/4608 1353/4609
f 4583/4610 4651/4611 4626/4612 4564/4613
f 2168/4614 2169/4615 2140/4616 2142/4617
f 876/1246 800/4618 799/4619 875/1247
f 1466/4620 1534/4621 1491/4622 1448/4623
f 4449/4624 4404/4625 4334/3997 4411/3996
f 2319/4626 2505/4627 2504/4628 2300/4629
f 2735/1114 2939/1113 2921/3206 2723/4630
f 3198/4631 3300/4632 3255/4633 3110/4634
f 4328/4635 4459/1909 4434/1912 4286/4636
f 488/4637 581/4638 445/4639 403/4640
f 1360/4641 1364/4642 1337/4501 1336/4500
f 955/2587 977/4643 966/693 908/692
f 4722/4644 4770/4645 4723/3002 4682/4646
f 1352/4647 1382/4648 1367/4649
f 2458/4650 2301/2160 2282/458 2409/457
f 1316/4651 1344/4652 1317/4653 1292/4654
f 1211/4655 1248/4656 1170/4657 1140/4658
f 1568/4659 1627/4660 1591/4661 1544/4662
f 3371/725 3461/4663 3353/4664 3275/726
f 1453/4665 1460/4666 1436/4667 1435/4668
f 3036/4669 2991/4368 2801/4670 2840/4671
f 1328/4350 1351/4349 1316/4651 1291/1399
f 4263/4672 4431/4673 4418/4674 4249/4675
f 3144/4676 3145/4677 3087/4678 3086/4679
f 2182/4680 2183/4681 2077/4682 2076/4683
f 4467/4684 4485/4685 4369/4686 4356/4687
f 3924/4688 4163/4689 4081/4690 3834/4691
f 184/3928 246/897 218/896 179/3929
f 3905/4692 4034/4693 4015/4694 3906/4695
f 3147/4696 3101/4697 3056/4698 3083/4699
f 3900/4700 3703/4701 3702/4702 3762/4703
f 564/4704 597/2117 469/2116 467/4705
f 991/4706 1046/4707 1026/4708 970/4709
f 4356/4710 4152/4711 4115/4712 4309/4713
f 795/4714 851/4715 784/1128 742/4716
f 2484/4717 2482/382 2429/385 2465/4718
f 4489/4719 4571/4720 4541/4721 4459/4722
f 3555/4208 3646/4594 3617/4597 3516/4209
f 500/4723 574/4724 525/4725 459/4726
f 3712/4727 3713/4728 3710/1470 3711/1469
f 1153/4189 1196/4729 1178/4730 1132/4731
f 2717/1511 2729/1510 2524/304 2499/303
f 1418/4732 1437/4733 1419/4734 1394/4735
f 615/4736 616/4737 516/4738 600/4739
f 1395/4740 1413/4741 1407/4742
f 2638/1861 2590/1860 2433/4743 2432/4744
f 4653/1200 4660/1199 4654/4745 4652/4746
f 3252/4747 3291/4748 3156/4749 3079/4750
f 3416/4751 3386/4752 3358/4753 3379/4754
f 1381/4755 1425/4756 1404/4757 1358/4758
f 1138/4759 1177/4760 1076/4761 1056/247
f 604/4762 664/2673 615/2676 585/4763
f 3989/4764 4236/4765 4170/4766 3918/4767
f 2955/4768 2973/4769 2794/4770 2793/4771
f 1623/1551 1664/4772 1545/4773 1523/1552
f 4510/4774 4613/1273 4607/1276 4492/4775
f 3509/4776 3399/2219 3398/4777 3507/4778
f 671/4779 733/4430 704/4780 641/4781
f 4050/4782 4142/4783 3922/4784 3813/4017
f 3633/4785 3779/4786 3683/4787 3577/4788
f 1620/3756 1604/3755 1590/4789 1619/4790
f 704/4791 742/4792 665/4793 641/4794
f 3604/4795 3829/4796 3734/958 3526/4797
f 2555/4798 2609/4799 2556/4800 2467/4801
f 971/4802 997/4803 965/4804 897/3450
f 455/2832 504/4805 442/826 358/2833
f 4631/4806 4717/4807 4718/2470 4632/4808
f 4270/2075 4399/4809 4376/4810 4247/2076
f 1418/4732 1436/4811 1437/4733
f 1413/4812 1438/4813 1430/4814
f 1733/2880 1732/4815 1694/2167 1731/2166
f 1936/917 1916/4816 1811/3237 1864/918
f 4446/4817 4533/4818 4513/4819 4403/4820
f 2802/4821 2839/4822 2620/4823 2600/4824
f 3312/56 3313/55 3225/1051 3224/1050
f 1923/4825 1728/498 1702/497 1922/4826
f 3267/4827 3299/4828 3183/4829 3116/4830
f 1467/4831 1485/1579 1434/4832 1417/3413
f 3163/4833 3149/4834 3148/4835 3151/4836
f 2372/4837 2562/1567 2489/4838 2321/4839
f 896/4840 926/4841 887/4842 871/4843
f 1232/4844 1233/4845 1179/2653 1178/4846
f 1915/1596 1959/4847 1860/4848 1826/1597
f 3276/1103 3304/1102 3261/4849 3172/4850
f 1435/105 1451/104 1453/4851
f 3325/4852 3324/4853 3317/4854 3322/4855
f 1408/4856 1454/4857 1445/4858 1409/4859
f 3546/2381 3521/2380 3500/4860 3545/4861
f 197/4862 279/4863 241/4864 173/4865
f 2411/1257 2303/4866 2302/4867 2410/1258
f 1436/4868 1460/4869 1458/4870
f 4188/4871 4189/4872 4186/4873 4187/4874
f 1908/4875 2098/3207 2057/3210 1875/4876
f 685/872 752/4877 734/4878 640/2465
f 3438/4879 3348/4880 3332/4881 3432/4882
f 419/4883 439/4884 248/4885 247/4886
f 2485/4070 2432/4887 2241/1636 2291/1635
f 3814/4888 3855/4889 3658/4890 3626/4891
f 3531/4892 3430/1361 3399/4893 3509/4894
f 3410/3339 3462/2277 3435/4895 3409/3340
f 634/4896 683/4897 658/4898 593/4899
f 1363/4587 1407/3855 1386/3854 1328/4350
f 3573/3305 3567/1512 3566/1515 3572/3306
f 2209/4900 2268/4901 2210/599 2187/602
f 1492/4902 1645/4903 1539/4904 1471/4905
f 639/4906 718/4907 662/2377 595/2376
f 4266/4908 4410/4909 4371/4910 4207/4911
f 1729/2205 1690/2206 1618/4912 1671/4913
f 1458/4914 1477/4915 1459/155
f 1453/4916 1470/4917 1478/4918
f 711/4919 721/4920 573/4921 512/4922
f 2023/4923 2089/4924 1947/4925 1873/1227
f 328/4256 247/859 187/858 297/4257
f 762/4926 745/4927 751/4928 719/4929
f 574/4930 587/4931 586/4932 570/4933
f 3033/4934 3048/3204 2939/1113 2920/1112
f 2015/4935 2035/1701 2016/1704 1970/4936
f 4063/4937 4276/4938 4236/4765 3989/4764
f 166/642 167/1021 126/4939 125/640
f 1680/1282 1716/4940 1681/4941 1675/1283
f 1701/4942 1683/4943 1682/4944 1700/4593
f 3207/4945 3209/4946 3125/4947 3124/4948
f 2057/3210 2204/4949 1986/4950 1875/4876
f 3635/4951 3695/4952 3682/261 3602/2671
f 3421/4026 3553/4953 3563/4954 3402/4027
f 1452/4955 1492/4902 1471/4905
f 3619/8 3634/7 3601/4956 3579/4957
f 315/2642 316/2641 276/4958 275/4959
f 1524/4245 1610/4960 1511/4961 1473/4962
f 502/1799 592/4963 503/4964 443/1800
f 1476/4965 1496/4966 1477/4967
f 4564/4968 4582/4969 4479/2906 4478/2905
f 4199/4970 4136/4971 3874/4972 3934/4973
f 414/4530 454/4974 415/4975 351/4976
f 804/4977 826/4978 769/2304 768/2809
f 2139/4979 2299/4980 2246/4981 2078/4982
f 1808/4983 1845/4984 1767/4985 1751/4986
f 3365/4987 3454/4061 3444/2364 3361/4988
f 2346/4989 2446/4990 2347/1713 2260/3837
f 1503/348 1505/2816 1506/349
f 3037/4991 3038/4992 2886/4993 2885/4994
f 4490/4995 4476/4996 4405/4997 4436/4998
f 1503/4999 1508/3532 1504/3533
f 727/5000 827/5001 789/5002 708/5003
f 1065/5004 1199/5005 1190/5006 1061/5007
f 615/2194 600/5008 567/5009 521/2192
f 613/5010 640/1292 533/2467 504/2466
f 1258/4039 1311/5011 1259/5012 1223/4040
f 3860/4161 3959/4173 3904/5013 3795/5014
f 277/675 318/1122 275/1121 235/962
f 3968/2849 3969/2852 3759/5015 3733/5016
f 1507/347 1509/346 1520/5017
f 1910/5018 2097/5019 2098/3207 1908/4875
f 82/5020 83/5021 39/2875 41/2874
f 4449/5022 4411/2605 4408/2604 4406/5023
f 3337/5024 3336/433 3319/436 3330/5025
f 3099/3171 3034/5026 2978/2237 3068/2236
f 2364/5027 2466/5028 2333/5029 2216/5030
f 45/5031 89/5032 65/5033 42/5034
f 3556/5035 3557/5036 3474/5037 3465/5038
f 2072/5039 2105/5040 1959/4847 1915/1596
f 1506/349 1529/5041 1509/346
f 400/828 387/1389 386/1388 399/1520
f 1489/5042 1490/5043 1532/5044
f 1479/2157 1495/2156 1476/5045 1460/5046
f 4262/336 4274/335 4062/5047 4020/5048
f 1502/5049 1544/5050 1467/5051 1449/5052
f 1204/680 1239/419 1237/4291 1201/4092
f 1520/5017 1530/5053 1538/5054
f 706/5055 681/3087 657/5056 703/5057
f 80/4 96/3 79/5058 76/5059
f 4754/5060 4733/5061 4741/5062 4728/5063
f 1487/5064 1541/5065 1488/5066
f 1067/5067 1139/5068 1095/5069 1068/3730
f 717/2740 639/5070 638/5071 716/5072
f 4445/4148 4446/4817 4287/5073 4344/4149
f 1614/5074 1628/5075 1620/3756 1619/4790
f 1581/5076 1663/5077 1629/3587 1548/3586
f 1477/4915 1550/5078 1510/156 1459/155
f 3507/5079 3699/119 3700/122 3509/5080
f 2652/5081 2678/5082 2650/5083 2605/5084
f 2583/5085 2445/5086 2444/5087 2582/5088
f 3017/5089 3059/5090 2912/5091 2880/2183
f 2865/1363 2866/3086 2814/5092 2835/5093
f 4713/5094 4763/2471 4718/2470 4717/4807
f 4750/5095 4761/5096 4740/5097 4739/5098
f 662/2377 743/5099 691/5100 661/273
f 4741/5101 4731/5102 4715/5103 4728/5104
f 3796/5105 3906/4695 3820/5106 3721/5107
f 544/1948 600/5108 516/1849 457/1848
f 1555/5109 1559/5110 1560/5111
f 4037/5112 4307/2706 4263/4672 3987/5113
f 4006/5114 4008/5115 4004/5116 4005/5117
f 734/5118 797/2270 783/5119 698/5120
f 254/5121 255/5122 219/5123 218/5124
f 4028/3297 3975/5125 3952/5126 4027/3298
f 1590/4789 1604/3755 1565/5127 1562/5128
f 1051/1321 1077/1754 1057/1756 1021/1322
f 3187/5129 3211/5130 3186/4332 3165/4335
f 351/5131 352/5132 317/5133 312/5134
f 2860/5135 3039/5136 3024/4424 2792/4423
f 3103/5137 3221/33 3104/36 3025/5138
f 514/5139 515/5140 466/5141 465/5142
f 2651/5143 2650/5144 2574/5145 2649/5146
f 360/5147 403/4640 290/677 289/5148
f 4079/5149 4144/5150 4122/5151 4031/5152
f 1356/5153 1399/5154 1348/5155 1310/5156
f 4200/3651 4295/5157 4279/5158 4174/978
f 3006/910 2977/2247 2952/2249 2976/911
f 1547/5159 1580/5160 1581/5076
f 4717/5161 4727/5162 4680/5163 4679/4394
f 313/5164 407/5165 374/5166 284/5167
f 2606/5168 2743/3048 2627/3050 2468/5169
f 3601/5170 3635/4951 3602/2671 3554/2835
f 1558/5171 1587/543 1559/5172
f 3041/5173 3205/5174 3195/3406 3042/3405
f 2598/3860 2817/3859 2780/5175 2572/5176
f 370/5177 457/1848 427/1847 346/5178
f 2596/5179 2597/5180 2403/5181 2387/5182
f 4283/5183 4300/5184 4089/5185 4205/5186
f 2643/5187 2644/5188 2408/2971 2392/2970
f 4052/5189 4143/5190 4000/5191 3856/5192
f 2330/5193 2346/5194 2260/5195 2231/5196
f 526/4477 588/4476 528/5197 476/5198
f 142/5199 143/5200 82/5201 75/5202
f 1986/4950 1951/5203 1778/5204 1875/4876
f 3005/5205 3020/1438 2977/1441 3006/5206
f 592/5207 634/4896 593/4899 503/5208
f 1566/5209 1567/5210 1600/5211
f 2844/5212 2912/5213 2828/5214 2827/5215
f 1534/4621 1568/5216 1519/5217 1491/4622
f 2285/5218 2293/5219 2255/5220 2254/5221
f 342/5222 369/5223 343/5224 309/5225
f 4104/5226 4048/3296 4047/3299 4101/3775
f 58/5227 60/5228 54/5229 57/5230
f 3981/5231 3908/3887 3881/3889 3960/5232
f 129/5233 133/5234 68/846 67/849
f 2779/5235 2937/909 2919/912 2777/5236
f 2327/5237 2342/5238 2293/5239 2285/5240
f 244/5241 252/5242 243/5243 215/5244
f 1793/2569 1816/5245 1791/5246 1787/5247
f 1511/4961 1610/4960 1582/5248
f 873/5249 935/5250 928/5251 855/5252
f 3533/5253 3551/5254 3400/5255 3388/3155
f 1984/5256 2128/5257 2095/5258 1976/1125
f 2502/5259 2526/4289 2356/5260 2317/5261
f 4470/4378 4476/4377 4448/5262 4435/5263
f 1312/3046 1357/5264 1324/4537 1269/5265
f 4173/5266 4199/5267 3934/5268 3873/5269
f 3424/3585 3538/1379 3393/3817 3314/5270
f 1667/5271 1762/5272 1706/1691 1632/231
f 650/2339 736/2638 724/2607 637/2482
f 626/5273 663/2545 647/2544 579/5274
f 1233/4845 1234/5275 1184/2650 1179/2653
f 1380/5276 1385/5277 1362/5278 1361/5279
f 3930/5280 4168/5281 4125/5282 3915/5283
f 1620/5284 1628/5285 1625/2514
f 1354/4076 1396/5286 1355/5287 1311/5011
f 4203/5288 4216/5289 4057/4370 4055/4369
f 813/3443 814/5290 726/2683 747/2682
f 1926/5291 2068/5292 2056/5293 1905/5294
f 3059/5295 3206/754 3205/5296 3041/5297
f 107/2914 121/5298 106/5299 99/2915
f 2079/5300 2141/5301 2080/5302 2046/5303
f 4577/5304 4593/5305 4520/5306 4512/5307
f 1887/2936 2038/5308 1888/5309 1752/5310
f 1627/4660 1672/1780 1645/1779 1591/4661
f 2642/1020 2618/5311 2405/5312 2404/2839
f 4060/5313 4185/5314 4231/5315 4108/5316
f 1206/5317 1187/5318 1117/5319 1124/5320
f 2045/5321 2047/5322 2003/181 2032/180
f 4212/5323 4210/1342 4099/1345 4161/3354
f 1589/3133 1603/5324 1641/3130
f 1520/5017 1537/5325 1521/5326 1507/347
f 2526/4289 2571/4288 2389/5327 2356/5260
f 111/5328 117/5329 102/2 100/1
f 4435/5263 4448/5262 4331/709 4330/708
f 1309/5330 1361/5331 1334/5332 1278/5333
f 1939/5334 1918/5335 1851/5336 1850/5337
f 4414/5338 4413/5339 4317/5340 4346/5341
f 3877/5342 3815/5343 3641/5344 3688/5345
f 3256/5346 3257/5347 3112/5348 3114/5349
f 4740/5097 4670/5350 4671/5351 4739/5098
f 1238/5352 1299/5353 1297/184 1245/183
f 1690/2206 1833/784 1797/2490 1688/5354
f 2554/5355 2513/5356 2484/3057 2538/3056
f 1323/5357 1331/5358 1298/1476 1296/1475
f 545/2125 629/2303 617/5359 471/5360
f 410/5361 477/5362 436/1340 411/2811
f 3385/1650 3386/4752 3414/5363 3381/1651
f 4335/3016 4425/5364 4412/5365 4315/3017
f 1267/5366 1279/5367 1180/5368 1173/5369
f 4325/5370 4283/5371 4260/5372 4302/5373
f 1130/5374 1208/242 1169/245 1077/1754
f 3368/5375 3391/5376 3303/5377 3291/4748
f 2878/5378 2879/5379 2833/5380 2875/4401
f 4281/4140 4351/5381 4204/5382 4147/4141
f 2124/5383 2143/5384 2066/1702 2035/1701
f 4388/3011 4360/2100 4197/2103 4277/5385
f 647/5386 648/5387 580/2073 579/2072
f 3333/5388 3334/5389 3327/5390 3306/5391
f 1488/5066 1462/5392 1461/5393 1487/5064
f 2178/5394 1987/5395 1954/5396 2177/5397
f 4375/5398 4391/5399 4256/3977 4216/3976
f 1675/5400 1677/5401 1678/5402
f 728/5403 729/5404 675/5405 686/5406
f 3703/4701 3553/5407 3552/5408 3702/4702
f 3052/5409 3037/5410 2885/5411 2906/5412
f 1676/5413 1682/1466 1683/5414
f 1564/5415 1569/5416 1535/5417 1528/5418
f 806/5419 819/5420 741/5421 731/5422
f 3051/5423 2905/5424 2904/5425 3050/5426
f 426/1946 544/1948 457/1848 370/5177
f 3030/1630 3040/1629 2841/5427 2823/5428
f 3589/5429 3850/5430 3849/5431 3562/5432
f 1629/3587 1738/5433 1671/5434 1578/3588
f 3077/5435 3198/5436 3110/5437 2995/1795
f 3929/5438 4018/5439 3945/5440 3863/5441
f 622/5442 620/2620 478/5443 532/5444
f 3733/5016 3759/5015 3620/5445 3580/5446
f 2736/5447 2791/4031 2647/4033 2563/5448
f 446/5449 456/5450 345/1644 357/1643
f 1947/4925 2090/5451 1948/5452 1872/1228
f 3292/3663 3230/3662 3147/1810 3243/1809
f 256/5453 306/5454 270/5455 186/5456
f 3775/3025 3825/745 3776/748 3724/3026
f 611/5457 670/5458 612/851 535/850
f 406/5459 507/2245 506/2244 389/1822
f 4191/1736 4205/5186 4088/5460 4186/5461
f 1273/5462 1303/4586 1271/1398 1237/5463
f 2826/5464 2831/5465 2827/5466 2825/5467
f 1293/5468 1326/5469 1300/5470 1277/5471
f 2233/5472 2365/5473 2092/5474 2090/5451
f 4632/5475 4663/5476 4633/5477 4630/5478
f 4294/5479 4226/5480 4225/1502 4293/5481
f 3471/2476 3613/333 3472/5482 3370/2477
f 742/4716 784/1128 723/1131 665/2922
f 1607/4488 1608/1224 1564/5415 1563/5483
f 4455/5484 4473/5485 4341/5486 4340/5487
f 2324/5488 2506/5489 2490/1841 2325/1840
f 4585/5490 4647/4457 4617/4460 4561/5491
f 3397/197 3508/1430 3507/1433 3398/194
f 760/2741 717/2740 716/5072 759/5492
f 2159/1896 2148/1895 1988/5493 2024/5494
f 2899/5495 2798/5496 2763/57 2848/557
f 1015/5497 1065/5004 1061/5007 1014/5498
f 2725/5499 2905/5500 2923/5501 2724/5502
f 2080/5503 2184/5504 2151/5505 2048/5506
f 948/5507 989/5508 923/5509 878/5510
f 266/5511 304/5512 265/5513 211/5514
f 1880/464 1843/463 1764/5515 1878/5516
f 3649/5517 3684/3281 3603/4229 3544/5518
f 757/5519 795/5520 742/4792 704/4791
f 4696/5521 4745/4518 4709/4521 4673/5522
f 4334/3997 4404/4625 4289/5523 4251/1089
f 4170/5524 4370/5525 4328/4635 4117/5526
f 3150/2511 3154/2267 3148/4835 3149/4834
f 1394/894 1370/5527 1369/5528 1393/895
f 1341/5529 1373/5530 1379/5531 1347/5532
f 3587/5533 3438/4879 3432/4882 3561/5534
f 1000/1202 909/5535 901/5536 999/1203
f 3706/5537 3832/719 3590/5538 3513/5539
f 1411/5540 1433/5541 1412/5542 1393/5543
f 4208/5544 4316/5545 4173/5546 4025/5547
f 4295/5548 4319/5549 4294/5550 4279/5551
f 4518/5552 4581/5553 4580/5554 4507/5555
f 4319/5549 4242/3950 4226/3953 4294/5550
f 4310/5556 4357/5557 4206/3467 4127/5558
f 920/3365 937/5559 918/5560 915/3366
f 4503/5561 4585/5562 4561/5563 4483/5564
f 2742/3448 2770/3447 2583/5085 2582/5088
f 2473/5565 2723/5566 2688/5567 2438/5568
f 4272/5569 4303/5570 4148/5571 4112/5572
f 1743/934 1731/2166 1693/2165 1742/5573
f 2345/1967 2445/5574 2466/5575 2364/1968
f 345/5576 292/5577 227/790 288/1008
f 1768/286 1769/3980 1723/3983 1721/287
f 4029/5578 4082/5579 3941/819 4002/818
f 3023/4302 3162/2712 3114/5580 2998/5581
f 735/5582 801/5583 690/68 648/71
f 3609/5584 3610/5585 3567/1512 3573/3305
f 2950/5586 2896/1362 2787/1365 2836/3429
f 144/5587 154/5588 84/5589 69/5590
f 2674/3220 2542/5591 2495/5592 2633/3221
f 4380/2542 4378/5593 4220/4103 4219/2543
f 879/5594 924/2679 896/2680 871/5595
f 2882/5596 2849/5597 2766/5598 2765/5599
f 1661/2624 1774/5600 1775/5601
f 1074/1413 1130/5374 1077/1754 1051/1321
f 1672/1780 1739/5602 1707/1781
f 458/1056 392/5603 364/5604 430/1057
f 1647/3104 1775/5605 1744/1124
f 4405/4380 4406/4379 4312/5606 4311/5607
f 1362/5608 1338/5609 1334/5610 1361/5611
f 2959/5612 2935/5613 2934/5614 2960/5615
f 3464/5616 3440/5617 3435/4895 3463/5618
f 4185/25 4060/5619 3963/2004 4090/2003
f 2130/1526 1992/5620 1956/2369 2103/1527
f 1750/4014 1785/4013 1751/5621
f 1907/4606 1977/4605 1820/5622 1760/5623
f 1666/5624 1692/5625 1628/5285 1583/5626
f 4696/5627 4673/5628 4637/5629 4695/5630
f 2232/1716 2348/1715 2233/5631 2089/5632
f 2436/5633 2224/3919 2223/3918 2388/5634
f 4704/5635 4699/777 4584/5636 4589/5637
f 3724/5638 3776/5639 3752/5640 3691/5641
f 2810/5642 2713/1568 2712/1571 2809/5643
f 838/2402 841/5644 826/5645 804/2403
f 681/3087 706/5055 714/5646 672/3088
f 325/5647 393/5648 407/5649 313/5650
f 964/5651 1020/5652 971/4802 895/5653
f 469/2116 468/4443 461/5654 467/4705
f 1665/5655 1799/5656 1734/5657
f 368/5658 413/4529 350/4531 311/5659
f 1731/2166 1743/934 1800/937
f 2845/5660 2864/5661 2810/5662 2831/5663
f 1857/5664 1957/5665 1912/5666 1782/5667
f 65/5668 66/5669 43/5670 42/5671
f 897/5672 965/5673 907/5674 859/5675
f 1037/5676 986/5677 985/5678 1036/5679
f 1004/5680 1016/5681 982/5682 968/5683
f 1903/956 2039/5684 1904/5685 1795/5686
f 973/249 1007/248 972/5687 949/5688
f 2498/5689 2683/5690 2681/5691 2496/5692
f 465/5142 466/5141 460/5693 462/5694
f 1270/5695 1290/5696 1260/5697 1236/5698
f 3894/1367 3685/5699 3668/5700 3847/1368
f 3124/5701 3125/5702 3038/4992 3037/4991
f 2158/5703 2197/5704 2027/5705 1990/5706
f 3073/3172 3068/2236 3064/2239 3071/5707
f 32/5708 31/5709 24/5710 26/5711
f 2785/5712 2811/5713 2775/3251 2760/3250
f 1019/5714 1028/5715 935/5716 934/5717
f 1638/5718 1639/5719 1797/5720
f 1050/102 1071/101 1048/5721 1030/5722
f 1656/5723 1655/5724 1818/5725
f 3156/4749 3253/5726 3105/5727 3016/5728
f 1671/4913 1819/5729 1729/2205
f 1803/5730 1839/5731 1714/5732 1713/5733
f 1710/570 1821/569 1822/5734
f 4002/1994 4003/5735 3786/5736 3769/1995
f 3957/5737 4058/1819 4034/4693 3905/4692
f 1267/5366 1335/989 1336/988 1279/5367
f 1321/5738 1338/5739 1286/5740 1265/2348
f 4122/5741 4246/5742 4181/5743 4032/5744
f 3753/5745 3885/5746 3883/5747 3774/5748
f 1142/5749 1156/5750 1144/5751 1122/5752
f 3637/5753 3671/5754 3503/5755 3482/5756
f 1637/2491 1830/338 1831/341
f 2759/5757 2846/5758 2711/5759 2612/5760
f 3963/5761 3961/4160 3859/4159 3962/5762
f 2730/1604 2837/5763 2797/5764 2704/1605
f 3558/5765 3583/5766 3582/5767 3489/5768
f 3146/5769 3124/4948 3037/5410 3052/5409
f 799/5770 738/2644 688/2602 798/3076
f 1739/5602 1838/5771 1779/5772
f 4064/1244 4094/1243 3891/5773 3893/5774
f 4089/2006 4300/2965 4301/2122 4090/2003
f 2603/5775 2757/5776 2666/2950 2530/2949
f 1532/5777 1586/3116 1531/4461 1489/5778
f 1175/191 1209/5779 1138/5780 1094/192
f 3083/4699 3056/4698 2971/2948 3054/2947
f 1808/5781 1824/2594 1842/2593
f 1498/5782 1500/5783 1446/1931 1445/1930
f 4068/4523 4130/5784 3895/5785 3830/46
f 170/5786 209/5787 158/5788 141/5789
f 109/110 140/109 123/662 101/5790
f 1761/2046 1801/1557 1649/5791 1613/5792
f 1478/5793 1479/5794 1460/5795 1453/5796
f 3105/5727 3238/5797 3096/5798 2983/5799
f 4207/3896 4371/5800 4335/3016 4159/3015
f 1570/232 1644/1692 1609/2440 1536/5801
f 1656/5802 1818/5803 1755/5804 1703/5805
f 3589/5806 3419/5807 3433/5808 3588/5809
f 2099/5810 2206/5811 2180/5812 2100/5813
f 4392/5814 4439/5815 4351/5381 4281/4140
f 2622/5816 2646/5817 2476/1472 2415/1471
f 4149/5818 3982/5819 3966/220 4148/219
f 3294/5820 3301/5821 3245/5822 3231/5823
f 4656/5824 4710/1092 4674/1095 4657/1688
f 976/2208 1017/5825 996/5826 963/2209
f 4289/5827 4330/5828 4154/5829 4130/5784
f 3412/5830 3526/4797 3479/5831 3413/5832
f 1998/5833 2044/5834 2030/5835 1938/4439
f 1333/5836 1339/1656 1276/1658 1257/5837
f 3576/2881 3632/5838 3542/1288 3540/1291
f 2580/2709 2668/5839 2603/5840 2529/762
f 4134/1088 3948/1091 3898/2979 4133/2978
f 3207/4945 3277/5841 3262/5842 3209/4946
f 1776/1443 1759/1442 1871/5843
f 1596/5844 1653/2115 1532/5044 1490/5043
f 2931/2600 3003/2599 2948/5845 2893/5846
f 482/5847 464/5848 463/5849 481/5850
f 512/1830 573/5851 429/5852 365/1828
f 2746/5853 2785/5712 2760/3250 2715/5854
f 429/5855 573/4316 556/4319 418/5856
f 4076/5857 4180/5858 4077/5859 3923/699
f 1852/3010 1868/3009 1828/5860 1816/5245
f 4560/5861 4530/5862 4494/316 4559/315
f 2868/5863 2869/5864 2720/5865 2719/5866
f 330/5867 341/5868 220/5869 199/5870
f 1166/4422 1182/4421 1152/5871 1144/5872
f 1719/5873 1720/5874 1681/4941 1716/4940
f 4109/5875 4248/5876 4167/116 4017/115
f 763/5877 802/5878 727/5879 709/5880
f 3357/3597 3415/2730 3383/2733 3341/3598
f 1738/5881 1773/5882 1891/5883
f 2771/995 2966/5884 2944/1172 2772/996
f 3974/5885 4161/3354 4099/1345 3950/5886
f 192/1045 191/5887 153/621 172/620
f 1841/5888 2028/5889 1934/5890 1747/5891
f 3945/490 4126/5892 4093/5893 3886/491
f 4649/4458 4616/5894 4605/5895 4623/4459
f 3055/4301 3185/2713 3162/2712 3023/4302
f 2220/5896 2056/5293 2068/5292 2219/5897
f 2041/5898 2237/1331 2198/1330 1991/5899
f 329/5900 308/4324 190/855 248/865
f 4298/5901 4349/5902 4213/4020 4177/717
f 2950/5586 2897/1531 2882/5903 2898/5904
f 4648/5905 4647/4457 4585/5490 4615/5906
f 753/5907 755/2975 668/5908 667/5909
f 1493/5910 1551/5911 1486/5912 1465/5913
f 1205/805 1263/3449 1249/5914 1188/3159
f 1228/5915 1293/5468 1277/5471 1208/5916
f 1749/295 1784/5917 1750/5918 1726/5919
f 4475/5920 4575/4481 4568/4480 4456/5921
f 4362/2180 4363/2179 4241/5922 4240/5923
f 133/4051 142/4050 75/5924 68/5925
f 3884/5926 3965/5927 3911/5928 3823/5929
f 1842/2593 1843/5930 1845/5931 1808/5781
f 1139/5932 1210/4294 1164/3604 1095/5933
f 3459/5934 3491/5935 3368/5936 3335/5937
f 4543/5938 4445/4148 4460/4147 4534/5939
f 2119/5940 2120/313 2015/5941 2014/5942
f 1881/1678 1858/1677 1768/2028 1783/5943
f 1390/2790 1427/5944 1408/2559 1383/2562
f 1702/497 1817/1264 1922/4826
f 1736/5945 1911/5946 1841/5888 1668/5947
f 1754/5948 1796/5949 1670/5950 1659/5951
f 2870/5952 2767/5953 2720/5865 2869/5864
f 4387/5954 4423/5955 4288/5956 4250/5957
f 4687/5958 4724/5959 4710/1092 4656/5824
f 2374/729 2586/5960 2540/1897 2366/730
f 1834/2879 1928/2878 1929/5961
f 4499/5962 4599/2052 4588/2051 4480/5963
f 4292/5964 4208/5544 4175/976 4280/5965
f 1742/5573 1931/935 1743/934
f 2024/5494 1988/5493 1821/1097 1931/1096
f 1583/5626 1628/5285 1614/5966 1540/5967
f 4694/1559 4646/5968 4621/5969 4672/1560
f 4441/5970 4455/5484 4340/5487 4303/5570
f 1384/5971 1388/5972 1364/4642 1360/4641
f 528/5973 557/5974 394/679 376/678
f 2141/5301 2208/5975 2184/5976 2080/5302
f 4607/1276 4619/4169 4493/4171 4492/4775
f 4243/5977 4268/5978 4050/4782 3999/5979
f 4570/5980 4549/5981 4486/5982 4485/5983
f 3216/5984 3231/5823 3167/5985 3164/5986
f 4088/5987 4087/5988 4187/4874 4186/4873
f 1566/4197 1601/92 1574/95 1557/4198
f 3679/5989 3771/4491 3678/4490 3595/5990
f 3591/5991 3639/701 3592/5992 3568/5993
f 1872/1228 1873/1227 1947/4925
f 2963/5994 2901/5995 2870/5952 2961/5996
f 2646/1670 2664/1669 2507/5997 2476/5998
f 574/4724 570/5999 568/6000 525/4725
f 691/5100 728/6001 686/274 661/273
f 1740/2439 1778/2438 1951/6002
f 1822/6003 1989/1590 1911/1589 1736/6004
f 59/205 71/204 64/6005 61/6006
f 2135/6007 2314/6008 2292/6009 2117/6010
f 2370/6011 2545/6012 2546/6013 2341/6014
f 202/6015 205/6016 200/6017 201/6018
f 3542/1288 3633/6019 3577/1647 3498/1289
f 4586/6020 4540/6021 4519/1182 4569/1181
f 1046/4707 1123/6022 1081/6023 1026/4708
f 3172/6024 3261/6025 3196/6026 3093/6027
f 2468/5169 2627/3050 2448/6028 2295/6029
f 2377/4567 2205/4566 2178/5394 2369/6030
f 3271/6031 3240/6032 3146/5769 3255/4633
f 552/6033 584/2231 547/2797 492/6034
f 3304/6035 3380/6036 3315/6037 3226/6038
f 3436/140 3437/6039 3378/6040 3377/141
f 2165/6041 2044/6042 2031/6043 2150/6044
f 3564/6045 3765/2784 3659/2787 3484/239
f 3110/4634 3255/4633 3146/5769 3052/5409
f 3088/3777 3095/1626 2982/4212 2972/4211
f 1469/4246 1524/4245 1473/4962 1441/6046
f 994/6047 1001/6048 929/6049 913/6050
f 4734/6051 4743/972 4736/975 4732/6052
f 2910/6053 2943/6054 2873/4239 2830/6055
f 142/6056 272/6057 271/6058 143/6059
f 1820/6060 1977/3259 1953/3258
f 2227/6061 2370/6011 2341/6014 2166/6062
f 2037/2935 2194/6063 2038/5308 1887/2936
f 1424/6064 1466/4620 1448/4623 1402/6065
f 3174/1812 3083/1811 3054/6066 3127/6067
f 188/6068 189/6069 183/6070 180/6071
f 995/172 1053/6072 1043/6073 981/173
f 3544/6074 3518/6075 3499/1649 3543/1648
f 2321/4839 2489/4838 2382/6076 2229/6077
f 4261/6078 4302/5373 4260/5372 4259/6079
f 4347/328 4383/327 4267/1161 4254/6080
f 1949/6081 1985/3276 1950/3277
f 2206/6082 2147/6083 2096/6084 2180/6085
f 2807/965 2822/964 2693/6086 2692/3213
f 4425/646 4471/645 4453/3720 4412/6087
f 3877/5342 4230/6088 4080/6089 3815/5343
f 4591/112 4666/6090 4636/6091 4576/6092
f 44/6093 49/6094 26/6095 25/6096
f 3143/6097 3276/1103 3172/4850 3046/6098
f 4059/6099 4123/6100 4054/6101 4008/6102
f 1070/6103 1107/6104 1074/6105 1049/6106
f 306/6107 392/3266 373/3265 270/6108
f 660/6109 763/5877 709/5880 651/6110
f 3804/6111 4116/6112 4037/5112 3727/6113
f 2536/3055 2465/3054 2464/6114 2535/6115
f 2985/2890 3044/2889 2908/6116 2834/3656
f 4764/2472 4763/2471 4742/6117 4719/6118
f 3435/4895 3440/5617 3411/6119 3409/3340
f 1854/6120 1889/6121 2005/6122
f 1819/5729 1891/5883 2006/6123
f 3319/436 3320/435 3316/6124 3318/6125
f 505/1834 425/1833 415/6126 454/6127
f 3727/6113 3728/6128 3600/6129 3599/6130
f 2352/6131 2235/6132 2197/5704 2336/3566
f 2830/6055 2873/4239 2829/4242 2825/6133
f 3064/2239 2965/2238 2964/1940 3063/4113
f 1109/3823 1135/3902 1113/3828 1108/3821
f 914/6134 893/6135 867/6136 877/6137
f 3423/6138 3459/5934 3335/5937 3299/4828
f 4240/5923 4241/5922 4070/766 4069/765
f 1562/6139 1565/6140 1561/6141 1556/6142
f 1636/3115 1696/4168 1634/6143 1584/4462
f 3298/6144 3309/6145 3220/927 3182/926
f 843/3231 832/6146 770/6147 771/3399
f 3354/6148 3355/6149 3336/6150 3337/6151
f 1870/6152 2022/6153 1927/6154
f 3676/6155 3853/6156 3677/6157 3627/6158
f 3306/6159 3327/3660 3292/3663 3293/1823
f 4179/3611 4297/2821 4201/2824 4001/6160
f 3467/1608 3429/6161 3428/6162 3466/1609
f 1026/3197 1081/6163 1059/6164 1005/3198
f 3338/434 3364/6165 3339/6166 3320/435
f 3829/6167 4118/6168 4023/6169 3734/6170
f 2950/5586 2898/5904 2881/3085 2896/1362
f 2803/6171 2804/6172 2622/6173 2602/4079
f 2728/4352 2786/3815 2727/3219 2702/2958
f 357/6174 318/1122 277/675 319/674
f 1560/3714 1603/5324 1589/3133 1562/3715
f 1391/357 1415/356 1380/3812 1349/3811
f 1944/6175 1945/6176 2036/6177
f 631/3744 499/2146 431/6178 498/6179
f 3086/4679 3087/4678 3009/6180 3021/6181
f 2608/6182 2626/6183 2609/4799 2555/4798
f 909/6184 934/6185 873/6186 872/6187
f 2547/1654 2725/5499 2724/5502 2506/6188
f 3654/6189 3931/3895 3871/1403 3621/1402
f 2520/6190 2559/6191 2369/6192 2367/6193
f 2704/1605 2797/5764 2795/6194 2683/6195
f 4136/4971 4041/6196 3784/1504 3874/4972
f 2814/6197 2682/6198 2681/6199 2796/6200
f 1710/6201 1822/6003 1736/6004 1652/6202
f 1762/6203 1908/4875 1875/4876 1706/6204
f 3437/6205 3530/6206 3504/6207 3415/6208
f 4403/6209 4513/6210 4488/6211 4386/6212
f 2568/6213 2758/2019 2653/2022 2447/1714
f 1018/6214 1044/6215 989/6216 948/6217
f 2255/5220 2294/6218 2256/3120 2214/3119
f 789/6219 824/6220 735/6221 708/6222
f 1925/782 2006/6123 2036/783
f 2077/3603 2110/3602 2033/4067 2002/4066
f 3447/6223 3529/6224 3449/6225 3375/6226
f 2439/1071 2620/6227 2601/6228 2412/1072
f 886/6229 956/3232 892/3235 825/6230
f 3193/3590 3297/3830 3288/3833 3170/3591
f 3389/6231 3390/6232 3287/6233 3286/6234
f 2854/4138 2989/1417 2990/6235 2855/6236
f 1711/953 1746/952 1650/4082 1624/4081
f 4282/6237 4229/6238 4163/4689 4166/6239
f 3811/1011 3704/6240 3535/6241 3701/4064
f 2054/6242 2055/6243 1853/1310 1869/3960
f 4552/6244 4593/5305 4577/5304 4532/6245
f 2562/1567 2801/1566 2769/4023 2489/4838
f 2248/311 2438/5568 2391/6246 2249/6247
f 2115/2185 2127/1374 1983/6248 1975/6249
f 1974/6250 2005/6251 2022/6252
f 3513/5539 3590/5538 3423/6253 3367/6254
f 2641/6255 2853/6256 2731/345 2503/6257
f 2118/6258 2149/6259 2000/6260 1999/6261
f 3349/6262 3352/6263 3251/6264 3236/6265
f 2497/6266 2311/632 2337/631 2496/6267
f 3155/6268 3182/6269 3139/3482 3134/3485
f 2225/6270 2280/6271 2137/6272 2136/2799
f 4303/5570 4340/5487 4149/6273 4148/5571
f 350/4531 414/4530 351/4976 312/6274
f 2818/6275 2994/6276 2802/4821 2662/6277
f 2089/4924 2233/5472 2090/5451 1947/4925
f 1169/245 1242/244 1216/6278 1125/1755
f 3127/6067 3054/6066 3053/6279 3126/6280
f 2914/6281 2947/3510 2930/3513 2892/6282
f 522/6283 571/6284 523/6285 493/6286
f 3184/6287 3075/2802 3051/2801 3161/6288
f 4389/1171 4427/1170 4296/6289 4244/6290
f 2846/5758 2956/6291 2847/6292 2711/5759
f 2234/6293 2058/1555 2025/1554 2205/6294
f 1608/1224 1631/1223 1569/5416 1564/5415
f 1191/4041 1223/4040 1192/3718 1156/6295
f 94/77 78/2966 77/2969 93/78
f 3614/6296 3574/6297 3541/6298 3600/6299
f 2184/6300 2319/4626 2300/4629 2151/6301
f 85/6302 155/6303 156/6304 89/6305
f 1948/5452 2090/5451 2092/5474
f 3594/6306 3679/5989 3595/5990 3487/6307
f 4466/6308 4343/6309 4306/413 4443/6310
f 2420/6311 2425/6312 2419/1151 2416/1154
f 1522/3589 1578/3588 1533/1874 1508/3532
f 3834/6313 4081/6314 3956/331 3709/330
f 3978/6315 4106/6316 3921/6317 3855/4889
f 73/6318 63/6319 62/6320 72/6321
f 1075/6322 1168/2060 1123/6022 1046/4707
f 1527/6323 1528/615 1518/618 1517/6324
f 3640/6325 3766/698 3639/701 3591/5991
f 441/6326 541/6327 417/1542 416/1545
f 4248/5876 4417/6328 4377/6329 4167/116
f 1496/4966 1599/6330 1550/6331 1477/4967
f 2695/161 2834/3656 2672/6332 2492/3092
f 3653/6333 3583/5766 3527/6334 3585/6335
f 89/5032 156/536 138/539 65/5033
f 1400/353 1441/352 1403/6336 1357/5264
f 2317/5261 2356/5260 2225/3622 2201/3621
f 1551/6337 1646/6338 1549/1550 1486/4238
f 124/661 107/6339 101/5790 123/662
f 2814/6340 2866/1508 2717/1511 2682/6341
f 966/693 998/6342 969/2896 898/576
f 2648/6343 2692/3747 2649/359 2550/358
f 4539/6344 4615/5906 4585/5490 4503/6345
f 326/1308 269/1307 192/1045 299/1044
f 968/5683 982/5682 967/128 945/127
f 3806/6346 3651/6347 3650/6348 3805/6349
f 3116/4830 3183/4829 3078/6350 3014/6351
f 3570/6352 3591/6353 3568/6354 3565/6355
f 1902/3547 2126/6356 2021/3548
f 4501/2866 4557/2865 4558/1184 4502/1183
f 590/2228 696/6357 694/6358 576/2229
f 1950/6359 2129/6360 2069/6361
f 3846/6362 4095/2528 4096/2531 3865/3278
f 2164/6363 2315/6364 2314/6365 2135/6366
f 4474/6367 4368/6368 4341/6369 4473/6370
f 1060/3932 1063/3705 1009/3704 1002/6371
f 4674/1095 4676/608 4658/607 4657/1688
f 610/6372 450/3625 449/3628 591/4364
f 3176/6373 3248/6374 3216/5984 3164/5986
f 1269/5265 1324/4537 1318/4538 1255/6375
f 1705/2515 1906/6376 1890/6377 1704/2516
f 2216/5030 2333/5029 2172/6378 2039/5684
f 4267/1161 4097/4232 4119/4231 4254/6080
f 1664/2461 1820/6379 1799/6380 1665/2462
f 2955/4768 3081/6381 3080/6382 2973/4769
f 1020/5652 1041/6383 997/4803 971/4802
f 847/2414 877/6137 867/6136 828/2415
f 2913/6384 3000/6385 2956/6291 2846/5758
f 1558/5171 1559/5172 1555/6386 1557/6387
f 2199/1145 2242/1144 2073/6388 2043/6389
f 2455/6390 2289/1525 2236/1528 2384/6391
f 3857/6392 3942/6393 3747/6394 3643/6395
f 2997/6396 3113/6397 3111/1207 3010/1210
f 2328/6398 2327/5237 2285/5240 2286/6399
f 1523/1552 1545/4773 1482/6400 1468/6401
f 4229/6238 4164/6402 4081/4690 4163/4689
f 1512/589 1582/588 1583/6403 1540/3437
f 2231/5196 2260/5195 2155/4469 2145/4468
f 1949/6404 1930/1099 1837/1098 1874/6405
f 4634/6406 4629/6407 4628/6408 4633/6409
f 3205/6410 3269/6411 3254/1950 3195/1949
f 4487/2963 4512/2962 4421/6412 4394/6413
f 4220/6414 4235/6415 4036/4412 4021/6416
f 3040/1962 3057/1961 2861/6417 2841/6418
f 2393/6419 2359/6420 2304/6421 2357/6422
f 936/2213 933/6423 880/6424 882/2214
f 1765/2596 1806/2595 1748/6425 1717/6426
f 1374/6427 1402/6428 1375/6429 1343/6430
f 3495/6431 3515/3947 3496/1290 3494/6432
f 1703/6433 1755/6434 1642/3560 1606/3559
f 3794/4162 3860/4161 3795/5014 3720/6435
f 4011/4172 4012/6436 3958/6437 3959/4173
f 1440/6438 1468/6401 1428/6439 1399/6440
f 2954/6441 2955/6442 2793/6443 2863/6444
f 693/6445 739/6446 666/6447 627/6448
f 2085/6449 2084/6450 2171/6451
f 2390/6452 2641/6453 2503/6454 2318/6455
f 2629/6456 2773/2181 2774/2184 2712/6457
f 1331/5358 1305/6458 1313/4417 1280/6459
f 1582/588 1734/1426 1666/1429 1583/6403
f 1556/6142 1561/6141 1557/6460 1555/6461
f 3270/6462 3260/6463 3171/85 3157/84
f 3846/6362 3865/3278 3684/3281 3649/5517
f 1952/6464 2177/5397 1954/5396
f 1602/500 1603/499 1560/5111 1559/5110
f 646/3871 645/6465 597/6466 564/3872
f 3011/6467 3130/3332 3115/3335 2981/6468
f 2513/5356 2566/6469 2514/6470 2482/6471
f 2270/2322 2271/6472 2210/6473 2268/2323
f 82/5020 143/6474 137/6475 83/5021
f 4582/6476 4597/6477 4496/6478 4479/6479
f 620/2620 608/2619 479/6480 478/5443
f 4565/6481 4499/6482 4498/6483 4509/6484
f 2081/6485 2049/6486 2019/6487 2052/6488
f 4495/6489 4515/6490 4447/6491 4423/6492
f 3895/5785 3866/6493 3669/6494 3653/6495
f 4311/5607 4312/5606 4132/6496 4131/6497
f 2171/6498 2084/6499 2193/6500
f 969/2896 1018/6501 948/6502 885/2897
f 1403/6336 1442/269 1421/272 1378/773
f 2027/6503 2102/6504 1955/6505 1879/6506
f 2086/6507 2115/2185 1975/6249 1924/6508
f 1382/6509 1395/4740 1387/6510 1366/6511
f 3851/3476 3852/3475 3674/6512 3673/3191
f 3305/3396 3331/3395 3281/3529 3263/3528
f 1690/2206 1688/5354 1576/6513 1618/4912
f 1859/6514 1884/3883 1770/293 1769/6515
f 3465/5038 3474/5037 3462/6516 3410/6517
f 2084/6499 2170/6518 2193/6500
f 1443/6519 1447/6520 1416/991 1415/990
f 2521/4585 2522/4584 2334/6521 2351/6522
f 4771/6523 4780/6524 4779/3453 4772/3452
f 2315/3926 2164/6525 2165/6041 2298/6526
f 3426/14 3452/6527 3427/6528 3407/15
f 1430/3853 1457/6529 1410/4348 1386/3854
f 4630/6530 4633/6531 4628/6532 4627/6533
f 4394/6534 4421/6535 4275/1242 4265/1241
f 3982/5819 3928/6536 3913/2388 3966/220
f 461/6537 468/6538 462/6539 460/6540
f 3534/6541 3608/6542 3456/6543 3422/6544
f 2636/6545 2749/6546 2728/6547 2614/6548
f 2828/5214 2830/6055 2825/6133 2827/5215
f 3668/3360 3584/3359 3581/2378 3651/6347
f 2779/6549 2777/6550 2617/6551 2616/6552
f 4458/3189 4469/3188 4387/6553 4382/6554
f 3557/5036 3580/6555 3501/6556 3474/5037
f 4291/3998 4134/1088 4133/2978 4290/2368
f 3373/6557 3374/6558 3355/6559 3354/6560
f 3887/4005 3928/6561 3888/6562 3824/4006
f 271/6563 393/6564 349/6565 232/6566
f 2556/6567 2671/3505 2568/6568 2446/6569
f 4195/6570 3983/6571 3982/6572 4149/6573
f 2755/3687 2850/6574 2837/5763 2730/1604
f 1151/4128 1171/4127 1106/572 1071/571
f 3944/6575 3835/1762 3836/1761 3943/6576
f 2189/3804 2212/6577 2190/6578 2186/887
f 1342/6579 1374/6580 1343/4250 1314/4249
f 2633/3221 2495/5592 2494/1061 2632/1060
f 3519/6581 3520/6582 3497/6583 3518/6584
f 3610/5585 3628/3834 3569/1513 3567/1512
f 3076/6585 2924/6586 2923/6587 3075/6588
f 2686/6589 2732/6590 2544/6591 2487/637
f 3063/4113 3072/6592 3071/5707 3064/2239
f 4555/6593 4466/6308 4443/6310 4531/6594
f 2386/6595 2238/999 2222/998 2385/6596
f 4237/487 4250/5957 4065/6597 4022/4202
f 4526/6598 4563/6599 4463/6600 4426/6601
f 1942/3846 1961/6602 1937/6603 1897/2313
f 2539/3802 2586/3801 2374/6604 2365/6605
f 3739/6606 3993/2148 3973/2149 3699/6607
f 538/1924 644/870 613/873 504/1925
f 4398/6608 4426/6609 4268/6610 4243/6611
f 2082/6612 2142/4617 2122/6613 2083/6614
f 1254/6615 1309/5330 1278/5333 1221/6616
f 222/6617 366/6618 355/6619 233/6620
f 1798/780 1926/5291 1905/5294 1754/781
f 1991/5899 2198/1330 2179/6621 1979/6622
f 4629/6623 4661/6624 4631/6625 4627/6626
f 2205/6294 2025/1554 1987/2045 2178/6627
f 3352/6628 3367/6254 3267/6629 3251/6630
f 2859/6631 2904/5425 2689/1155 2665/1158
f 483/6632 594/6633 564/4704 467/4705
f 1357/5264 1403/6336 1378/773 1324/4537
f 261/6634 370/5177 346/5178 262/6635
f 245/1037 297/1039 187/6636 182/6637
f 985/6638 986/6639 912/6640 980/6641
f 380/6642 384/6643 378/6644 377/6645
f 4224/1501 4318/4186 4293/5481 4225/1502
f 1968/6646 2004/6647 1969/6648 1964/6649
f 1062/2423 1065/2422 1015/786 1003/785
f 162/6650 194/900 159/899 120/76
f 2057/3210 2262/3209 2204/4949
f 2159/6651 2147/6083 2206/6082
f 2058/1555 2234/6293 2263/6652
f 595/2376 661/273 581/276 488/6653
f 1458/4914 1459/155 1437/4733 1436/4811
f 827/6654 857/6655 824/6656 789/6657
f 3015/6658 3043/4085 2911/4088 2877/4548
f 3084/2360 3142/727 3045/6659 2986/6660
f 4672/6661 4621/398 4592/401 4622/6662
f 1437/4733 1459/155 1439/158 1419/4734
f 2726/6663 2740/6664 2678/5082 2652/5081
f 15/6665 17/6666 13/6667 6/6668
f 1068/6669 1095/5933 1084/6670 1072/6671
f 4624/6672 4625/6673 4544/4305 4535/4304
f 3672/6674 3529/3142 3505/3141 3656/6675
f 738/2644 773/6676 737/6677 689/2643
f 1734/5657 1582/5248 1610/4960 1665/5655
f 450/971 559/970 453/3422 413/4529
f 4364/6678 4438/6679 4349/6680 4298/6681
f 4525/626 4542/3878 4495/6489 4469/3188
f 2617/6682 2639/6683 2456/6684 2437/6685
f 895/5653 971/4802 897/3450 852/1129
f 1485/1579 1492/1578 1452/6686 1434/4832
f 102/6687 115/6688 103/6689 96/6690
f 3159/2097 3158/2096 3070/6691 3069/4366
f 4031/6692 4122/6693 4032/6694 3925/6695
f 2059/1637 2060/6696 1914/6697 1916/6698
f 3980/6699 4058/6700 3957/6701 3771/4491
f 278/2489 279/2488 197/6702 196/6703
f 4377/6704 4527/6705 4510/6706 4353/6707
f 487/6708 652/6709 625/3367 542/6710
f 4409/6711 4410/4909 4266/4908 4332/6712
f 3448/6713 3414/5363 3386/4752 3416/4751
f 1764/5515 1765/6714 1717/6715 1715/6716
f 2123/6717 2167/6718 2152/3433 2121/6719
f 3402/6720 3563/6721 3510/6722 3366/6723
f 3872/2976 3898/2979 3655/6724 3622/6725
f 732/6726 777/4427 733/4430 671/4779
f 119/6727 161/6728 162/919 120/6729
f 2382/6076 2380/6730 2230/6731 2229/6077
f 2960/6732 2934/6733 2917/6734 2961/5996
f 3692/3787 3722/6735 3690/4106 3689/3788
f 1863/6736 1899/915 1864/918 1827/6737
f 2259/2759 2258/6738 2308/6739
f 4110/2429 4353/688 4324/691 4111/2430
f 1237/6740 1271/6741 1235/6742 1201/6743
f 1295/6744 1321/5738 1265/2348 1250/2347
f 4043/6745 3900/4700 3762/4703 3935/6746
f 2162/6747 2313/1146 2199/1145
f 746/6748 791/6749 747/2682 725/2681
f 3626/4891 3658/4890 3470/6750 3460/6751
f 1419/4734 1439/158 1424/6752 1398/6753
f 3326/3885 3271/3884 3255/6754 3300/6755
f 1347/6756 1379/2792 1359/2791 1335/4496
f 1812/3238 1826/6757 1810/6758 1788/3239
f 1371/6759 1395/6760 1382/4648 1352/4647
f 2931/2600 2893/5846 2892/6761 2930/6762
f 3796/6763 3721/6764 3720/6765 3795/6766
f 2061/6767 1997/6768 1917/6769 2012/6770
f 190/855 184/854 183/6771 189/864
f 758/1575 759/1574 716/6772 715/6773
f 3007/1907 3094/6774 3067/6775 2970/6776
f 2167/1024 2123/6777 2111/6778 2138/1025
f 3583/6779 3653/6780 3669/6781 3582/6782
f 132/6783 136/6784 117/5329 111/5328
f 2109/4098 2118/4097 1999/3261 1963/3260
f 1500/6785 1501/6786 1455/6787 1446/6788
f 981/6789 987/3503 941/253 939/6790
f 2984/6791 2999/6792 2889/4390 2879/4389
f 3977/6793 4214/6794 4178/1791 3953/1790
f 4729/6795 4733/6796 4734/6051 4732/6052
f 2445/5574 2583/4373 2606/4376 2466/5575
f 1834/2879 1929/5961 1871/6797 1759/6798
f 2842/795 2941/794 2843/6799 2758/6800
f 3018/397 3092/396 3032/6801 2954/6441
f 3072/6802 3008/6803 2990/6235 3071/6804
f 3501/6805 3545/6806 3500/4009 3473/4008
f 545/2125 471/5360 428/1683 470/1682
f 4761/5096 4755/6807 4735/6808 4740/5097
f 3286/6809 3287/6810 3202/6811 3191/6812
f 1909/3098 2008/6813 1933/6814 1856/3099
f 4687/6815 4656/6816 4655/6817 4686/3226
f 4528/114 4529/113 4431/6818 4457/6819
f 3912/6820 3887/4005 3839/4004 3914/6821
f 3154/2267 3168/2266 3152/6822 3148/4835
f 3824/6823 3888/6824 3825/6825 3775/6826
f 4697/6827 4696/5627 4695/5630 4678/6828
f 2017/1703 2018/3697 1972/3696 2016/1704
f 942/6829 960/6830 959/6831 952/6832
f 1995/6833 2134/6834 2132/6835 1994/6836
f 1605/6837 1691/3961 1640/1313 1567/5210
f 4720/6838 4766/476 4757/6839 4702/6840
f 3027/3068 2987/131 2900/6841 2951/6842
f 3372/6843 3354/6148 3337/6151 3362/6844
f 4598/6845 4685/6846 4651/6847 4583/6848
f 2363/1473 2328/6398 2286/6399 2329/1474
f 1425/6849 1438/4813 1413/4812 1404/6850
f 283/6851 325/6852 313/6853 268/6854
f 241/6855 295/6856 255/6857 210/6858
f 2058/2828 2070/2827 1877/6859 1855/6860
f 649/2011 720/2745 692/6861 653/2012
f 2177/5397 2369/6030 2178/5394
f 4247/6862 4376/2908 4365/2907 4203/6863
f 3578/495 3579/4957 3520/6864 3519/496
f 4025/6865 4173/5266 3873/5269 3783/6866
f 2432/4887 2433/4345 2221/4344 2241/1636
f 3367/6867 3423/6868 3299/6869 3267/6870
f 3173/1671 3159/2097 3069/4366 3122/4365
f 3738/6871 3739/6606 3508/6872 3506/6873
f 578/4278 621/1999 501/2002 448/6874
f 4348/4269 4464/4268 4415/6875 4269/6876
f 311/5659 350/4531 312/6274 259/6877
f 153/621 191/5887 151/4260 118/3970
f 2053/6878 2215/6879 2125/6880 1921/6881
f 1041/6882 1045/6883 1011/6884 997/6885
f 785/3074 798/3076 688/2602 723/2601
f 731/6886 741/6887 632/2425 606/2424
f 2528/6888 2563/6889 2477/6890 2441/6891
f 4147/6892 4204/6893 4033/2805 4010/6894
f 551/6895 520/1069 519/1856 550/6896
f 2808/6897 2981/6898 2940/6899 2757/5776
f 2242/1144 2354/1143 2387/6900
f 3855/4889 3921/6317 3706/6901 3658/4890
f 1934/6902 2008/6903 1909/3691 1840/3690
f 2026/6904 2096/6905 1876/4167 1802/3114
f 2721/6906 2918/6907 2853/6256 2641/6255
f 984/6908 1047/3851 1038/3850 978/6909
f 4280/5965 4175/976 4174/978 4279/5158
f 3374/6910 3381/6911 3363/6912 3355/6913
f 2593/6914 2434/6915 2386/6916 2591/6917
f 302/6918 406/5459 389/1822 294/1028
f 4346/6919 4317/6920 4136/4971 4199/4970
f 3046/6921 3172/6024 3093/6027 2975/6922
f 870/3103 868/6923 792/2900 794/2899
f 3757/6924 3803/6925 3630/6926 3614/6927
f 39/6928 40/6929 11/2486 20/2485
f 4350/6930 4428/1013 4384/1016 4320/3041
f 4103/2634 4141/6931 4105/6932 4104/6933
f 2935/5613 2816/4539 2815/4542 2934/5614
f 878/5510 923/5509 879/6934 834/6935
f 1298/1476 1331/5358 1280/6459 1230/947
f 3915/5283 4125/5282 4092/6936 3885/6937
f 2928/1778 3043/1777 3015/793 2887/792
f 4183/6938 4257/6939 4084/6940 3942/6393
f 1244/186 1250/6941 1197/6942 1193/6943
f 1350/6944 1405/6945 1381/6946 1327/6947
f 4347/6948 4254/6949 4242/6950 4319/6951
f 577/4363 421/6952 412/6953 576/6954
f 656/2000 684/2677 614/2725 558/2001
f 3401/6955 3562/6956 3532/6957 3387/3154
f 4554/779 4669/778 4635/4012 4527/6958
f 2978/4503 2818/4502 2782/6959 2965/6960
f 4444/6961 4309/6962 4308/2362 4420/2361
f 3044/87 3058/86 2927/6963 2908/6964
f 3295/4409 3402/6720 3366/6723 3272/4410
f 2630/2726 2699/3664 2698/6965 2631/2727
f 884/3153 931/3301 870/3103 831/3102
f 1935/6966 2104/6967 2041/5898 1804/6968
f 2511/1700 2553/6969 2512/6970 2479/6971
f 3823/6972 3822/4552 3773/4551 3774/6973
f 3323/3599 3341/3598 3329/6974 3318/6975
f 830/2535 889/2534 890/1220 835/1219
f 4579/6976 4543/6977 4534/6978 4562/6979
f 518/6980 549/1611 519/1614 404/6981
f 361/6982 362/6983 340/4093 339/4094
f 2056/6984 2087/6985 1946/6986 1905/6987
f 1718/6988 1697/6989 1683/4943 1701/4942
f 138/6990 139/6991 66/5669 65/5668
f 78/2966 109/110 101/5790 81/2967
f 3691/4108 3749/6992 3693/3789 3689/3788
f 954/2662 991/4706 970/4709 926/4841
f 1650/6993 1667/6994 1631/1223 1611/1226
f 110/6995 149/6996 132/6997 111/6998
f 2793/4771 2794/4770 2710/6999 2697/7000
f 3837/7001 3862/7002 3801/7003 3800/7004
f 1383/7005 1384/7006 1360/7007 1359/7008
f 59/301 61/7009 55/7010 54/302
f 1776/1229 1872/1228 1777/4178 1741/7011
f 2968/4437 2852/1018 2851/1879 2962/7012
f 3823/5929 3911/5928 3861/7013 3822/7014
f 2094/7015 2174/7016 2156/7017 2088/7018
f 2011/4602 2043/7019 1884/7020 1859/2026
f 2263/3672 2451/3671 2453/4473
f 2060/7021 2072/5039 1915/1596 1914/1595
f 228/880 166/7022 168/7023 175/878
f 1670/7024 1752/7025 1657/540 1588/7026
f 1280/6459 1313/4417 1248/4416 1211/7027
f 2602/7028 2622/7029 2415/7030 2414/7031
f 2365/6605 2374/6604 2146/7032 2092/7033
f 4572/4383 4670/5350 4662/7034 4566/7035
f 3787/1763 3835/1762 3788/7036 3707/7037
f 291/1287 251/901 194/900 264/1285
f 2360/3769 2362/1784 2361/7038 2322/7039
f 2751/735 2752/734 2591/3639 2592/3638
f 2839/3785 2840/3784 2601/6228 2620/6227
f 3390/7040 3422/7041 3308/3741 3287/3740
f 1516/1456 1576/7042 1575/7043 1525/1457
f 1168/2060 1218/2059 1194/7044 1123/6022
f 3595/7045 3611/7046 3492/7047 3487/7048
f 3070/1906 3158/7049 3094/6774 3007/1907
f 1009/3704 1012/3706 904/7050 906/7051
f 2666/2950 2821/1794 2737/1797 2548/2951
f 491/7052 552/7053 492/7054 473/7055
f 1105/7056 1129/7057 1107/6104 1070/6103
f 543/7058 595/2376 488/6653 447/7059
f 4081/7060 4164/7061 4035/7062 3956/7063
f 1127/7064 1105/3652 1104/3655 1126/7065
f 768/7066 767/7067 764/7068 766/7069
f 2407/7070 2437/7071 2279/7072 2265/7073
f 4084/7074 4217/4139 4009/4142 3878/7075
f 2527/1156 2394/7076 2395/7077 2508/1157
f 2343/7078 2412/7079 2372/7080 2294/6218
f 2415/7030 2329/1277 2307/1280 2414/7031
f 2933/7081 2975/6922 2949/7082 2895/7083
f 50/7084 85/6302 89/6305 45/7085
f 2294/6218 2372/7080 2321/7086 2256/3120
f 3414/7087 3448/3140 3447/3143 3382/7088
f 4507/508 4526/507 4426/6609 4398/6608
f 2613/967 2569/705 2378/7089 2469/7090
f 2508/1157 2395/7077 2383/7091 2507/5997
f 1676/5413 1683/5414 1677/5401 1675/5400
f 4511/1581 4576/1546 4556/1549 4500/1582
f 2874/7092 2876/7093 2832/7094 2829/7095
f 3718/7096 3794/7097 3720/6765 3712/7098
f 2337/7099 2353/7100 2496/7101
f 2789/7102 2790/7103 2619/7104 2618/7105
f 2505/4627 2722/7106 2734/7107 2504/4628
f 3355/6149 3363/7108 3338/7109 3336/6150
f 2941/7110 3015/6658 2877/4548 2824/4547
f 651/7111 652/7112 487/7113 597/7114
f 2655/7115 2656/7116 2493/7117 2522/7118
f 2949/7082 2958/7119 2915/7120 2895/7083
f 4777/4519 4780/7121 4769/7122 4767/4520
f 2047/7123 2079/7124 2046/7125 2003/7126
f 3732/7127 3970/7128 3968/7129 3733/7130
f 570/4933 586/4932 571/6284 522/6283
f 2341/7131 2546/7132 2488/7133 2299/4980
f 800/4618 858/7134 817/7135 773/7136
f 2207/4600 2353/4599 2337/7137 2181/7138
f 136/619 153/621 118/3970 117/3973
f 3502/7139 3670/7140 3636/7141 3475/7142
f 2482/6471 2484/3057 2513/5356
f 1867/7143 1898/7144 1863/6736 1829/7145
f 1517/7146 1518/7147 1505/7148 1515/7149
f 1290/5696 1327/7150 1302/7151 1260/5697
f 4497/7152 4583/7153 4564/7154 4478/7155
f 4011/4172 4060/7156 4108/7157 4012/6436
f 1631/7158 1667/5271 1632/231 1569/230
f 240/1029 347/1394 300/1393 195/7159
f 2368/7160 2520/7161 2367/7162
f 1236/5698 1260/5697 1225/2108 1203/7163
f 3986/7164 4021/7165 3840/4589 3827/4588
f 2313/1146 2524/7166 2354/1143
f 1274/4296 1305/7167 1331/7168 1299/7169
f 4521/7170 4402/7171 4432/7172 4520/7173
f 4151/414 4306/413 4343/6309 4169/7174
f 1404/6850 1413/4812 1395/7175 1371/7176
f 931/7177 930/7178 868/7179 870/7180
f 3289/7181 3155/7182 3170/7183 3288/7184
f 4221/488 4237/487 4022/4202 3969/4201
f 3140/7185 3181/465 3133/468 3132/3713
f 2258/7186 2259/7187 2170/7188 2125/7189
f 802/5878 857/7190 827/7191 727/5879
f 2042/3985 2181/7192 2160/7193 2009/3986
f 2140/4616 2169/4615 2141/7194 2079/7124
f 3951/7195 4044/2493 3936/2496 3740/7196
f 2112/7197 2140/4616 2079/7124 2047/7123
f 1599/6330 1763/3693 1695/7198 1550/6331
f 295/1488 324/7199 296/1038 245/1037
f 3736/2735 3504/6207 3530/6206 3698/2736
f 2155/3838 2232/1716 2089/5632 2023/7200
f 1028/5715 1019/5714 996/7201 1017/7202
f 2379/1349 2543/1348 2498/7203
f 2849/556 2850/555 2755/7204 2766/7205
f 4273/3285 4440/3284 4430/7206 4271/3545
f 2577/7207 2604/7208 2551/7209 2553/7210
f 4285/7211 4310/7212 4127/7213 4096/7214
f 1279/7215 1281/7216 1198/7217 1180/7218
f 486/7219 465/5142 462/5694 485/7220
f 4288/5956 4329/7221 4128/7222 4066/7223
f 2481/7224 2512/7225 2551/7209
f 1745/7226 1907/4606 1760/5623 1646/7227
f 1338/7228 1321/4452 1307/4455 1334/7229
f 3730/7230 3891/670 3843/673 3681/7231
f 4661/6624 4727/7232 4717/7233 4631/6625
f 1519/839 1568/7234 1544/7235 1502/840
f 2375/4561 2449/4560 2557/7236
f 3769/1995 3786/5736 3628/7237 3610/3111
f 674/2637 650/2339 616/2338 673/7238
f 1962/4338 1961/6602 1900/7239 1920/7240
f 3067/4112 3085/7241 3072/6592 3063/4113
f 2399/411 2560/707 2519/2547
f 1848/7242 1896/4438 1849/4441 1814/7243
f 167/2846 293/2034 263/2033 161/2847
f 3479/5831 3654/961 3621/7244 3466/7245
f 2512/7225 2553/7210 2551/7209
f 2998/7246 2996/7247 2804/6172 2803/6171
f 2138/1025 2111/6778 2045/5321 2065/7248
f 2532/4111 2564/4110 2565/7249
f 3677/7250 3854/7251 3785/7252 3638/7253
f 2543/1606 2704/1605 2683/6195 2498/7254
f 266/1032 211/3748 210/3751 255/1030
f 2031/4339 1962/4338 1920/7240 2000/7255
f 3933/7256 3697/7257 3671/3410 3932/3409
f 4244/6290 4296/6289 4180/7258 4076/7259
f 4701/1275 4719/7260 4619/4169 4607/1276
f 1061/7261 1190/7262 1181/2774 1053/2773
f 1327/7150 1381/4755 1358/4758 1302/7151
f 3324/4853 3340/7263 3323/7264 3317/4854
f 2001/2044 2002/2043 1966/7265 1971/7266
f 2531/361 2574/360 2575/4109
f 2764/7267 2765/7268 2596/7269 2561/7270
f 4483/7271 4484/7272 4379/7273 4378/7274
f 235/7275 237/7276 205/7277 202/7278
f 3469/3006 3490/3005 3309/6145 3298/6144
f 2537/2669 2579/2668 2580/2709
f 958/7279 930/7178 951/7280 936/7281
f 1589/3133 1621/3132 1590/7282 1562/3715
f 2538/7283 2536/7284 2578/7285
f 2250/600 2284/7286 2211/7287 2188/601
f 252/980 253/979 217/881 243/883
f 2172/7288 2295/6029 2173/7289 2040/7290
f 3850/7291 4098/7292 4119/7293 3849/7294
f 234/380 155/7295 154/7296 233/381
f 4523/627 4522/3302 4551/7297 4524/628
f 2040/7290 2173/7289 2068/7298 1926/7299
f 79/5058 92/7300 77/7301 76/5059
f 2465/4718 2429/385 2428/3319 2464/3318
f 837/7302 836/7303 809/2940 780/2939
f 3831/7304 3588/7305 3587/7306 3809/7307
f 2387/6900 2561/7270 2596/7269
f 2551/7308 2604/7309 2534/2721 2533/2720
f 722/368 744/1163 684/2677 656/2000
f 1744/1124 1745/1127 1648/3105 1647/3104
f 4491/2853 4490/4995 4436/4998 4462/2854
f 599/7310 628/7311 544/1948 456/1947
f 451/2468 533/2467 477/5362 410/5361
f 99/2915 106/5299 100/7312 80/7313
f 4168/5281 4354/7314 4342/7315 4125/5282
f 1688/7316 1797/5720 1639/5719 1689/7317
f 1938/4439 2030/5835 1996/7318 1862/4440
f 3197/7319 3076/6585 3075/6588 3184/7320
f 1444/1718 1475/1553 1440/6438 1406/1719
f 1355/3045 1400/353 1357/5264 1312/3046
f 4415/6875 4518/5552 4507/5555 4398/7321
f 2585/7322 2610/7323 2611/7324
f 1725/1723 1701/4942 1700/4593 1724/2656
f 1121/7325 1142/5749 1122/5752 1110/7326
f 1766/1722 1935/3271 1804/7327 1718/6988
f 2902/7328 2917/4508 2799/4511 2778/7329
f 4008/7330 4054/3633 4007/3636 4004/7331
f 2988/7332 3020/7333 3005/7334 3019/7335
f 2063/7336 2064/7337 1919/7338 1918/5335
f 2453/3991 2454/3990 2273/7339 2263/7340
f 2800/1019 2789/2449 2618/5311 2642/1020
f 1735/7341 1761/2046 1613/5792 1593/7342
f 4048/7343 4105/6932 4049/7344 4028/7345
f 917/7346 919/7347 915/7348 916/7349
f 4139/1166 4176/7350 4074/7351 3996/1167
f 4117/5526 4328/4635 4286/4636 4095/7352
f 4154/711 4155/710 3867/7353 3866/7354
f 3166/4334 3189/7355 3150/2511 3149/4834
f 698/1294 783/3400 771/3399 679/391
f 3313/7356 3370/2788 3274/724 3225/2359
f 2519/7357 2631/7358 2520/7359
f 823/2498 787/7360 786/7361 822/2499
f 2987/131 2967/134 2867/7362 2900/6841
f 4278/7363 4038/2734 3991/2737 4239/7364
f 2030/5835 2164/6363 2135/6366 1996/7318
f 2883/7365 2920/7366 2734/7367 2722/7368
f 939/7369 941/7370 921/7371 918/7372
f 2166/7373 2341/7131 2299/4980 2139/4979
f 2723/4630 2921/3206 2884/7374 2688/7375
f 2203/2760 2287/7376 2114/7377 2021/3548
f 4700/7378 4706/3398 4645/4517 4620/7379
f 2408/7380 2644/7381 2409/7382
f 1320/7383 1333/7384 1257/7385 1251/4126
f 2392/2970 2645/7386 2643/5187
f 2927/387 3058/7387 3031/4321 2888/388
f 2070/7388 2097/5019 1910/5018 1877/7389
f 1836/7390 1892/7391 1692/5625 1666/5624
f 447/7392 488/4637 403/4640 360/5147
f 2605/7393 2624/7394 2652/7395
f 1022/7396 1075/6322 1046/4707 991/4706
f 1563/3038 1564/7397 1528/615 1527/6323
f 1535/7398 1570/7399 1536/7400 1526/7401
f 193/7402 327/7403 298/7404 171/7405
f 3332/3507 3282/3506 3281/7406 3331/7407
f 4018/5439 4169/591 4126/594 3945/5440
f 2560/7408 2657/7409 2630/7410
f 3856/5192 4000/5191 3853/7411 3676/7412
f 2274/7413 2469/7414 2378/1328 2237/1331
f 841/7415 873/5249 855/5252 816/2920
f 1131/2008 1153/4189 1132/4731 1120/2009
f 4699/777 4762/7416 4756/4010 4669/778
f 3491/5935 3536/7417 3391/7418 3368/5936
f 2911/7419 2966/5884 2771/995 2709/7420
f 2349/7421 2492/2150 2331/2151 2196/7422
f 2626/6183 2745/7423 2708/7424 2609/4799
f 3189/4411 3272/4410 3190/7425 3150/7426
f 4780/6524 4771/6523 4770/7427 4769/7428
f 1456/7429 1481/838 1480/841 1457/7430
f 2832/4402 2875/4401 2833/5380 2826/7431
f 520/1069 596/1068 489/1740 404/1739
f 3634/7 3666/7432 3635/7433 3601/4956
f 1332/7434 1367/7435 1339/7436 1319/2628
f 1330/2131 1387/2130 1363/7437 1303/4484
f 2897/1531 2899/1530 2849/7438 2882/5903
f 3916/7439 3946/7440 3929/7441 3862/7442
f 3145/7443 3123/3552 3034/3551 3099/7444
f 298/7445 299/7446 172/7447 171/7448
f 269/1307 256/7449 191/5887 192/1045
f 1368/7450 1392/3579 1369/3582 1345/7451
f 3779/4786 3989/4764 3918/4767 3683/4787
f 4475/7452 4327/593 4343/592 4466/7453
f 3586/1518 3455/1358 3430/1361 3531/4892
f 489/1740 538/1924 455/1923 405/1738
f 2542/7454 2384/7455 2352/6131 2495/7456
f 1728/7457 1757/4343 1641/3130 1603/5324
f 4546/7458 4610/7459 4581/5553 4518/5552
f 2243/7460 2244/7461 2075/7462 2064/7337
f 918/7372 921/7371 916/7349 915/7348
f 1002/6371 1009/3704 906/7051 927/7463
f 1932/7464 2024/7465 1931/935 1742/5573
f 2510/7466 2691/817 2528/6888
f 2487/637 2544/6591 2340/3839 2339/638
f 4317/6920 4252/4407 4041/6196 4136/4971
f 2624/7467 2623/4133 2694/4132
f 1781/7468 1979/6622 1978/7469 1803/7470
f 1223/4040 1259/5012 1224/1418 1192/3718
f 270/7471 373/7472 327/7403 193/7402
f 2889/4390 2913/518 2864/517 2845/4391
f 4190/7473 4189/7474 4188/7475 4193/7476
f 2611/7324 2696/994 2697/997
f 2611/7477 2697/7478 2625/7479
f 2345/7480 2308/3377 2215/3376 2344/7481
f 1452/4955 1471/4905 1451/104 1433/103
f 1462/7482 1420/7483 1421/7484 1461/7485
f 974/7486 1014/7487 995/7488 938/7489
f 345/5576 456/1947 426/1946 292/5577
f 1014/7487 1061/7261 1053/2773 995/7488
f 3445/7490 3453/7491 3372/6843 3362/6844
f 3727/6113 4037/5112 3987/5113 3728/6128
f 2151/7492 2300/4000 2266/4003 2119/5940
f 3175/7493 3218/7494 3176/7495 3153/7496
f 3057/7497 3235/7498 3234/7499 3039/7500
f 2382/6076 2676/3857 2598/3860 2380/6730
f 39/7501 83/7502 74/7503 40/7504
f 802/7505 763/2752 690/2751 801/7506
f 2651/7507 2693/7508 2667/7509
f 1965/7510 1971/7511 1966/7512 1964/6649
f 2625/7513 2697/7000 2710/6999
f 669/392 770/6147 753/7514 667/7515
f 2557/7516 2629/6456 2712/6457
f 380/7517 383/7518 395/1335 384/3236
f 608/2619 589/7519 440/7520 479/6480
f 494/7521 552/2083 491/7522 475/7523
f 2065/7248 2045/5321 2032/180 2034/1205
f 2366/730 2540/1897 2310/1900 2217/3336
f 682/2336 683/2335 634/7524 633/2457
f 1457/6529 1480/7525 1432/3954 1410/4348
f 139/7526 144/7527 69/7528 66/7529
f 1642/3560 1737/7530 1643/3035 1577/3561
f 2756/7531 2938/7532 2918/7533 2721/7534
f 2348/1715 2539/7535 2365/7536 2233/5631
f 1401/7537 1373/7538 1372/7539 1389/7540
f 4127/5558 4206/3467 3990/3468 3919/7541
f 1039/7542 957/742 911/741 1032/7543
f 3923/699 4077/5859 3955/7544 3767/700
f 3562/6956 3849/7545 3810/7546 3532/6957
f 2748/150 2749/149 2636/7547 2635/7548
f 2576/4512 2577/4515 2553/6969 2552/7549
f 2387/5182 2403/5181 2264/7550 2242/7551
f 677/2558 631/3744 498/6179 556/2556
f 4023/6169 4266/4908 4207/4911 3931/7552
f 2925/815 2971/2948 2791/7553 2736/816
f 4145/3634 4247/6862 4203/6863 4055/3635
f 204/2393 201/7554 200/2842 203/528
f 290/677 239/676 238/1832 289/5148
f 2247/310 2473/5565 2438/5568 2248/311
f 3326/3885 3333/7555 3256/7556 3280/3886
f 348/7557 372/7558 361/7559 339/7560
f 3145/7561 3144/7562 3160/7563 3123/7564
f 2669/7565 2739/7566 2670/7567
f 4249/7568 4418/1580 4400/1583 4262/7569
f 2078/7570 2076/2041 2001/2044 2013/7571
f 4192/2885 4194/655 4187/1953 4087/2886
f 3123/7564 3160/7563 3036/3783 3029/3782
f 1001/7572 1002/6371 927/7463 929/3295
f 2587/7573 2634/4021 2400/3674 2377/4567
f 1843/5930 1842/2593 1765/2596 1764/7574
f 2094/7575 1906/6376 1892/7391 2093/7576
f 475/7577 491/7578 473/7579 472/7580
f 2391/7581 2663/7582 2645/7583 2392/7584
f 2405/7585 2406/7586 2245/3383 2244/3382
f 1542/7587 1552/7588 1497/7589 1494/7590
f 4558/1184 4600/7591 4601/447 4569/1181
f 127/7592 152/7593 134/7594 116/7595
f 4347/6948 4319/6951 4295/7596 4337/7597
f 2038/5308 2195/4311 2053/7598 1888/5309
f 1905/6987 1946/6986 1796/5949 1754/5948
f 3179/7599 3220/3079 3193/3082 3137/7600
f 3826/7601 3827/7602 3726/7603 3725/7604
f 3722/1751 3755/1750 3723/7605 3690/7606
f 1801/1557 1855/1556 1674/7607 1649/5791
f 4367/2435 4481/7608 4465/7609 4322/2436
f 832/3187 829/2532 755/2975 753/5907
f 230/7610 268/7611 231/7612 213/7613
f 3112/7614 3257/1826 3244/1825 3113/7615
f 4275/7616 4276/7617 4063/7618 4094/7619
f 2696/994 2709/7420 2771/995
f 3909/7620 4017/115 3964/118 3910/7621
f 2629/7622 2628/217 2773/216
f 639/5070 595/7623 543/7624 638/5071
f 1626/7625 1704/3958 1691/3961 1605/6837
f 2358/3766 2360/3769 2322/7039 2305/7626
f 3782/712 4070/7627 4039/7628 3807/713
f 1468/7629 1482/7630 1443/355 1428/354
f 1289/7631 1315/7632 1290/7633 1270/7634
f 2940/6899 3077/5435 2995/1795 2821/1794
f 2284/7286 2371/7635 2324/7636 2211/7287
f 2497/6266 2499/303 2312/306 2311/632
f 4747/7637 4775/7638 4753/2407 4727/2406
f 2545/6012 2733/7639 2756/7640 2546/6013
f 1612/7641 1633/550 1581/549 1580/7642
f 1906/6376 2094/7575 2088/7643 1890/6377
f 2479/470 2512/7644 2481/7645 2443/471
f 2946/3757 3002/7646 2947/3510 2914/6281
f 1767/1724 1725/1723 1724/2656 1751/2655
f 733/4430 778/4429 757/7647 704/4780
f 284/7648 374/1887 341/1886 257/7649
f 2999/6792 3000/7650 2913/518 2889/4390
f 4146/7651 4182/7652 4123/7653 4056/7654
f 187/6636 188/7655 180/7656 182/6637
f 3770/4493 3772/4492 3817/7657 3816/7658
f 833/4218 878/4217 834/7659 778/7660
f 3138/7661 3192/7662 3136/1188 3131/1187
f 3652/7663 3867/7664 3829/4796 3604/4795
f 4227/7665 4120/4121 4043/4124 4160/7666
f 1407/4742 1363/7667 1387/6510 1395/4740
f 205/6016 236/7668 206/7669 200/6017
f 2631/7670 2680/7671 2559/6191 2520/6190
f 4483/7271 4561/7672 4550/7673 4484/7272
f 2179/6621 2351/7674 2334/7675 2157/7676
f 864/3118 861/7677 815/2982 823/2981
f 923/5509 950/7678 924/7679 879/6934
f 3632/7680 3681/7681 3633/4785 3542/7682
f 4404/7683 4435/7684 4330/5828 4289/5827
f 2785/5712 2746/5853 2673/7685 2700/703
f 4144/5150 4255/7686 4246/3216 4122/5151
f 56/7687 57/7688 54/7689 55/7690
f 2867/343 2868/3466 2719/1253 2718/344
f 3852/2023 3998/7691 3995/7692 3875/2024
f 2692/3213 2806/3212 2807/965
f 3108/7693 3226/7694 3089/1077 3003/3764
f 3379/4754 3358/4753 3345/7695 3350/7696
f 788/7697 837/7302 780/2939 724/3680
f 2712/6457 2774/2184 2809/2813
f 2861/1133 3057/7698 3039/7699 2860/1134
f 4021/6416 4036/4412 3889/4415 3840/7700
f 4184/7701 4322/7702 4248/5876 4109/5875
f 2304/6421 2305/7703 2271/6472 2270/2322
f 209/5787 196/7704 164/7705 158/5788
f 32/3456 50/7084 45/7085 33/3457
f 975/7706 1015/5497 1014/5498 974/7707
f 1253/7708 1308/7709 1254/7710 1220/7711
f 4462/2854 4436/4998 4333/2101 4360/2100
f 2111/7712 2123/7713 2122/6613 2112/7197
f 1916/4816 1914/7714 1812/3238 1811/3237
f 4080/6089 4029/1993 3768/1996 3815/5343
f 668/5908 755/2975 754/2974 680/4277
f 4542/3878 4545/3877 4515/6490 4495/6489
f 2667/7509 2693/7508 2822/7715
f 422/7716 398/682 385/685 396/1334
f 3113/6397 3244/7717 3229/7718 3111/1207
f 274/7719 331/4292 314/4293 250/7720
f 2082/7721 2083/7722 2051/7723 2050/7724
f 4309/6962 4115/7725 4114/7726 4308/2362
f 859/7727 907/2385 874/7728 798/7729
f 2318/6455 2316/7730 2183/4681 2182/4680
f 3645/6 3644/7731 3666/7432 3634/7
f 3958/7732 4012/7733 3960/7734 3880/7735
f 3422/6544 3456/6543 3351/3162 3308/3809
f 1217/4272 1206/7736 1146/7737 1141/2451
f 2647/7738 2738/7739 2648/6343 2549/4118
f 2752/3392 2796/7740 2795/3390
f 2134/6834 2277/7741 2276/7742 2132/6835
f 3261/4485 3304/6035 3226/6038 3108/4486
f 3966/220 3913/2388 3911/2391 3965/221
f 1933/6814 2026/6904 1802/3114 1712/3113
f 1954/7743 1987/2045 1761/2046 1735/7341
f 952/7744 967/3920 962/3923 942/7745
f 3778/7746 3824/6823 3775/6826 3723/7747
f 4201/7748 4348/4269 4269/6876 4075/7749
f 2827/5215 2809/7750 2844/5212
f 2959/5612 2960/5615 2869/7751 2868/7752
f 122/12 145/11 104/75 98/7753
f 3853/6156 4001/509 3854/512 3677/6157
f 4651/7754 4685/7755 4688/1198 4659/1197
f 1737/7530 1771/7756 1673/3036 1643/3035
f 2703/7757 2638/1861 2432/4744 2485/7758
f 2448/6028 2628/217 2449/4560 2296/4559
f 509/7759 554/7760 555/7761 553/7762
f 1525/7763 1543/7764 1517/7765 1515/7766
f 1953/7767 1836/7768 1799/6380 1820/6379
f 2097/4227 2272/4226 2288/409 2098/7769
f 4078/7770 4144/5150 4079/5149 3979/7771
f 2610/7323 2709/7420 2696/994 2611/7324
f 3532/6957 3533/5253 3388/3155 3387/3154
f 869/3101 914/7772 877/2062 848/2061
f 1706/6204 1875/4876 1778/5204 1644/7773
f 4329/7774 4358/7775 4171/2432 4128/1366
f 3657/7776 3705/7777 3491/5935 3459/5934
f 3024/4424 3203/7778 3177/7779 3012/4425
f 3168/7780 3199/7781 3169/7782 3152/7783
f 2697/997 2772/996 2862/1174
f 566/7784 602/7785 551/7786 550/7787
f 433/7788 434/7789 382/7790 381/7791
f 3981/4281 4184/7701 4109/5875 3908/7792
f 2113/7793 2082/7721 2050/7724 2067/7794
f 1868/3009 1885/7795 1865/7796 1828/5860
f 3790/1140 3927/7797 3925/7798 3791/1141
f 2185/7799 2168/4614 2113/7800 2153/7801
f 1616/2625 1573/7802 1541/7803 1615/2626
f 4020/5048 4062/5047 3841/7804 3803/7805
f 1220/4564 1254/6615 1221/6616 1183/4188
f 4537/7806 4538/7807 4441/5970 4429/7808
f 2700/703 2673/7685 2521/7809 2541/704
f 4323/2121 4185/25 4090/2003 4301/2122
f 3786/7810 3856/5192 3676/7412 3628/7811
f 2010/1676 2011/4602 1859/2026 1858/1677
f 4467/7812 4356/7813 4309/6962 4444/6961
f 2650/7814 2678/1179 2669/1180 2574/7815
f 4033/2805 4030/2808 3927/7816 4010/6894
f 3741/7817 3742/7818 3458/7819 3457/7820
f 3285/7821 3439/7822 3389/7823 3286/7824
f 4538/7807 4548/2527 4455/5484 4441/5970
f 4093/5893 4284/7825 4218/7826 3985/7827
f 4427/4307 4450/4306 4339/7828 4296/7829
f 2350/1329 2351/7674 2179/6621 2198/1330
f 1125/7830 1216/2057 1168/2060 1075/6322
f 1238/7831 1174/651 1167/654 1227/7832
f 3956/7063 4035/7062 3858/1270 3818/1269
f 1171/4127 1189/7833 1128/7834 1106/572
f 1673/3036 1662/7835 1633/7836 1607/3037
f 3477/91 3525/90 3478/7837 3451/7838
f 773/7839 817/7840 774/7841 737/7842
f 3919/7541 3990/3468 3828/7843 3731/7844
f 888/7845 964/5651 895/5653 851/4715
f 2796/6200 2835/7846 2814/6197
f 3752/5640 3915/7847 3885/5746 3753/5745
f 4087/2886 4088/7848 3962/7849 4086/2887
f 3678/7850 3707/7851 3611/7046 3595/7045
f 3314/7852 3393/7853 3312/7854 3224/7855
f 3641/7856 3609/5584 3573/3305 3598/3304
f 3025/5138 3104/36 3026/3326 2942/7857
f 2819/7858 3023/7859 2998/7246 2803/6171
f 4677/7860 4697/6827 4678/6828 4654/7861
f 1303/4586 1328/4350 1291/1399 1271/1398
f 1209/7862 1240/7863 1177/4760 1138/4759
f 263/7864 264/920 162/919 161/6728
f 1420/1804 1426/1717 1377/1720 1365/7865
f 1879/6506 1955/6505 1878/5516 1805/7866
f 1788/7867 1810/7868 1789/7869 1787/5247
f 281/7870 252/7871 244/4236 267/4235
f 1741/7011 1777/4178 1709/567 1708/7872
f 1207/624 1217/4272 1141/2451 1119/2450
f 2828/5214 2912/5213 2909/7873
f 1495/7874 1554/7875 1496/4966 1476/4965
f 66/7876 69/7877 44/2320 43/2319
f 222/6617 233/6620 154/5588 144/5587
f 2932/7878 2974/7879 2933/7081 2894/7880
f 1943/7881 1963/3260 1885/3263 1868/7882
f 3776/5639 3930/7883 3915/7847 3752/5640
f 4251/7884 4289/5827 4130/5784 4068/4523
f 3516/4209 3617/4597 3599/7885 3517/7886
f 292/5577 261/6634 207/791 227/790
f 1263/3449 1332/4487 1319/7887 1249/5914
f 3/3558 9/3557 4/7888 1/7889
f 1652/914 1736/5945 1668/5947 1598/875
f 531/7890 435/7891 434/7892 530/7893
f 1000/7894 1019/7895 934/6185 909/6184
f 1162/806 1205/805 1188/3159 1150/3158
f 2844/2812 2880/2183 2912/5091
f 301/1544 293/1543 166/7022 228/880
f 2173/7289 2296/4559 2219/4562 2068/7298
f 8/7896 15/7897 6/7898 2/7899
f 3972/977 3737/7900 3700/122 3971/121
f 1617/7901 1747/5891 1669/7902 1554/7903
f 3528/7904 3480/3943 3443/3946 3481/7905
f 3489/1033 3582/7906 3547/7907 3464/1034
f 914/7908 930/7909 958/2212 893/2211
f 3596/7910 3642/3567 3597/3570 3572/7911
f 1996/7912 2135/6007 2117/6010 1939/7913
f 4429/7808 4441/5970 4303/5570 4272/5569
f 2224/7914 2436/7915 2355/4068 2163/7916
f 1294/1772 1323/7917 1296/7918 1288/1773
f 3229/7718 3244/7717 3278/7919 3242/7920
f 1375/6429 1429/7921 1405/6945 1350/6944
f 1604/3755 1626/3754 1605/7922 1565/5127
f 262/3269 289/3268 238/7923 208/7924
f 3504/7925 3736/7926 3686/4060 3483/4059
f 3556/7927 3780/4354 3732/7127 3557/7928
f 2848/7929 2849/7930 2899/7931
f 2264/7932 2277/7933 2134/7934 2107/7935
f 1861/7936 1847/7937 1813/7938 1860/7939
f 2729/1510 2764/7940 2561/7941 2524/304
f 4197/7942 4156/7943 3870/2162 3899/2161
f 2581/7944 2554/7945 2565/7249 2564/4110
f 787/2980 815/2982 752/4877 751/7946
f 2995/1795 3110/5437 3052/7947 2906/1796
f 1819/5729 2006/6123 1925/782 1729/2205
f 2915/7948 2958/7949 2957/7950
f 2208/2158 2320/135 2319/138 2184/7951
f 4575/7952 4475/7953 4466/7954 4555/7955
f 1210/4294 1274/4296 1227/3605 1164/3604
f 3736/7956 4038/7957 4024/7958 3686/7959
f 3278/1824 3293/1823 3243/1809 3174/1812
f 4611/7960 4612/7961 4538/7807 4537/7806
f 3758/7962 3893/7963 3891/7964 3730/7965
f 3395/4285 3373/6557 3354/6560 3372/7966
f 3096/4156 3097/2285 2984/6791 2983/7967
f 3128/7968 3227/7969 3228/1916 3129/2040
f 3487/7048 3492/7047 3403/54 3394/53
f 2836/3429 2897/1531 2950/5586
f 2698/7970 2714/7971 2680/7972 2631/7973
f 1994/6836 2132/6835 2116/7974 1993/7975
f 4299/7976 4352/7977 4257/7978 4230/7979
f 3231/5823 3245/5822 3187/7980 3167/5985
f 537/7981 514/5139 465/5142 486/7219
f 4544/7982 4625/903 4595/906 4517/7983
f 1410/4348 1432/3954 1376/3957 1351/4349
f 3624/2164 3606/2163 3444/2364 3454/4061
f 4592/401 4531/400 4530/7984 4560/7985
f 4533/4818 4587/7986 4578/3345 4513/4819
f 1538/2293 1572/7987 1537/7988 1520/7989
f 4333/7990 4311/5607 4131/6497 4156/7991
f 272/6057 407/5649 393/5648 271/6058
f 1449/7992 1467/4831 1417/3413 1397/3412
f 4456/5921 4568/4480 4539/7993 4419/7994
f 3708/3593 3834/6313 3709/330 3612/3594
f 4019/3350 4151/7995 4169/7996 4018/3351
f 1792/7997 1788/7867 1787/5247 1791/5246
f 4763/2471 4713/5094 4691/7998 4742/6117
f 4361/7999 4316/8000 4208/8001 4292/8002
f 3548/8003 3685/5699 3670/8004 3502/8005
f 343/5224 397/8006 356/8007 310/8008
f 979/3578 1033/1252 1034/8009 980/3575
f 4000/3612 4179/3611 4001/6160 3853/8010
f 2847/6292 2956/6291 2985/8011
f 1302/7151 1358/4758 1325/8012 1261/2109
f 2834/8013 2908/8014 2742/1620 2672/1619
f 645/6465 660/8015 651/8016 597/6466
f 596/1068 666/1067 644/870 538/1924
f 4501/8017 4401/334 4400/337 4500/8018
f 2287/8019 2364/5027 2216/5030 2114/955
f 1315/7632 1350/6944 1327/6947 1290/7633
f 901/8020 909/8021 872/8022 856/8023
f 2280/639 2339/638 2202/3841 2137/8024
f 1234/5275 1246/8025 1185/8026 1184/2650
f 1059/8027 1091/8028 1041/6383 1020/5652
f 3375/6226 3342/8029 3339/8030 3364/8031
f 1396/8032 1431/350 1400/353 1355/3045
f 2269/8033 2302/8034 2268/4901 2209/4900
f 1180/7218 1198/7217 1062/3501 1054/3500
f 2945/1173 2944/1172 3001/2204
f 1668/5947 1841/5888 1747/5891 1617/7901
f 2486/1928 2315/3926 2298/6526 2457/1975
f 3821/8035 3882/8036 3792/8037 3714/3322
f 3210/8038 3127/8039 3126/8040 3208/1913
f 3941/8041 3746/8042 3745/8043 3940/8044
f 2976/8045 2952/8046 2901/5995 2963/5994
f 794/2899 721/2898 711/422 749/421
f 844/577 885/2897 833/4428 777/4427
f 2087/8047 2196/7422 2037/2935 1946/2934
f 588/2739 607/2738 557/8048 528/8049
f 4/7888 11/8050 5/8051 1/7889
f 1957/5665 2071/1599 2042/1602 1912/5666
f 990/2661 1022/7396 991/4706 954/2662
f 2878/5378 3013/8052 3016/5728
f 3100/8053 3086/8054 3021/8055 3028/8056
f 2597/8057 2766/8058 2755/3687 2595/2665
f 2126/6356 2193/2761 2203/2760 2021/3548
f 3950/8059 3951/8060 3740/3497 3763/3496
f 4208/5544 4025/5547 3972/977 4175/976
f 2677/2993 2872/2992 2819/7858 2621/4078
f 996/8061 1019/7895 1000/7894 983/8062
f 13/6667 19/37 14/40 6/6668
f 2373/8063 2342/3767 2358/3766 2359/8064
f 3847/1368 3668/5700 3651/8065 3806/8066
f 4222/2850 4386/2063 4381/2066 4221/2851
f 4320/3041 4384/1016 4255/7686 4215/3042
f 2289/3031 2455/8067 2470/8068 2290/3032
f 4338/8069 4389/8070 4244/8071 4142/4783
f 3300/6755 3334/8072 3333/7555 3326/3885
f 211/5514 265/5513 209/8073 170/8074
f 3413/5832 3479/5831 3466/7245 3428/8075
f 2176/8076 2177/5397 1952/6464 1951/8077
f 2975/6922 3093/6027 3061/8078 2949/7082
f 1609/8079 1740/8080 1730/440 1592/8081
f 972/835 1008/8082 993/8083 953/836
f 4042/8084 3809/7307 3808/8085 4040/8086
f 1052/2453 1058/2452 1001/6048 994/6047
f 2954/8087 3032/8088 2955/4768
f 3264/3334 3334/8072 3300/6755 3198/8089
f 1543/3562 1577/3561 1527/6323 1517/6324
f 1186/8090 1193/6943 1136/3903 1135/3902
f 4204/8091 4245/2505 4162/2504 4033/8092
f 4226/5480 4071/8093 4042/1503 4225/1502
f 4152/4711 3892/8094 3890/8095 4115/4712
f 4769/7428 4770/7427 4722/8096 4721/8097
f 2380/6730 2381/8098 2269/8099 2230/6731
f 1057/8100 1125/7830 1075/6322 1022/7396
f 855/8101 928/8102 900/8103 856/8104
f 2121/6719 2152/3433 2081/3436 2052/8105
f 3759/4204 3805/4203 3650/8106 3620/8107
f 147/545 198/8108 176/1027 152/546
f 163/3316 174/3315 146/8109 124/8110
f 4758/8111 4764/2472 4719/6118 4701/8112
f 2264/8113 2403/8114 2402/2664 2277/8115
f 2609/4799 2708/7424 2671/8116 2556/4800
f 3813/4017 3922/4784 3766/8117 3640/4018
f 4218/2540 4219/2543 3986/4105 3985/8118
f 3942/6393 4084/6940 3878/8119 3747/6394
f 3047/8120 3066/2597 2931/2600 2930/6762
f 4345/8121 4198/8122 4158/8123 4314/8124
f 2334/199 2522/7118 2493/7117 2335/200
f 2142/4617 2140/4616 2112/7197 2122/6613
f 2194/6063 2332/4308 2195/4311 2038/5308
f 3135/8125 3170/7183 3155/7182 3134/8126
f 1828/5860 1865/7796 1829/8127 1815/8128
f 3523/8129 3524/88 3477/91 3476/3944
f 4406/5023 4408/2604 4313/8130 4312/8131
f 3409/3340 3411/6119 3405/8132 3404/3341
f 2008/6813 2101/8133 2026/6904 1933/6814
f 3434/1891 3564/6045 3484/239 3360/238
f 2687/3185 2474/136 2458/4650 2661/3962
f 4540/8134 4570/8135 4485/8136 4467/8137
f 3381/6911 3414/7087 3382/7088 3363/6912
f 598/8138 686/5406 675/5405 599/8139
f 841/7415 816/2920 805/2919 826/4978
f 3903/8140 3980/6699 3771/4491 3679/5989
f 2884/7374 3035/4273 3028/4276 2871/8141
f 707/2743 720/2745 649/2011 636/8142
f 2500/503 2705/1878 2685/1017 2471/2838
f 3636/8143 3896/8144 3848/4353 3605/8145
f 364/5604 392/5603 306/8146 269/8147
f 2475/8148 2600/4824 2393/8149 2357/8150
f 2901/5995 2768/8151 2767/5953 2870/5952
f 2096/8152 2147/8153 1932/7464 1876/8154
f 3013/8052 3078/8155 3079/4750
f 503/5208 593/4899 532/5444 452/8156
f 1127/8157 1150/3158 1129/3161 1105/8158
f 257/8159 285/8160 242/8161 214/8162
f 695/2689 577/4363 576/6954 694/8163
f 1389/3893 1372/3178 1364/3177 1388/3894
f 2386/6916 2434/6915 2239/8164 2238/8165
f 3216/5984 3296/8166 3294/5820 3231/5823
f 3916/7439 3914/6821 3839/4004 3838/8167
f 569/8168 568/8169 553/8170 555/8171
f 2475/8148 2357/8150 2303/4866 2411/1257
f 701/8172 702/2617 620/2620 622/5442
f 2584/8173 2610/8174 2585/8175 2517/8176
f 3772/8177 3958/8178 3880/1726 3819/1725
f 2049/6486 2013/7571 1973/8179 2019/6487
f 1448/8180 1491/8181 1472/8182 1429/7921
f 1918/5335 1919/7338 1852/8183 1851/5336
f 3481/8184 3443/8185 3429/8186 3467/8187
f 4422/8188 4433/8189 4310/7212 4285/7211
f 1140/4658 1170/4657 1097/1640 1079/1639
f 1545/2464 1546/2463 1483/8190 1482/8191
f 2150/6044 2031/6043 2000/8192 2149/8193
f 1299/7169 1238/8194 1227/3605 1274/4296
f 2476/5998 2507/5997 2383/7091 2363/8195
f 2656/1059 2698/6965 2699/3664 2632/1060
f 3125/8196 3126/8040 3053/8197 3038/8198
f 4071/8199 3831/7304 3809/7307 4042/8084
f 4349/6680 4438/6679 4428/8200 4350/8201
f 1833/784 1945/339 1830/338 1797/2490
f 3245/8202 3263/8203 3211/8204 3187/8205
f 4382/486 4387/5954 4250/5957 4237/487
f 4103/8206 4104/8207 3998/3474 3997/3473
f 1159/681 1204/680 1160/4091 1147/8208
f 1961/6602 1962/4338 1998/4337 1937/6603
f 2055/6243 2126/8209 1902/1311 1853/1310
f 425/4116 444/1798 401/1801 352/8210
f 4461/8211 4460/8212 4359/8213 4358/8214
f 2067/8215 2050/8216 2017/8217 2066/8218
f 2961/5996 2870/5952 2869/5864 2960/6732
f 4595/8219 4682/8220 4610/7459 4546/7458
f 2778/7329 2799/4511 2640/8221 2639/6683
f 3830/46 3895/5785 3653/6495 3585/47
f 2619/8222 2616/8223 2407/8224 2406/8225
f 2381/4248 2410/4247 2302/8226 2269/8227
f 2474/136 2320/135 2301/2160 2458/4650
f 4318/4186 4336/4185 4292/8228 4280/8229
f 670/514 732/6726 671/4779 612/8230
f 1212/3478 1231/4533 1151/100 1118/99
f 180/6071 183/6070 178/8231 177/8232
f 1917/6769 1997/6768 1981/8233 1895/8234
f 726/513 796/578 732/6726 670/514
f 3335/5937 3368/5936 3291/8235 3252/8236
f 4424/3900 4345/8121 4314/8124 4407/2603
f 3520/6582 3554/8237 3514/8238 3497/6583
f 2312/8239 2313/1146 2162/6747 2161/8240
f 2452/3275 2614/3274 2588/706 2450/410
f 3056/4698 3101/4697 2979/8241 2907/8242
f 3517/7886 3599/7885 3600/8243 3541/8244
f 5/8245 8/8246 2/8247 1/8248
f 4371/8249 4452/643 4425/646 4335/8250
f 2957/7950 3018/397 2954/6441 2863/6444
f 2148/8251 2099/1587 1989/1590 1988/8252
f 3227/7969 3229/8253 3242/8254 3210/8038
f 1854/6120 1756/4180 1755/4183 1818/8255
f 2128/8256 2175/8257 2093/3257 2095/3256
f 3760/4063 3949/1012 3811/1011 3701/4064
f 3031/4321 3141/8258 3017/4322
f 2107/7935 2134/7934 1995/3201 1958/3200
f 1688/8259 1689/8260 1575/7043 1576/7042
f 94/77 130/107 109/110 78/2966
f 3532/6957 3810/7546 3781/8261 3533/5253
f 2671/3505 2842/795 2758/6800 2568/6568
f 3486/3818 3594/8262 3487/8263 3394/3819
f 1499/8264 1638/8265 1637/3486 1498/3489
f 4072/8266 4073/8267 3951/8060 3950/8059
f 1696/8268 1742/5573 1693/2165 1634/8269
f 712/2618 713/8270 589/7519 608/2619
f 3328/8271 3433/5808 3419/5807 3302/8272
f 3044/2889 3082/2888 3157/8273
f 143/6474 271/6563 232/6566 137/6475
f 4771/2893 4724/2892 4723/3002 4770/4645
f 3871/1403 4159/3015 4135/3018 3872/1404
f 3012/8274 3030/8275 2823/4131 2783/4130
f 63/8276 88/308 58/307 57/8277
f 4547/8278 4644/8279 4618/8280 4536/8281
f 2895/7083 2915/7120 2891/8282 2890/8283
f 51/8284 46/8285 16/3313 30/3312
f 477/5362 609/1295 575/390 436/1340
f 4608/8286 4622/8287 4603/8288 4600/7591
f 1584/4462 1634/6143 1585/8289 1542/4463
f 3521/4432 3522/4431 3488/8290 3500/8291
f 3815/5343 3768/1996 3609/3112 3641/5344
f 4268/5978 4338/8069 4142/4783 4050/4782
f 4567/2526 4573/8292 4474/8293 4473/5485
f 3835/8294 3944/8295 3924/4688 3788/8296
f 4765/8297 4768/8298 4764/2472 4758/8111
f 3538/1379 3662/1378 3486/3818 3393/3817
f 4549/5981 4528/114 4457/6819 4486/5982
f 1189/7833 1195/8299 1148/8300 1128/7834
f 403/4640 445/4639 319/674 290/677
f 2158/8301 1990/8302 1978/8303 2157/8304
f 1029/8305 1028/8306 1017/8307 1016/8308
f 2020/8309 2084/8310 1922/4826 1817/1264
f 3627/3836 3677/7250 3638/7253 3570/8311
f 539/8312 542/8313 548/8314 508/8315
f 341/5868 330/5867 285/8316 257/8317
f 2604/8318 2577/8319 2535/8320 2534/8321
f 1893/8322 1992/2994 1980/2997 1823/8323
f 2212/6577 2251/8324 2214/8325 2190/6578
f 4085/8326 4165/8327 3943/6576 3882/8328
f 484/4442 487/2118 542/8329 539/8330
f 3623/8331 3637/3411 3482/2926 3453/2925
f 1659/5951 1670/5950 1588/1706 1574/1705
f 1222/8332 1253/7708 1220/7711 1182/8333
f 2665/1158 2508/1157 2507/5997 2664/1669
f 2100/5813 2180/5812 2101/8334 2028/8335
f 4123/6100 4182/8336 4145/8337 4054/6101
f 3458/8338 3289/7181 3288/7184 3457/8339
f 4767/1902 4769/8340 4721/8341 4707/1903
f 854/8342 862/8343 838/2402 821/2405
f 2578/3524 2536/4513 2576/4512 2552/7549
f 1115/2412 1116/3499 1093/2016 1090/2015
f 2213/1218 2253/1217 2212/6577 2189/3804
f 1975/4341 1983/8344 1774/5600 1758/4342
f 587/770 607/769 619/8345 586/8346
f 4642/4395 4679/4394 4639/8347 4599/8348
f 3499/1649 3518/6075 3497/8349 3494/6432
f 3363/8350 3382/8351 3364/8352 3338/8353
f 819/8354 806/8355 774/7841 817/7840
f 893/8356 882/3441 846/3444 867/8357
f 2916/3516 2957/3515 2863/8358 2862/8359
f 4151/414 4019/8360 3984/8361 4150/415
f 4158/3898 3932/3409 3897/2144 4157/2143
f 4056/7654 4123/7653 4059/8362 4014/8363
f 3059/8364 3041/5173 2909/7873 2912/5213
f 1276/1658 1285/417 1215/420 1195/8365
f 2762/1859 2751/2933 2592/8366 2590/1860
f 571/8367 603/8368 583/2084 523/8369
f 2974/7879 3046/6921 2975/6922 2933/7081
f 1575/8370 1606/8371 1543/7764 1525/7763
f 3928/6536 3982/5819 3983/8372 3888/8373
f 2948/1351 3004/2998 2986/2999 2932/1352
f 1697/6989 1698/8374 1677/8375 1683/4943
f 3901/8376 3851/3476 3673/3191 3704/3190
f 2765/5599 2766/5598 2597/8377 2596/8378
f 1106/572 1128/7834 1104/8379 1069/573
f 4726/83 4752/82 4697/8380 4677/3874
f 3643/6395 3747/6394 3642/8381 3596/8382
f 3179/8383 3137/8384 3136/8385 3180/8386
f 3285/7821 3286/7824 3191/8387 3190/7425
f 2898/5904 2882/5903 2765/8388 2764/8389
f 3920/8390 4171/8391 4172/8392 3896/8393
f 4341/6369 4195/6570 4149/6573 4340/8394
f 1370/8395 1342/6579 1345/8396 1369/8397
f 1358/8398 1404/6850 1371/7176 1325/8399
f 2797/3391 2837/8400 2754/209 2753/1407
f 4271/8401 4272/8402 4112/8403 4091/8404
f 4600/7591 4603/8288 4602/448 4601/447
f 1353/1657 1366/2129 1304/418 1285/417
f 2621/4078 2819/7858 2803/6171 2602/4079
f 4091/8405 4112/8406 3965/5927 3884/5926
f 3302/8407 3419/8408 3401/8409 3296/8410
f 4561/7672 4617/8411 4604/8412 4550/7673
f 986/8413 994/6047 913/6050 912/8414
f 1056/247 1076/4761 1031/8415 1007/248
f 2625/7513 2710/6999 2626/6183 2608/6182
f 633/2457 634/7524 592/4963 534/4115
f 3096/4156 3238/8416 3239/4155
f 4665/1844 4666/6090 4591/112 4590/111
f 3268/18 3360/8417 3349/8418 3236/19
f 1147/365 1149/364 1127/7064 1126/7065
f 718/8419 781/4497 743/4498 662/8420
f 2376/8421 2220/5896 2219/5897 2375/8422
f 2994/6276 3029/8423 2839/4822 2802/4821
f 316/2641 342/8424 309/8425 276/4958
f 1981/8233 1997/6768 1982/8426 1940/8427
f 104/75 105/74 92/8428 98/7753
f 309/5225 343/5224 310/8008 273/8429
f 1507/8430 1522/3589 1508/3532 1503/4999
f 1013/2068 1004/801 988/800 999/2069
f 1080/8431 1145/190 1066/193 1044/8432
f 987/3503 1003/3502 961/254 941/253
f 3105/5727 3253/5726 3238/5797
f 4618/8433 4705/8434 4692/8435 4611/8436
f 4035/3948 4164/8437 3903/8438 3789/3949
f 397/8439 479/6480 440/7520 356/8440
f 4778/8441 4775/8442 4774/8443 4776/8444
f 3348/4880 3438/4879 3433/5808 3328/8271
f 223/8445 394/2631 375/2632 221/8446
f 4321/8447 4282/6237 4166/6239 4165/8448
f 3303/4528 3311/4527 3273/8449 3253/8450
f 3177/7779 3203/7778 3192/7662 3138/7661
f 4368/8451 4474/8452 4482/3572 4354/3571
f 4045/3355 3974/5885 3812/8453 3975/8454
f 4373/8455 4362/1159 4383/327 4374/326
f 2909/7873 2910/6053 2830/6055 2828/5214
f 560/8456 624/8457 505/1834 454/6127
f 983/8458 988/8459 946/8460 944/8461
f 4212/5323 4140/8462 4046/8463 4138/403
f 2295/6029 2448/6028 2296/4559 2173/7289
f 1101/3702 1167/654 1102/653 1092/1390
f 743/4498 765/4465 728/4467 691/8464
f 812/8465 854/8466 821/8467 761/8468
f 4529/8469 4591/8470 4576/8471 4511/8472
f 1012/1408 1006/1411 905/8473 904/8474
f 3241/8475 3209/8476 3262/8477
f 2611/7477 2625/7479 2608/1851 2585/1850
f 1089/8478 1090/2015 1085/2018 1088/8479
f 4731/8480 4741/8481 4733/6796 4729/6795
f 4610/8482 4683/8483 4638/3225 4581/4101
f 1259/3047 1312/3046 1269/5265 1224/8484
f 4258/8485 4165/8327 4085/8326 4234/8486
f 767/8487 729/8488 728/8489 764/8490
f 131/8491 141/8492 95/211 87/210
f 4232/8493 4233/4055 4015/4694 4034/4693
f 1884/3883 1913/2501 1809/294 1770/293
f 4663/8494 4681/8495 4634/8496 4633/8497
f 568/8498 570/8499 522/3689 553/3688
f 3242/8254 3278/8500 3174/8501
f 3527/6334 3523/8129 3476/3944 3480/3943
f 589/7519 713/8270 696/8502 590/8503
f 4116/6112 4355/2703 4307/2706 4037/5112
f 1158/8504 1200/8505 1175/191 1145/190
f 3112/8506 3113/8507 2997/8508 2996/8509
f 1058/2452 1060/8510 1002/8511 1001/6048
f 3311/8512 3392/8513 3369/8514 3290/34
f 1129/3161 1172/3160 1155/8515 1107/8516
f 2667/8517 2822/8518 2808/6897 2668/8519
f 2036/8520 2006/3677 2022/3678 2005/8521
f 3219/8522 3234/7499 3235/7498
f 3665/8523 3730/7230 3681/7231 3632/8524
f 2905/5424 2725/8525 2689/1155 2904/5425
f 1325/758 1371/6759 1352/4647 1284/759
f 769/2304 826/4978 805/2919 740/2305
f 4167/8526 4377/6704 4353/6707 4110/8527
f 3205/5296 3206/754 3260/753
f 837/7302 862/8528 854/8529 836/7303
f 147/664 148/663 121/8530 146/8531
f 105/8532 126/2845 119/2848 93/8533
f 1197/2350 1213/2349 1157/1837 1143/1836
f 1794/957 1903/956 1795/5686 1685/8534
f 1779/8535 1856/2112 1653/2115 1596/5844
f 4041/6196 3992/374 3738/1505 3784/1504
f 1305/7167 1274/4296 1241/4295 1256/8536
f 148/8537 186/8538 149/6996 110/6995
f 3476/3944 3477/91 3451/7838 3442/3945
f 1927/8539 1772/8540 1771/7756 1870/8541
f 2662/6277 2802/4821 2600/4824 2475/8148
f 3233/8542 3200/2481 3199/8543 3232/8544
f 4714/8545 4754/5060 4728/5063 4705/8546
f 4684/563 4711/8547 4712/8548 4685/564
f 3240/1631 3271/3884 3279/1632
f 2144/8549 2067/8215 2066/8218 2143/8550
f 3019/7335 3005/7334 2936/8551 2953/8552
f 3257/1826 3306/6159 3293/1823
f 1134/2651 1112/3904 1111/8553 1133/2652
f 3990/3468 4064/1244 3893/5774 3828/7843
f 1319/2628 1339/7436 1346/8554 1306/2629
f 1539/1782 1707/1781 1596/8555 1490/8556
f 237/7276 273/8557 236/8558 205/7277
f 2202/1026 2138/1025 2065/7248 2137/6272
f 2376/8559 2398/1992 2261/3771 2220/3770
f 2790/8560 2779/8561 2616/8223 2619/8222
f 1924/4340 1757/4343 1728/7457 1923/8562
f 3926/8563 4083/8564 3877/8565 3688/8566
f 4682/4646 4723/3002 4683/3001 4610/8567
f 3383/8568 3483/4059 3454/4061 3365/4987
f 2843/8569 2941/7110 2824/4547 2741/8570
f 4430/8571 4536/8572 4537/8573 4429/8574
f 1544/8575 1591/1576 1485/1579 1467/4831
f 3243/1809 3293/1823 3292/3663
f 2525/502 2706/8576 2705/1878 2500/503
f 4603/8288 4560/8577 4559/2649 4602/448
f 3864/8578 3917/8579 3838/8167 3777/8580
f 4250/5957 4288/5956 4066/7223 4065/6597
f 4152/2988 4356/4687 4369/4686 4153/2989
f 1653/2115 1712/2114 1586/8581 1532/5044
f 3506/8582 3508/8583 3397/8584 3418/8585
f 375/1297 527/8586 500/8587 366/1298
f 2569/705 2541/704 2350/8588 2378/7089
f 464/8589 483/6632 467/4705 461/5654
f 845/1222 891/1221 899/8590 863/3094
f 1286/3463 1322/3462 1258/4039 1229/4038
f 800/8591 773/6676 738/2644 799/5770
f 875/1247 799/4619 798/7729 874/7728
f 3970/7128 4238/373 4222/8592 3968/7129
f 2495/7456 2352/6131 2336/3566 2494/3565
f 1898/7144 1941/8593 1899/915 1863/6736
f 1720/288 1721/287 1684/8594 1681/8595
f 1613/2292 1649/8596 1572/7987 1538/2293
f 3277/1633 3197/8597 3184/8598 3262/8599
f 1640/1313 1686/1312 1600/5211 1567/5210
f 220/1889 258/1888 133/5234 129/5233
f 1096/1251 1187/4047 1165/8600 1078/8601
f 4115/4712 3890/8095 3842/8602 4114/8603
f 1672/8604 1627/8605 1579/8606 1630/8607
f 3104/36 3222/35 3117/17 3026/3326
f 3080/4086 3081/8608 2944/8609 2966/4087
f 3417/8610 3418/8585 3344/8611 3342/8029
f 366/6618 500/8612 459/8613 355/6619
f 4662/7034 4735/6808 4714/8545 4644/8614
f 1892/7391 1906/6376 1705/2515 1692/5625
f 3045/8615 3143/6097 3046/6098 2974/8616
f 1900/7239 1961/6602 1942/3846 1901/3849
f 2221/4344 2222/4347 2072/8617 2060/6696
f 430/1057 364/5604 326/8618 409/8619
f 961/788 975/787 960/2537 940/2536
f 3318/6125 3329/8620 3330/5025 3319/436
f 1573/1047 1648/3105 1551/8621 1493/1048
f 2331/2151 2491/1622 2332/4308 2194/6063
f 2563/8622 2647/7738 2549/4118 2477/4117
f 2412/8623 2601/1564 2562/1567 2372/4837
f 1399/5154 1428/354 1391/357 1348/5155
f 2467/8624 2556/6567 2446/6569 2346/8625
f 4156/7943 4131/8626 3868/2286 3870/2162
f 3760/8627 3563/4954 3553/4953 3703/8628
f 2137/6272 2065/7248 2034/1205 2136/2799
f 1763/8629 1838/8630 1739/8631 1695/8632
f 1398/8633 1424/6064 1402/6065 1374/8634
f 4541/8635 4579/6976 4562/6979 4514/8636
f 2924/6586 3076/6585 3055/4301 2872/4300
f 1148/8637 1159/681 1147/8208 1126/8638
f 3450/8639 3605/8640 3556/5035 3465/5038
f 1895/2312 1981/3847 1942/3846 1897/2313
f 3162/2712 3280/2711 3256/8641 3114/5580
f 3366/6723 3510/6722 3439/7822 3285/7821
f 1790/2570 1793/2569 1787/5247 1789/7869
f 1714/5732 1679/1281 1678/1284 1713/5733
f 103/6689 116/7595 112/8642 97/8643
f 3282/3506 3247/8644 3213/8645 3281/7406
f 4253/375 4374/4406 4337/8646 4209/376
f 3998/8647 4104/5226 4101/3775 3995/3774
f 4623/8648 4605/8649 4586/8650 4609/8651
f 1846/3203 1882/3202 1786/8652 1784/8653
f 572/3798 511/1827 438/1766 496/1765
f 636/8142 649/2011 565/2014 541/8654
f 4445/4148 4543/5938 4533/4818 4446/4817
f 3743/8655 3953/1790 3902/1793 3675/8656
f 2942/4240 3026/8657 2972/8658 2874/4241
f 2069/8659 2217/3336 2091/3337 1929/8660
f 4556/2864 4614/8661 4608/8286 4557/2865
f 3388/3155 3400/5255 3305/8662 3301/3156
f 2489/4838 2769/4023 2676/3857 2382/6076
f 3167/8663 3187/5129 3165/4335 3163/4833
f 1409/8664 1414/8665 1388/8666 1384/8667
f 3265/3333 3327/8668 3334/8072 3264/3334
f 4703/3913 4667/3912 4646/8669 4694/8670
f 2963/5994 2961/5996 2917/6734 2902/8671
f 3248/6374 3302/8672 3296/8166 3216/5984
f 3639/701 3767/700 3745/8673 3592/5992
f 646/8674 659/8675 536/8676 515/5140
f 2600/4824 2620/4823 2439/8677 2393/8149
f 3688/8566 3641/8678 3598/8679 3661/8680
f 2460/763 2530/8681 2461/1084 2424/8682
f 883/1885 858/7134 800/4618 876/1246
f 1739/8631 1672/8683 1630/8684 1695/8632
f 4072/8266 4211/8685 4176/8686 4073/8267
f 1894/8687 1993/8688 1957/5665 1857/5664
f 171/7448 172/7447 136/6784 132/6783
f 2196/7422 2331/2151 2194/6063 2037/2935
f 902/8689 910/8690 840/8691 839/8692
f 2722/3184 2505/137 2474/136 2687/3185
f 2116/7974 2240/4598 2207/4600 2071/8693
f 602/7785 653/940 627/939 551/7786
f 2342/8694 2373/1070 2343/1073 2293/8695
f 4721/8097 4722/8096 4625/6673 4624/6672
f 3079/4750 3156/4749 3016/5728 3013/8052
f 871/8696 887/8697 850/8698 820/8699
f 4137/1165 4102/1164 4100/2494 4044/2493
f 1423/8700 1401/8701 1389/8702 1422/8703
f 4692/8704 4693/8705 4612/8706 4611/8707
f 2266/4003 2247/310 2120/313 2119/5940
f 3648/8708 3845/8709 3846/8710 3649/8711
f 4557/2865 4608/8286 4600/7591 4558/1184
f 4393/8712 4442/8713 4305/416 4264/8714
f 2293/5219 2343/7078 2294/6218 2255/5220
f 3536/8715 3744/8716 3743/8655 3537/8717
f 1260/5697 1302/7151 1261/2109 1225/2108
f 4172/8718 4359/8719 4344/4053 4129/4052
f 2559/8720 2587/7573 2377/4567 2369/6030
f 1815/8128 1827/8721 1792/7997 1791/5246
f 4113/8722 4150/415 3984/8361 3947/8723
f 1804/7327 1780/8724 1697/6989 1718/6988
f 1291/1399 1316/4651 1292/4654 1272/1400
f 2044/6042 2165/6041 2164/6525 2030/8725
f 1758/4342 1774/5600 1661/2624 1660/3131
f 2822/8726 3011/8727 2981/8728 2808/8729
f 134/534 123/533 112/3039 116/8730
f 3347/8731 3325/8732 3322/8733 3343/8734
f 4485/5983 4486/5982 4355/8735 4369/8736
f 3202/3743 3232/3742 3199/8737 3168/8738
f 4083/8739 4299/8740 4230/8741 3877/8742
f 3032/8088 3098/8743 3081/6381 2955/4768
f 1553/876 1617/7901 1554/7903 1495/2156
f 3503/5755 3549/8744 3436/8745 3446/8746
f 3987/5113 4263/4672 4249/4675 3988/8747
f 997/6885 1011/6884 977/2383 965/2382
f 2362/1784 2360/3769 2327/3768 2328/1785
f 3629/1272 3663/1271 3493/8748 3461/8749
f 3262/8477 3184/8750 3161/8751 3241/8475
f 928/8752 1029/8305 1013/8753 900/8754
f 1352/4647 1367/4649 1332/4487 1284/759
f 2403/8114 2597/8057 2595/2665 2402/2664
f 3497/8349 3514/8755 3495/6431 3494/6432
f 1156/6295 1192/3718 1166/3719 1144/8756
f 3725/8757 3726/8758 3692/3787 3694/3786
f 2204/8759 2368/7160 2367/7162 2176/8760
f 2989/1417 3073/1416 3071/6804 2990/6235
f 276/4958 309/8425 273/8557 237/7276
f 3213/3530 3212/8761 3186/8762 3211/3531
f 752/4877 815/2982 797/8763 734/4878
f 1278/5333 1334/5332 1307/8764 1252/8765
f 2472/4002 2473/5565 2247/310 2266/4003
f 45/8766 42/8767 28/98 33/97
f 3350/2218 3345/8768 3325/8769 3347/8770
f 4334/3997 4251/1089 4134/1088 4291/3998
f 1292/8771 1317/8772 1314/8773 1289/8774
f 198/8108 302/6918 294/1028 176/1027
f 922/8775 943/3403 917/3404 916/8776
f 4142/4783 4244/8071 4076/8777 3922/4784
f 185/8778 256/5453 186/5456 148/8779
f 4024/8780 4277/8781 4197/7942 3899/2161
f 1033/1252 1096/1251 1078/8601 1034/8009
f 390/8782 585/2193 521/2192 372/8783
f 340/2754 336/2753 334/8784 323/8785
f 73/6318 91/406 88/8786 63/6319
f 3039/5136 3234/8787 3203/7778 3024/4424
f 812/8788 761/8789 760/8790 811/8791
f 1649/8596 1674/8792 1595/2563 1572/7987
f 3574/8793 3575/2883 3539/2882 3541/8794
f 3266/8795 3328/8271 3302/8272 3248/8796
f 2435/8797 2275/2686 2239/4524 2434/8798
f 3342/8799 3344/8800 3321/8801 3339/6166
f 706/8802 705/8803 658/4898 683/4897
f 2301/2160 2228/2159 2185/8804 2282/458
f 2470/8805 2637/8806 2613/967 2469/7090
f 3283/8807 3250/50 3200/2481 3233/8542
f 2185/7799 2228/8808 2169/4615 2168/4614
f 1078/8601 1165/8600 1139/5068 1067/5067
f 3638/4019 3640/4018 3591/8809 3570/8810
f 529/393 530/8811 434/8812 433/1341
f 589/7519 590/8503 420/8813 440/7520
f 2292/504 2500/503 2471/2838 2278/2837
f 199/8814 220/8815 129/4205 128/4206
f 4650/1904 4707/1903 4606/8816 4563/6599
f 527/8586 587/8817 574/8818 500/8587
f 3991/2737 3698/2736 3697/8819 3933/8820
f 336/8821 391/1862 390/1865 337/8822
f 3256/5346 3333/5388 3306/5391 3257/5347
f 3041/5173 3042/3405 2910/6053 2909/7873
f 4130/5784 4154/5829 3866/6493 3895/5785
f 3237/144 3273/1301 3221/8823 3103/145
f 3344/8611 3418/8585 3397/8584 3343/8824
f 4342/7315 4472/8825 4454/3283 4304/3282
f 881/2588 908/692 860/575 814/736
f 3559/2379 3581/2378 3584/3359 3525/8826
f 1194/325 1200/324 1158/8827 1154/8828
f 1800/937 1835/2685 1733/2880 1731/2166
f 3511/3192 3512/8829 3390/6232 3389/6231
f 3908/7792 4109/5875 4017/115 3909/7620
f 2449/4560 2628/217 2629/7622 2557/7236
f 3838/8167 3839/4004 3778/4007 3777/8580
f 1308/7709 1349/3811 1309/3814 1254/7710
f 3822/7014 3861/7013 3837/7001 3800/7004
f 1172/8830 1243/2630 1228/5915 1155/1943
f 4735/6808 4755/6807 4754/5060 4714/8545
f 950/7678 973/8831 949/8832 924/7679
f 484/8833 485/8834 462/8835 468/8836
f 2286/1278 2285/8837 2254/8838 2257/1279
f 4693/8705 4700/7378 4620/7379 4612/8706
f 310/8839 356/8440 331/8840 274/8841
f 287/1007 226/1006 225/8842 286/1119
f 1113/3828 1136/3903 1121/8843 1110/3829
f 4606/8816 4624/8844 4535/8845 4506/8846
f 3102/8847 2980/966 2979/3698 3101/8848
f 3737/8849 3531/4892 3509/4894 3700/8850
f 591/4364 449/3628 421/6952 577/4363
f 4026/2495 4047/3299 4027/3298 3937/8851
f 610/8852 699/8853 703/5057 657/5056
f 3498/1289 3499/1649 3494/6432 3496/1290
f 4307/2706 4457/2705 4431/4673 4263/4672
f 1510/156 1630/8684 1579/8854 1484/157
f 3016/5728 3105/5727 2983/5799 2878/5378
f 1588/7026 1657/540 1587/543 1558/5171
f 86/8855 135/8856 131/8857 87/8858
f 2380/6730 2598/3860 2572/5176 2381/8098
f 2688/7375 2884/7374 2871/8141 2663/8859
f 1953/8860 2093/7576 1892/7391 1836/7390
f 499/2146 419/1499 328/1498 431/6178
f 4605/8861 4570/8135 4540/8134 4586/8862
f 1190/7262 1283/8863 1266/4495 1181/2774
f 3921/8864 4051/716 3832/719 3706/5537
f 754/2974 772/366 700/369 680/4277
f 4274/335 4308/2362 4114/7726 4062/5047
f 2660/8865 2436/5633 2388/5634 2594/8866
f 1486/4238 1549/1550 1475/1553 1444/1718
f 2361/7038 2395/8867 2394/8868 2323/4554
f 1993/7975 2116/7974 2071/8693 1957/8869
f 69/5590 84/5589 49/6094 44/6093
f 708/6222 735/6221 648/5387 647/5386
f 2013/7571 2001/2044 1971/7266 1973/8179
f 1365/7865 1377/1720 1329/8870 1318/8871
f 1429/7921 1472/8182 1450/8872 1405/6945
f 4760/8873 4773/80 4726/83 4689/3873
f 2239/8164 2106/8874 2105/8875 2238/8165
f 946/803 968/802 945/3364 919/3363
f 4166/8876 3944/6575 3943/6576 4165/8327
f 3369/723 3485/722 3434/8877 3310/8878
f 1537/5325 1571/8879 1547/8880 1521/5326
f 1287/8881 1288/8882 1233/4845 1232/4844
f 3788/8296 3924/4688 3834/4691 3708/8883
f 539/8884 540/8885 485/8886 484/8887
f 4423/5955 4447/8888 4329/7221 4288/5956
f 2651/2772 2580/2771 2579/8889 2650/8890
f 4645/4517 4664/4516 4573/8891 4567/8892
f 3541/8794 3539/2882 3515/3947 3517/8893
f 3670/7140 3920/8390 3896/8393 3636/7141
f 2921/3206 3049/3205 3035/4273 2884/7374
f 344/3072 402/8894 369/8895 342/8896
f 1402/6428 1448/8180 1429/7921 1375/6429
f 3553/5407 3421/3734 3420/3163 3552/5408
f 2529/762 2603/5840 2530/8681 2460/763
f 3406/8897 3407/8898 3404/3341 3405/8132
f 3164/8899 3167/8663 3163/4833 3151/4836
f 2965/8900 2782/441 2781/444 2964/8901
f 1951/8902 1952/8903 1730/8904 1740/8905
f 1103/3808 1140/4658 1079/1639 1073/3806
f 2128/1373 1984/8906 1983/6248 2127/1374
f 558/2001 614/2725 441/8907 422/8908
f 2279/8909 2297/8910 2150/6044 2149/8193
f 1385/8911 1416/8912 1396/8913 1354/8914
f 3885/6937 4092/6936 4061/3544 3883/8915
f 2114/955 2216/5030 2039/5684 1903/956
f 242/8916 282/8917 244/5241 215/5244
f 333/3737 371/8918 280/8919 229/3738
f 3358/4753 3359/1175 3346/1178 3345/7695
f 3884/8920 3823/8921 3774/8922 3883/8923
f 2052/6488 2019/6487 2018/8924 2051/8925
f 7/2519 16/8926 12/8927 3/2520
f 3218/7494 3266/8928 3248/8929 3176/7495
f 4716/824 4730/3862 4700/7378 4693/8705
f 4380/2542 4503/5561 4483/5564 4378/5593
f 1771/7756 1772/8540 1662/7835 1673/3036
f 4775/8930 4778/8931 4746/1998 4753/1997
f 1318/8932 1329/8933 1268/8934 1255/8935
f 1343/6430 1375/6429 1350/6944 1315/7632
f 1845/4984 1893/8322 1823/8323 1767/4985
f 1141/2451 1146/7737 1060/8510 1058/2452
f 2679/4549 2709/8936 2610/8174 2584/8173
f 4213/8937 4349/8938 4350/8939 4214/8940
f 1669/8941 1840/3690 1763/3693 1599/6330
f 1405/6945 1450/8872 1425/8942 1381/6946
f 2981/6898 3115/8943 3077/5435 2940/6899
f 1174/8944 1238/5352 1245/183 1186/8090
f 4534/6978 4460/8212 4461/8211 4516/8945
f 1132/8946 1178/4846 1179/2653 1133/2652
f 1785/4013 1824/2594 1808/5781 1751/5621
f 4443/6310 4306/413 4305/416 4442/8713
f 1257/7385 1276/8947 1195/8299 1189/7833
f 2323/8948 2394/1652 2371/1655 2284/8949
f 926/4841 970/4709 947/8950 887/4842
f 3808/8085 3561/3538 3560/714 3807/713
f 1341/2224 1282/2223 1281/8951 1340/8952
f 254/898 305/1922 304/5512 266/5511
f 4202/8953 4298/5901 4177/717 4051/716
f 3019/7335 2953/8552 2969/3069 3027/3068
f 1348/5155 1391/357 1349/3811 1308/7709
f 4336/4361 4363/4360 4361/7999 4292/8002
f 2654/1898 2741/8954 2516/8955 2397/1899
f 186/8538 270/7471 193/7402 149/6996
f 1446/6788 1455/6787 1422/3892 1414/3891
f 4181/5743 4366/8956 4299/8740 4083/8739
f 3726/8758 3756/8957 3722/6735 3692/3787
f 3272/4410 3366/6723 3285/7821 3190/7425
f 2277/7741 2402/8958 2401/1346 2276/7742
f 2424/8682 2461/1084 2418/1087 2417/8959
f 2441/8960 2477/4117 2440/1789 2420/3308
f 3217/8961 3259/8962 3218/7494 3175/7493
f 1416/8912 1447/8963 1431/8964 1396/8913
f 1034/8009 1078/8601 1067/5067 1035/3617
f 4605/8965 4616/1845 4549/5981 4570/5980
f 2668/8519 2808/6897 2757/5776 2603/5775
f 369/5223 423/8966 397/8006 343/5224
f 2546/7132 2756/8967 2721/8968 2488/7133
f 3618/8969 3619/8 3579/4957 3578/495
f 4527/6705 4635/1211 4613/1214 4510/6706
f 1565/8970 1605/6837 1567/5210 1561/8971
f 863/3094 822/2946 807/1162 845/1222
f 4616/1845 4590/111 4528/114 4549/5981
f 2715/5854 2760/3250 2634/3253 2587/8972
f 2945/3760 3001/8973 3002/7646 2946/3757
f 4712/8974 4760/8873 4689/3873 4688/3876
f 3873/8975 3934/8976 3672/6674 3656/6675
f 3109/8977 3120/8978 3049/3205 3048/3204
f 3673/3191 3674/6512 3512/8829 3511/3192
f 1554/7875 1669/8941 1599/6330 1496/4966
f 817/7840 858/8979 849/8980 819/8354
f 1862/579 1996/7912 1939/7913 1850/580
f 4436/8981 4405/4380 4311/5607 4333/7990
f 3987/5113 3988/8747 3757/8982 3728/6128
f 466/5141 480/8983 463/8984 460/5693
f 899/8985 978/8986 979/3578 903/3577
f 1155/1943 1228/5915 1208/5916 1130/1944
f 938/171 939/174 918/8987 937/8988
f 4448/8989 4409/6711 4332/6712 4331/8990
f 2777/8991 2778/7329 2639/6683 2617/6682
f 1255/8935 1268/8934 1222/4420 1214/4419
f 314/4293 332/2765 260/2768 250/7720
f 2306/8992 2413/8993 2414/8994 2307/8995
f 3935/3291 3762/3033 3761/1105 3876/3292
f 1123/6022 1194/7044 1154/8996 1081/6023
f 3438/4879 3587/5533 3588/5809 3433/5808
f 2670/8997 2792/4423 2783/4426 2623/8998
f 3648/8708 3649/8711 3544/8999 3543/9000
f 2490/1841 2707/9001 2677/9002 2459/1842
f 2491/1622 2582/1621 2444/4309 2332/4308
f 2256/3120 2321/7086 2229/151 2191/154
f 1721/287 1723/3983 1699/1463 1684/8594
f 2777/8991 2919/9003 2902/7328 2778/7329
f 2888/388 3031/4321 2929/4320 2784/9004
f 1377/1720 1406/1719 1356/9005 1329/8870
f 3869/2145 3897/2144 3637/3411 3623/8331
f 4454/3283 4566/9006 4547/9007 4440/3284
f 2837/8400 2850/9008 2788/206 2754/209
f 1753/541 1921/6881 1817/9009 1658/542
f 3710/9010 3715/9011 3716/9012
f 2924/6586 2707/9013 2724/9014 2923/6587
f 1177/4194 1212/3478 1118/99 1076/4557
f 645/9015 646/8674 515/5140 514/5139
f 1586/3116 1636/3115 1584/4462 1531/4461
f 2983/5799 2984/9016 2879/5379 2878/5378
f 3746/9017 3857/9018 3643/9019 3593/9020
f 323/9021 334/9022 321/9023 320/9024
f 4596/506 4650/9025 4563/9026 4526/507
f 4419/2541 4539/9027 4503/5561 4380/2542
f 1183/4188 1221/6616 1196/4729 1153/4189
f 2627/3050 2784/214 2628/217 2448/6028
f 3522/4431 3558/5765 3489/5768 3488/8290
f 4540/9028 4467/9029 4444/9030 4519/9031
f 2236/1528 2103/1527 2102/2371 2235/9032
f 679/391 771/3399 770/6147 669/392
f 1923/9033 2085/9034 2086/6507 1924/6508
f 1174/8944 1186/8090 1135/3902 1114/9035
f 4494/316 4530/5862 4442/9036 4393/9037
f 4469/3188 4495/6489 4423/6492 4387/6553
f 1439/158 1484/157 1466/9038 1424/6752
f 3436/8745 3549/8744 3530/6206 3437/6205
f 1089/8478 1137/2413 1115/2412 1090/2015
f 3380/9039 3493/3584 3424/3585 3315/9040
f 836/3052 812/3051 811/9041 810/9042
f 401/3071 443/9043 402/8894 344/3072
f 1656/9044 1703/9045 1689/9046 1639/9047
f 4472/8825 4572/9048 4566/9006 4454/3283
f 2958/7949 3062/394 3018/397 2957/7950
f 1536/4175 1609/8079 1592/8081 1529/4176
f 2156/2186 2115/2185 2086/6507 2154/9049
f 4490/4995 4491/2853 4410/9050 4409/9051
f 960/6830 975/9052 974/9053 959/6831
f 1173/9054 1180/9055 1054/9056 1043/9057
f 1010/3522 1027/3521 973/8831 950/7678
f 4504/9058 4524/1917 4451/1920 4433/8189
f 1521/9059 1548/3586 1522/3589 1507/8430
f 3460/6751 3470/6750 3352/6263 3349/6262
f 4632/9060 4630/9061 4627/9062 4631/9063
f 3707/9064 3788/8296 3708/8883 3611/9065
f 2429/385 2430/384 2423/4298 2428/3319
f 2298/6526 2165/6041 2150/6044 2297/8910
f 4512/5307 4520/5306 4432/9066 4421/9067
f 471/9068 507/9069 406/1978 371/1977
f 3647/494 3696/9070 3618/8969 3578/495
f 1714/9071 1805/7866 1715/6716 1679/9072
f 48/9073 29/3556 12/3555 47/9074
f 2384/7455 2236/9075 2235/6132 2352/6131
f 4548/2527 4567/2526 4473/5485 4455/5484
f 1956/9076 1880/464 1878/5516 1955/6505
f 668/5908 531/7890 530/7893 667/5909
f 1163/9077 1211/4655 1140/4658 1103/3808
f 337/277 348/280 335/9078 321/9079
f 2725/8525 2547/9080 2527/1156 2689/1155
f 3662/1378 3789/3949 3594/8262 3486/3818
f 3947/9081 3984/9082 3917/8579 3864/8578
f 4061/3544 4091/3546 3884/9083 3883/8915
f 3008/6803 2883/9084 2855/6236 2990/6235
f 2701/3222 2633/3221 2632/1060 2699/3664
f 1805/7866 1878/5516 1764/5515 1715/6716
f 3269/9085 3270/3993 3107/3992 3106/9086
f 383/9087 380/6642 377/6645 382/9088
f 1950/6359 1928/2878 1835/2685 1949/2684
f 4574/4382 4671/5351 4670/5350 4572/4383
f 1251/4126 1257/7385 1189/7833 1171/4127
f 761/9089 821/2984 781/2983 718/9090
f 1097/9091 1119/2450 1052/2453 1040/9092
f 3458/9093 3469/9094 3298/2778 3289/2777
f 4100/2494 4101/3775 4047/3299 4026/2495
f 4399/4809 4497/9095 4478/9096 4376/4810
f 3715/3323 3714/3322 3792/8037
f 3214/9097 3258/9098 3215/9099 3188/9100
f 4106/9101 4202/8953 4051/716 3921/8864
f 336/8821 337/8822 321/9023 334/9022
f 828/2415 867/6136 846/9102 791/9103
f 3153/2086 3176/6373 3164/5986 3151/2087
f 4697/6827 4752/9104 4745/9105 4696/5627
f 2719/9106 2720/4286 2526/4289 2502/5259
f 740/2305 674/1232 676/1231 729/2306
f 1980/9107 2131/9108 2104/9109 1935/9110
f 3944/8295 4166/6239 4163/4689 3924/4688
f 223/9111 221/9112 139/6991 138/6990
f 1646/6338 1760/9113 1623/1551 1549/1550
f 3886/491 4093/5893 3985/7827 3826/7601
f 2404/9114 2405/7585 2244/3382 2243/9115
f 4644/8279 4714/9116 4705/9117 4618/8280
f 3087/9118 3145/9119 3099/3171 3074/3170
f 4267/1161 4240/1160 4069/9120 4097/4232
f 2775/3251 2748/9121 2635/9122 2658/3252
f 2333/5029 2468/9123 2295/9124 2172/6378
f 1824/2594 1825/1744 1844/4044 1806/2595
f 2478/1787 2550/358 2531/361 2480/1788
f 3042/3405 3065/3408 2943/6054 2910/6053
f 2714/9125 2698/9126 2656/7116 2655/7115
f 81/2916 99/2915 80/7313 76/9127
f 2988/7332 3019/7335 3027/3068 2951/6842
f 3158/2096 3120/2099 3109/9128 3094/9129
f 598/9130 599/9131 456/5450 446/5449
f 3716/9132 3816/9133 3817/9134
f 3909/3888 3910/9135 3799/1521 3798/1524
f 3259/8962 3284/9136 3266/8928 3218/7494
f 4234/9137 4085/9138 4016/9139 4124/9140
f 3920/2433 3670/8004 3685/5699 3894/1367
f 2170/7188 2084/8310 2020/8309 2125/7189
f 1829/7145 1863/6736 1827/6737 1815/9141
f 4082/9142 4183/6938 3942/6393 3857/6392
f 4666/6090 4703/3913 4694/8670 4636/6091
f 4352/9143 4392/5814 4281/4140 4217/4139
f 3731/9144 3828/9145 3696/9070 3647/494
f 2257/1592 2254/9146 2251/8324 2252/1593
f 4040/8086 3808/8085 3807/713 4039/7628
f 1598/875 1668/5947 1617/7901 1553/876
f 1904/5685 2040/9147 1926/9148 1798/9149
f 3844/9150 4153/9151 4116/6112 3804/6111
f 1116/9152 1163/9077 1103/3808 1083/3807
f 253/9153 281/9154 267/9155 230/9156
f 4228/3610 4339/9157 4297/2821 4179/3611
f 92/7300 105/8532 93/8533 77/7301
f 3061/985 3062/394 2958/7949 2949/9158
f 1939/5334 2117/9159 2063/7336 1918/5335
f 3721/6764 3713/9160 3712/7098 3720/6765
f 4256/9161 4270/9162 4182/7652 4146/7651
f 3992/9163 3993/2148 3739/6606 3738/6871
f 4614/8661 4672/9164 4622/8287 4608/8286
f 155/9165 85/9166 84/9167 154/9168
f 3898/9169 3948/4522 3735/45 3655/2053
f 4236/9170 4402/7171 4370/9171 4170/9172
f 4484/317 4494/316 4393/9037 4379/9173
f 2166/9174 2139/9175 2049/6486 2081/6485
f 3686/4060 4024/8780 3899/2161 3624/2164
f 2541/9176 2521/9177 2351/7674 2350/1329
f 64/251 62/250 56/189 61/188
f 554/2085 601/9178 584/9179 552/2083
f 3386/4752 3385/1650 3359/1175 3358/4753
f 2480/1697 2511/1700 2479/6971 2442/9180
f 2823/5428 2841/5427 2726/9181 2694/9182
f 1694/9183 1708/9184 1651/9185 1635/9186
f 2951/6842 2900/6841 2731/9187 2853/9188
f 1730/440 1735/439 1593/9189 1592/8081
f 2565/3525 2578/3524 2552/7549 2532/1699
f 810/9190 811/9191 760/2741 759/5492
f 4402/7171 4521/7170 4489/9192 4370/9171
f 3273/8449 3311/4527 3290/9193 3221/9194
f 591/4364 697/2688 699/9195 610/6372
f 4060/7156 4011/4172 3961/4160 3963/5761
f 3412/9196 3413/9197 3405/8132 3411/6119
f 1110/2010 1120/2009 1111/3684 1108/3683
f 4092/6936 4304/3282 4273/3285 4061/3544
f 4746/9198 4778/8441 4762/9199 4704/9200
f 4502/9201 4420/2361 4401/334 4501/8017
f 1795/5686 1904/5685 1798/9149 1687/9202
f 3277/1633 3279/1632 3185/9203 3197/8597
f 1454/9204 1499/8264 1498/3489 1445/9205
f 1807/9206 1857/5664 1782/5667 1719/9207
f 989/5508 1010/3522 950/7678 923/5509
f 3817/3241 3772/8177 3819/1725
f 2212/6577 2253/1217 2252/1593 2251/8324
f 3791/9208 3926/8563 3688/8566 3661/8680
f 2428/3319 2423/4298 2422/1152 2427/3320
f 1188/3159 1249/5914 1243/9209 1172/3160
f 3144/1672 3173/1671 3122/4365 3160/9210
f 3461/9211 3493/9212 3380/1101 3353/1100
f 612/8230 671/4779 641/4781 561/9213
f 3450/8639 3465/5038 3410/6517 3408/3425
f 4053/9214 4107/9215 3978/9216 3939/9217
f 1973/3695 1971/7511 1965/7510 1972/3696
f 1572/7987 1595/2563 1571/2566 1537/7988
f 1042/9218 1080/9219 1044/6215 1018/6214
f 2768/9220 2686/9221 2571/4288 2767/4287
f 3212/8761 3214/9097 3188/9100 3186/8762
f 1577/3561 1643/3035 1563/3038 1527/6323
f 3925/6695 4032/6694 3926/8563 3791/9208
f 4752/9222 4779/9223 4777/4519 4745/4518
f 1766/1722 1718/6988 1701/4942 1725/1723
f 2139/9175 2078/7570 2013/7571 2049/6486
f 3395/4285 3446/139 3396/142 3373/6557
f 4584/9224 4481/7608 4480/9225 4589/9226
f 890/1220 992/3658 984/3657 891/1221
f 2916/9227 2946/9228 2914/2387 2891/2386
f 157/9229 197/9230 173/9231 135/9232
f 478/5443 479/6480 397/8439 423/9233
f 3265/9234 3130/9235 3102/8847 3230/9236
f 135/8856 173/9237 169/9238 131/8857
f 3095/1626 3116/1625 3014/9239 2982/4212
f 3622/9240 3655/9241 3481/8184 3467/8187
f 2195/4311 2344/4310 2215/9242 2053/7598
f 2355/4068 2291/1635 2108/1638 2163/7916
f 2101/8133 2180/9243 2096/6905 2026/6904
f 1970/4936 2016/1704 1972/3696 1965/7510
f 2113/7800 2168/4614 2142/4617 2082/6612
f 1310/5156 1348/5155 1308/7709 1253/7708
f 1876/8154 1932/7464 1742/5573 1696/8268
f 4573/9244 4574/9245 4482/3572 4474/8452
f 3878/7075 4009/4142 3879/9246 3748/9247
f 1094/9248 1138/4759 1056/247 1027/246
f 2299/4980 2488/7133 2390/6452 2246/4981
f 2078/4982 2246/4981 2182/4680 2076/4683
f 4594/3346 4578/3345 4587/7986 4571/9249
f 3783/6866 3586/1518 3531/4892 3737/8849
f 4030/9250 4031/9251 3925/9252 3927/9253
f 3796/5105 3905/4692 3906/4695
f 709/891 663/890 652/9254 651/9255
f 3767/700 3955/7544 3940/9256 3745/8673
f 3419/8408 3589/5429 3562/5432 3401/8409
f 3005/5205 3006/5206 2937/9257 2936/9258
f 3732/7127 3733/7130 3580/9259 3557/7928
f 3345/9260 3346/9261 3324/9262 3325/9263
f 3879/9264 4010/6894 3927/7816 3790/9265
f 891/1221 984/3657 978/9266 899/8590
f 2811/5713 2785/5712 2700/703 2747/702
f 2986/6660 3045/6659 2974/9267 2932/9268
f 408/1448 511/9269 497/9270 409/9271
f 930/7909 914/7908 869/861 868/860
f 1917/6769 1895/8234 1847/7937 1861/7936
f 1746/9272 1910/5018 1908/4875 1762/6203
f 3432/3539 3332/9273 3331/9274 3431/3540
f 3188/9275 3215/4408 3189/4411 3166/9276
f 3076/6585 3197/7319 3185/2713 3055/4301
f 851/4715 895/5653 852/1129 784/1128
f 840/8691 802/9277 801/9278 839/8692
f 3240/6032 3207/4945 3124/4948 3146/5769
f 3718/1522 3712/4727 3711/1469 3717/1523
f 2457/1975 2298/6526 2297/8910 2456/2055
f 2391/7581 2392/7584 2267/9279 2249/9280
f 4351/9281 4364/6678 4245/2505 4204/8091
f 1268/9282 1310/5156 1253/7708 1222/8332
f 75/5202 82/5201 41/9283 36/9284
f 2007/4471 2023/4470 1873/9285 1871/9286
f 1866/9287 1867/9288 1829/9289 1865/9290
f 880/3442 881/9291 814/5290 813/3443
f 2731/345 2718/344 2501/1255 2503/6257
f 3809/7307 3587/7306 3561/3538 3808/8085
f 3301/9292 3305/9293 3263/8203 3245/8202
f 4252/4407 4253/375 3992/374 4041/6196
f 3772/4492 3771/4491 3957/6701
f 1471/4905 1539/4904 1490/9294 1470/9295
f 3094/6774 3109/1710 3085/1709 3067/6775
f 796/578 844/577 777/4427 732/6726
f 3866/9296 3867/9297 3652/9298 3669/9299
f 4057/3979 4146/3978 4056/9300 4013/9301
f 4192/2885 4325/9302 4302/656 4194/655
f 1872/1228 1948/5452 1874/4179 1777/4178
f 4762/9199 4778/8441 4776/8444 4756/9303
f 62/9304 63/8276 57/8277 56/9305
f 740/2305 805/2919 736/2918 674/1232
f 2637/8806 2750/320 2761/319 2613/967
f 3674/2025 3687/1104 3534/1107 3512/3938
f 4728/5104 4715/5103 4692/8435 4705/8434
f 3593/9306 3643/6395 3596/8382 3571/9307
f 4565/9308 4691/4396 4642/4395 4599/8348
f 165/2512 195/7159 150/9309 134/2513
f 3764/9310 3975/9311 3812/9312
f 993/9313 1021/9314 990/2661 953/2660
f 2104/6967 2274/7413 2237/1331 2041/5898
f 700/369 722/368 656/2000 621/1999
f 678/424 655/423 524/2273 632/2272
f 4519/9315 4444/6961 4420/2361 4502/9201
f 4413/5339 4373/8455 4252/9316 4317/5340
f 3904/9317 3959/9318 3957/9319
f 3904/9317 3957/9319 3905/9320
f 2982/4212 3014/9239 2926/9321 2876/4213
f 1733/2880 1834/2879 1759/6798 1732/4815
f 1518/9322 1526/9323 1506/349 1505/2816
f 4067/4054 4287/370 4238/373 3970/7128
f 4062/9324 4114/8603 3842/8602 3841/9325
f 1732/1445 1741/1444 1708/9184 1694/9183
f 3746/9017 3593/9020 3592/9326 3745/9327
f 1031/8415 1050/9328 1030/9329 1008/9330
f 4379/9173 4393/9037 4264/9331 4235/9332
f 1475/1553 1523/1552 1468/6401 1440/6438
f 2680/9333 2715/5854 2587/8972 2559/9334
f 3121/4274 3035/4273 3049/3205 3120/8978
f 3792/9335 3836/1761 3793/1760 3715/9336
f 1883/9337 1994/9338 1993/8688 1894/8687
f 2471/2838 2685/1017 2642/1020 2404/2839
f 275/4959 276/4958 237/7276 235/7275
f 744/1163 807/1162 786/2945 745/2678
f 705/8803 701/8172 622/5442 658/4898
f 214/9339 242/9340 215/2867 212/2870
f 2710/6999 2794/4770 2745/7423 2626/6183
f 1081/6163 1154/2340 1091/2343 1059/6164
f 1044/8432 1066/193 1010/3522 989/5508
f 2129/731 2366/730 2217/3336 2069/8659
f 3749/6992 3773/4551 3750/224 3693/3789
f 46/9341 47/9342 12/8927 16/8926
f 927/7463 906/7051 861/7677 864/3118
f 2108/1638 2059/1637 1916/6698 1936/9343
f 453/3422 560/3421 454/4974 414/4530
f 2564/9344 2623/4133 2624/7467 2581/9345
f 4009/4142 4147/4141 4010/9346 3879/9246
f 3260/6463 3270/6462 3269/6411 3205/6410
f 1826/9347 1860/9348 1813/9349 1810/9350
f 4361/9351 4414/2178 4346/9352 4316/9353
f 2397/1899 2516/8955 2396/1660 2309/1659
f 3111/1207 3229/7718 3227/9354 3128/1208
f 1752/7025 1888/9355 1753/541 1657/540
f 4235/9356 4264/8714 4113/8722 4036/9357
f 112/3039 122/12 98/7753 97/9358
f 3843/9359 4063/4937 3989/4764 3779/4786
f 124/8110 146/8109 121/9360 107/9361
f 3065/3408 3103/9362 3025/9363 2943/6054
f 3937/8851 4027/3298 3952/5126
f 751/7946 752/4877 685/872 719/871
f 506/2244 546/1952 437/1679 389/1822
f 4264/8714 4305/416 4150/415 4113/8722
f 563/2316 643/2318 594/9364 483/9365
f 3984/9082 4019/9366 3946/7440 3917/8579
f 4464/4268 4546/7458 4518/5552 4415/6875
f 476/5198 528/5197 376/9367 367/9368
f 1186/8090 1245/183 1244/186 1193/6943
f 1295/9369 1250/6941 1244/186 1294/185
f 524/2273 432/2356 329/1586 439/1585
f 3777/8580 3778/4007 3723/9370 3755/9371
f 1692/5625 1705/2515 1625/2514 1628/5285
f 3810/7546 4097/9372 4069/9373 3781/8261
f 3014/9374 3078/8155 3013/8052 2926/4400
f 845/1222 807/1162 779/367 835/1219
f 534/4115 592/4963 502/1799 444/1798
f 889/2534 1006/9375 992/3658 890/1220
f 2039/5684 2172/6378 2040/9147 1904/5685
f 2241/1636 2221/4344 2060/6696 2059/1637
f 3988/9376 4020/9377 3803/6925 3757/6924
f 4718/9378 4748/9379 4663/9380 4632/9381
f 4431/9382 4529/8469 4511/8472 4418/9383
f 3880/1726 3960/5232 3881/3889 3797/1727
f 2662/6277 2475/8148 2411/1257 2599/1256
f 3524/88 3523/8129 3558/5765 3522/4431
f 3008/2140 3033/2139 2920/7366 2883/7365
f 1470/4917 1490/5043 1489/5042 1478/4918
f 3667/9384 3758/7962 3730/7965 3665/9385
f 438/1766 408/1455 327/1454 373/1764
f 4006/9386 4059/9387 4008/9388
f 3683/4787 3918/4767 3845/8709 3648/8708
f 221/1296 222/1299 144/7527 139/7526
f 2073/3882 2107/9389 1958/2502 1913/2501
f 1417/3413 1434/4832 1411/5540 1392/3414
f 1571/9390 1594/9391 1580/5160 1547/5159
f 4750/4327 4739/9392 4708/9393 4738/4328
f 4238/373 4403/372 4386/9394 4222/8592
f 2254/9146 2255/9395 2214/8325 2251/8324
f 98/7753 92/8428 79/9396 97/9358
f 2804/9397 2805/9398 2646/5817 2622/5816
f 4622/8287 4592/9399 4560/8577 4603/8288
f 3780/4354 4067/4054 3970/7128 3732/7127
f 2248/311 2249/6247 2143/9400 2124/312
f 3905/9320 3796/6763 3795/6766 3904/9317
f 2810/9401 2864/517 2759/520 2713/9402
f 1851/2568 1852/3010 1816/5245 1793/2569
f 1782/9403 1912/3984 1881/3987 1783/9404
f 2962/9405 2851/1963 2816/1966 2935/9406
f 3177/9407 3178/9408 3030/9409 3012/9410
f 4230/7979 4257/7978 4183/9411 4080/9412
f 850/8698 888/9413 851/9414 795/5520
f 4761/5096 4750/5095 4759/9415 4743/9416
f 3691/5641 3752/5640 3753/5745 3749/9417
f 1839/9418 1879/6506 1805/7866 1714/9071
f 2552/7549 2553/6969 2511/1700 2532/1699
f 4107/9419 4162/2504 4106/2507 3978/9420
f 3222/35 3310/9421 3268/18 3117/17
f 83/7502 137/9422 128/9423 74/7503
f 1663/5077 1773/9424 1738/5433 1629/3587
f 1911/5946 2100/9425 2028/5889 1841/5888
f 1040/9092 1052/2453 994/6047 986/8413
f 4479/9426 4496/9427 4375/9428 4365/9429
f 3816/9430 3793/9431 3787/9432 3770/9433
f 3291/4748 3303/5377 3253/5726 3156/4749
f 3617/9434 3804/6111 3727/6113 3599/6130
f 3449/6225 3417/8610 3342/8029 3375/6226
f 536/9435 611/5457 535/850 480/2857
f 1435/9436 1436/9437 1418/893 1412/892
f 4003/9438 4052/5189 3856/5192 3786/7810
f 1489/5778 1531/4461 1494/4464 1478/9439
f 2645/7386 2858/1108 2857/1111 2643/5187
f 3950/5886 4099/1345 4072/1344
f 3922/9440 4076/9441 3923/9442 3766/9443
f 561/9444 562/3675 482/3676 481/9445
f 218/896 219/9446 181/9447 179/3929
f 824/6220 886/6229 825/6230 735/6221
f 1055/9448 1047/3851 992/9449 1006/9450
f 4048/7343 4104/6933 4105/6932
f 2370/9451 2227/9452 2226/3840 2340/3839
f 3918/4767 4170/4766 4117/9453 3845/8709
f 388/9454 428/9455 333/3737 300/3736
f 4053/9456 4030/2808 4107/2807
f 1219/9457 1247/9458 1240/9459 1209/9460
f 2694/9182 2726/9181 2652/7395 2624/7394
f 410/9461 411/1461 379/1460 387/1389
f 1488/9462 1493/5910 1465/5913 1462/9463
f 1655/5724 1656/5723 1514/9464 1501/9465
f 1780/8724 1781/9466 1698/8374 1697/6989
f 1344/4652 1368/9467 1345/9468 1317/4653
f 3912/6820 3914/6821 3837/9469 3861/9470
f 3106/2284 3107/9471 3000/7650 2999/6792
f 1796/2937 1887/2936 1752/5310 1670/9472
f 4426/6601 4463/6600 4338/9473 4268/9474
f 4670/5350 4740/5097 4735/6808 4662/7034
f 1760/9113 1820/9475 1664/4772 1623/1551
f 265/3084 278/3083 196/7704 209/5787
f 3547/3021 3652/7663 3604/4795 3441/3022
f 4101/3775 4100/2494 4102/1164
f 1406/1719 1440/6438 1399/6440 1356/9005
f 4634/9476 4681/9477 4661/9478 4629/9479
f 2472/9480 2735/1114 2723/4630 2473/9481
f 4339/9157 4450/9482 4416/2822 4297/2821
f 4131/9483 4132/9484 3869/3866 3868/3865
f 1585/9485 1597/9486 1552/7588 1542/7587
f 3994/1010 3901/9487 3704/6240 3811/1011
f 285/4546 307/4545 282/9488 242/9489
f 2437/6685 2456/6684 2297/9490 2279/9491
f 1144/9492 1152/4187 1131/2008 1122/2007
f 947/3199 1005/3198 964/9493 888/9494
f 4254/6949 4119/7293 4098/7292 4242/6950
f 4022/4202 4065/6597 3806/9495 3805/4203
f 3631/3924 3665/8523 3632/8524 3576/3925
f 659/9496 687/9497 611/9498 536/9499
f 1715/6716 1717/6715 1680/9500 1679/9072
f 619/8345 603/8368 571/8367 586/8346
f 3892/8094 3682/9501 3695/9502 3890/8095
f 1587/9503 1658/1263 1602/500 1559/5110
f 2749/6546 2813/21 2786/24 2728/6547
f 3200/2481 3201/1615 3169/1618 3199/8543
f 3850/9504 3589/5806 3588/5809 3831/9505
f 614/2725 636/2724 541/9506 441/8907
f 2083/7722 2121/6719 2052/8105 2051/7723
f 3907/2756 4124/9507 4016/9508 3821/2757
f 1501/9465 1514/9464 1464/9509 1455/9510
f 4049/3356 4105/9511 4141/3353
f 688/2602 689/2643 643/2318 642/2317
f 335/1534 348/7557 339/7560 322/1535
f 1747/9512 1934/6902 1840/3690 1669/8941
f 3874/4972 3784/1504 3550/1507 3625/3417
f 4609/446 4586/6020 4569/1181 4601/447
f 1005/3198 1059/6164 1020/9513 964/9493
f 2439/1071 2373/1070 2359/9514 2393/9515
f 1128/7834 1148/8300 1126/9516 1104/8379
f 1578/3588 1671/5434 1618/1875 1533/1874
f 1124/9517 1117/3852 1047/3851 1055/9448
f 53/9518 52/9519 48/9520 51/9521
f 3585/6335 3527/6334 3480/3943 3528/7904
f 2753/1407 2593/1406 2591/9522 2752/3392
f 3644/7731 3645/6 3616/2095 3615/9523
f 2431/9524 2467/9525 2346/5194 2330/5193
f 3974/5885 4045/3355 4161/3354
f 4612/7961 4620/2524 4548/2527 4538/7807
f 4384/1016 4390/1015 4246/3216 4255/7686
f 3680/2418 3644/2687 3615/9526 3630/3666
f 3985/7827 3986/9527 3827/7602 3826/7601
f 2132/6835 2276/7742 2240/4598 2116/7974
f 3955/4265 4052/4264 4003/9528 3940/9529
f 4331/8990 4332/6712 4118/6168 4155/9530
f 2188/3805 2189/3804 2186/887 2187/886
f 4140/8462 4212/5323 4161/3354 4141/3353
f 2050/9531 2051/9532 2018/3697 2017/1703
f 906/7051 904/7050 853/9533 861/7677
f 1337/3180 1340/3179 1281/7216 1279/7215
f 174/3315 198/9534 147/9535 146/8109
f 907/2385 955/2384 932/9536 874/7728
f 4103/2634 4140/2633 4141/6931
f 1112/3904 1137/3905 1089/3795 1098/3794
f 831/3102 794/2899 749/421 776/2930
f 2881/1509 2898/9537 2764/7940 2729/1510
f 3999/5979 4050/4782 3813/4017 3785/4016
f 3696/9070 3758/7962 3667/9384 3618/8969
f 4028/9538 4049/3356 4045/3355 3975/8454
f 2523/9539 2338/562 2275/2686 2435/8797
f 3258/9540 3307/4025 3295/4028 3215/9541
f 4046/2636 3997/2635 3851/9542 3901/9543
f 236/9544 274/7719 250/7720 206/9545
f 249/9546 156/9547 155/9548 234/9549
f 2663/7582 2871/2582 2858/2585 2645/7583
f 1100/9550 1158/8504 1145/190 1080/8431
f 213/7613 231/7612 214/9551 212/9552
f 3719/1468 3797/1727 3717/1523 3711/1469
f 2818/9553 2662/9554 2599/442 2782/441
f 2048/9555 2151/7492 2119/5940 2014/5942
f 374/9556 407/9557 272/4049 258/4048
f 3952/3174 3975/9558 3764/9559 3742/3175
f 4463/6600 4506/8846 4389/9560 4338/9473
f 2242/7551 2264/7550 2107/9389 2073/3882
f 4321/9561 4258/4056 4233/4055 4232/8493
f 4422/8188 4505/9562 4504/9058 4433/8189
f 1870/8541 1771/7756 1737/7530 1756/9563
f 3681/7681 3843/9359 3779/4786 3633/4785
f 68/5925 75/5924 36/4163 35/4166
f 4276/9564 4432/7172 4402/7171 4236/9170
f 428/9455 471/9565 371/8918 333/3737
f 2996/8509 2997/8508 2805/9398 2804/9397
f 1329/8933 1356/9566 1310/9567 1268/8934
f 792/863 793/862 710/4318 721/4317
f 3441/9568 3412/9196 3411/6119 3440/5617
f 3069/9569 3070/1906 2922/1905 2992/9570
f 942/2538 962/2207 943/2210 922/2539
f 980/3575 1034/8009 1035/3617 985/3616
f 2481/1337 2551/7308 2533/2720 2462/1338
f 1200/9571 1219/9457 1209/9460 1175/9572
f 4568/4480 4667/4479 4615/9573 4539/7993
f 4039/9574 4223/4184 4224/1501 4040/1500
f 1547/5159 1581/5076 1548/3586 1521/9059
f 292/5577 426/1946 370/5177 261/6634
f 3781/8261 3782/9575 3551/5254 3533/5253
f 1844/4044 1894/4043 1857/9576 1807/9577
f 1813/9578 1814/9579 1789/9580 1810/9581
f 2516/9582 2607/9583 2515/3062 2396/3061
f 3571/9584 3596/7910 3572/7911 3566/9585
f 3537/8717 3743/8655 3675/8656 3485/9586
f 3413/9197 3428/9587 3406/8897 3405/8132
f 3698/2736 3530/6206 3549/8744 3697/8819
f 1024/3708 1032/3710 910/8690 902/8689
f 3890/8095 3695/9502 3729/9588 3842/8602
f 36/9284 41/9283 17/9589 15/9590
f 3862/7002 3929/5438 3863/5441 3801/7003
f 1707/1781 1739/5602 1779/5772 1596/8555
f 363/9591 429/5855 418/5856 353/9592
f 1480/7525 1502/9593 1449/3955 1432/3954
f 4249/9594 4262/9595 4020/9377 3988/9376
f 3996/3293 3876/3292 3875/2024 3995/7692
f 4323/9596 4509/9597 4498/9598 4385/9599
f 443/9043 503/5208 452/8156 402/8894
f 4293/5481 4318/4186 4280/8229 4279/9600
f 4566/7035 4662/7034 4644/8614 4547/9601
f 4719/7260 4742/1325 4643/1324 4619/4169
f 4673/9602 4709/9603 4650/9025 4596/506
f 4316/9353 4346/9352 4199/9604 4173/9605
f 1043/9057 1054/9056 987/9606 981/9607
f 4437/9608 4424/3900 4395/3901 4412/9609
f 1782/9403 1783/9404 1720/5874 1719/5873
f 2566/6469 2605/9610 2567/9611 2514/6470
f 4016/9139 4085/9138 3882/9612 3821/9613
f 3661/1142 3598/9614 3597/9615 3660/1139
f 3590/5538 3657/1382 3459/9616 3423/6253
f 4176/7350 4139/1166 4137/1165 4073/9617
f 840/744 886/743 824/9618 802/9619
f 2438/5568 2688/5567 2663/9620 2391/6246
f 3954/9621 4078/7770 3979/7771 3833/9622
f 4070/9623 4241/4359 4223/4362 4039/9624
f 1187/9625 1256/8536 1241/4295 1165/9626
f 482/3676 563/2316 483/9365 464/9627
f 635/9628 513/1835 505/1834 624/8457
f 4471/9629 4477/2855 4388/3011 4397/9630
f 775/2844 730/2456 677/2558 710/2557
f 4160/7666 4211/9631 4227/7665
f 2561/7270 2387/6900 2354/1143 2524/7166
f 3317/9632 3323/9633 3318/6125 3316/6124
f 3226/7694 3315/611 3223/614 3089/1077
f 1579/8606 1627/8605 1568/5216 1534/4621
f 4325/5370 4326/9634 4300/9635 4283/5371
f 3228/1916 3227/7969 3210/8038 3208/1913
f 1921/9636 2125/7189 2020/8309 1817/1264
f 349/6565 393/6564 325/9637 307/9638
f 2739/9639 2860/9640 2792/9641 2670/9642
f 603/9643 605/9644 569/9645 555/9646
f 1322/3462 1354/4076 1311/5011 1258/4039
f 2246/4981 2390/6452 2318/6455 2182/4680
f 1691/3961 1869/3960 1853/1310 1640/1313
f 2111/7712 2112/7197 2047/7123 2045/9647
f 3097/2285 3106/2284 2999/6792 2984/6791
f 280/1980 302/1979 198/9534 174/3315
f 3659/2787 3833/2786 3814/9648 3626/3490
f 1441/352 1473/9649 1442/269 1403/6336
f 4210/1342 4212/5323 4138/403
f 1592/8081 1593/9189 1530/9650 1529/4176
f 2691/817 2736/816 2563/6889 2528/6888
f 3296/9651 3401/6955 3387/3154 3294/3157
f 4637/9652 4673/9602 4596/506 4580/505
f 2261/9653 2349/7421 2196/7422 2087/8047
f 853/2269 842/9654 783/5119 797/2270
f 2829/7095 2832/7094 2826/5464 2825/5467
f 4032/5744 4181/5743 4083/8739 3926/9655
f 2169/4615 2228/8808 2208/9656 2141/7194
f 2953/9657 2936/9658 2790/9659 2789/9660
f 4521/7170 4594/9661 4571/9662 4489/9192
f 3569/1513 3627/3836 3570/8311 3565/1514
f 1888/9355 2053/6878 1921/6881 1753/541
f 3456/6543 3552/5408 3420/3163 3351/3162
f 1809/294 1846/2503 1784/5917 1749/295
f 3429/6161 3425/9663 3406/9664 3428/6162
f 643/9665 687/9666 659/9667 594/9668
f 3802/9669 3864/8578 3777/8580 3755/9371
f 4508/2325 4598/6845 4583/6848 4497/2326
f 2430/764 2460/763 2424/8682 2423/9670
f 4025/5547 3783/9671 3737/7900 3972/977
f 3495/6431 3516/9672 3517/8893 3515/3947
f 3593/9673 3571/9674 3568/5993 3592/5992
f 3607/3868 3623/3867 3453/7491 3445/7490
f 441/6326 424/1519 398/682 422/7716
f 1434/4832 1452/6686 1433/5541 1411/5540
f 402/8894 452/8156 423/9233 369/8895
f 1920/7240 1900/7239 1866/9675 1886/9676
f 3551/715 3560/714 3431/3540 3400/9677
f 170/9678 141/8492 131/8491 169/9679
f 4678/9680 4695/9681 4686/9682 4655/9683
f 356/8440 440/7520 420/8813 331/8840
f 2459/1842 2677/9002 2621/9684 2413/8993
f 3475/9685 3636/9686 3605/8640 3450/8639
f 1476/4965 1477/4967 1458/4870 1460/4869
f 497/9687 510/1054 430/1057 409/8619
f 86/8855 87/8858 60/5228 58/5227
f 2549/4118 2648/6343 2550/358 2478/1787
f 1288/8882 1296/9688 1234/5275 1233/4845
f 4703/3913 4666/6090 4665/1844 4648/3914
f 1816/5245 1828/5860 1815/8128 1791/5246
f 1185/8026 1137/3905 1134/2651 1184/2650
f 3160/9210 3122/4365 2991/4368 3036/4669
f 4417/9689 4554/779 4527/6958 4377/9690
f 1473/4962 1511/4961 1474/9691 1442/9692
f 2906/1796 2885/9693 2690/9694 2737/1797
f 273/8557 310/9695 274/9696 236/8558
f 2615/9697 2435/9698 2434/6915 2593/6914
f 3536/8715 3537/8717 3392/9699 3391/9700
f 3658/9701 3706/5537 3513/5539 3470/9702
f 2062/9703 2224/7914 2163/7916 2029/9704
f 2938/7532 3020/7333 2988/7332 2918/7533
f 4165/8448 4258/9705 4321/8447
f 3092/524 3091/523 3098/9706 3032/9707
f 4135/2977 4315/2365 4290/2368 4133/2978
f 3651/6347 3581/2378 3546/2381 3650/6348
f 9/606 18/605 10/9708 4/9709
f 4192/2885 4326/3615 4325/9302
f 944/8461 946/8460 919/9710 917/9711
f 2000/6260 1920/9712 1886/9713 1999/6261
f 3882/8328 3943/6576 3836/1761 3792/9335
f 2515/3062 2584/9714 2517/9715 2431/3063
f 2590/1860 2592/8366 2385/9716 2433/4743
f 2398/1992 2518/162 2349/3093 2261/3771
f 4368/6368 4196/9717 4195/6570 4341/6369
f 1651/9718 1710/570 1652/9719 1597/9720
f 1013/8753 1029/8305 1016/8308 1004/9721
f 3876/3292 3761/1105 3687/1104 3875/2024
f 4278/9722 4397/9630 4388/3011 4277/5385
f 1886/9723 1866/9287 1865/9290 1885/9724
f 52/9725 37/604 29/603 48/9726
f 3544/5518 3603/4229 3519/6581 3518/6584
f 2841/6418 2861/6417 2740/6664 2726/6663
f 2069/6361 1929/5961 1928/2878 1950/6359
f 1804/6968 2041/5898 1991/5899 1780/9727
f 28/4193 23/4192 22/9728 27/9729
f 2943/6054 3025/9363 2942/4240 2873/4239
f 3754/3125 3725/8757 3694/3786 3751/223
f 4279/9600 4294/5479 4293/5481
f 1455/9510 1464/9509 1423/8700 1422/8703
f 1661/2624 1775/5601 1647/9730 1616/2625
f 4736/2820 4737/2819 4730/3862 4732/3861
f 1922/4826 2084/8310 2085/9731 1923/4825
f 421/6952 449/3628 368/3627 332/9732
f 2926/4400 3013/8052 2878/5378 2875/4401
f 344/9733 342/8424 316/2641 317/2640
f 3667/9384 3664/5 3619/8 3618/8969
f 1648/9734 1745/7226 1646/7227 1551/9735
f 2106/8874 1960/9736 1959/9737 2105/8875
f 2682/6341 2717/1511 2499/303 2497/6266
f 24/9738 31/9739 27/9740 22/9741
f 4450/9742 4544/7982 4517/7983 4416/9743
f 1889/6121 1854/6120 1818/8255 1832/9744
f 1114/9035 1135/3902 1109/3823 1099/9745
f 848/2061 808/1422 775/2844 793/2843
f 2794/4770 2973/4769 2928/9746 2745/7423
f 1301/9747 1320/7383 1251/4126 1231/4125
f 2750/22 2637/9748 2589/9749 2716/23
f 2075/9750 2109/4098 1963/3260 1943/7881
f 1937/6603 1998/4337 1938/9751 1896/9752
f 978/6909 1038/3850 1033/9753 979/9754
f 3505/1517 3448/9755 3416/1359 3455/1358
f 4232/8493 4282/1818 4321/9561
f 2175/8257 2174/7016 2094/7015 2093/3257
f 1021/9314 1057/8100 1022/7396 990/2661
f 1780/9727 1991/5899 1979/6622 1781/7468
f 2276/7742 2401/1346 2379/1349 2240/4598
f 4153/9756 4369/9757 4355/9758 4116/9759
f 2290/9760 2470/9761 2469/9762 2274/9763
f 2746/168 2714/167 2655/4583 2673/4582
f 3914/6821 3916/7439 3862/7442 3837/9469
f 4053/3388 4079/3387 4031/9251 4030/9250
f 4365/9429 4375/9428 4216/9764 4203/9765
f 4313/8130 4408/2604 4407/2603 4314/8124
f 4381/9766 4468/3303 4458/3189 4382/6554
f 1028/8306 1029/8305 928/8752 935/9767
f 1550/5078 1695/8632 1630/8684 1510/156
f 2163/7916 2108/1638 1936/9343 2029/9704
f 3299/4828 3335/5937 3252/8236 3183/4829
f 3462/2277 3473/2276 3463/5618 3435/4895
f 2003/9768 2046/9769 2004/9770 1968/9771
f 4410/4909 4491/9772 4452/9773 4371/4910
f 2594/9774 2388/559 2338/562 2523/9539
f 2571/4288 2686/9221 2487/9775 2389/5327
f 4185/25 4323/2121 4385/26
f 3934/4973 3874/4972 3625/3417 3672/3416
f 1990/5706 2027/5705 1879/9776 1839/9777
f 3889/4415 3947/4414 3864/9778 3802/9779
f 260/2768 311/2767 259/9780 224/9781
f 1427/5944 1463/1663 1454/1666 1408/2559
f 4271/9782 4430/8571 4429/8574 4272/9783
f 2506/5489 2724/9784 2707/9001 2490/1841
f 3568/6354 3571/9785 3566/9786 3565/6355
f 219/1489 245/1037 182/6637 181/9787
f 2498/7203 2496/9788 2353/4599 2379/1349
f 1969/6648 2014/9789 2015/4935 1970/4936
f 2618/7105 2619/7104 2406/7586 2405/7585
f 2273/4225 2454/3272 2452/3275 2272/4226
f 3329/6974 3365/9790 3361/9791 3330/9792
f 1472/9793 1481/9794 1456/9795 1450/9796
f 1099/2446 1109/9797 1098/9798 1088/2986
f 4284/9799 4456/9800 4419/2541 4218/2540
f 3002/7646 3091/9801 3060/3511 2947/3510
f 3535/3193 3511/3192 3389/6231 3439/9802
f 672/9803 682/9804 635/9628 624/8457
f 2558/9805 2612/1991 2398/1992 2376/8559
f 3444/2364 3445/2363 3362/9806 3361/4988
f 2367/9807 2369/6030 2177/5397 2176/8076
f 2123/7713 2121/9808 2083/6614 2122/6613
f 782/2872 766/2871 765/4465 743/4498
f 268/9809 313/5164 284/5167 231/9810
f 790/2395 828/2415 791/9103 746/4445
f 2446/4990 2568/6213 2447/1714 2347/1713
f 1685/8534 1795/5686 1687/9202 1601/9811
f 1634/8269 1693/2165 1635/2168 1585/9812
f 1217/9813 1264/2256 1256/2259 1206/9814
f 3744/8716 3977/6793 3953/1790 3743/8655
f 4363/2179 4414/2178 4361/9351
f 4552/6244 4532/6245 4488/6211 4513/6210
f 2466/5028 2606/9815 2468/9123 2333/5029
f 4190/9816 4191/9817 4186/9818 4189/9819
f 1201/9820 1203/9821 1161/363 1160/362
f 4531/6594 4443/6310 4442/8713 4530/9822
f 4522/4331 4532/4330 4577/2961 4551/2960
f 1394/4735 1419/4734 1398/6753 1370/9823
f 196/9824 197/9825 157/9826 164/9827
f 4007/9828 4013/9829 4005/9830 4004/9831
f 2249/9832 2267/9833 2144/8549 2143/8550
f 2447/1714 2653/2022 2539/7535 2348/1715
f 446/9834 357/6174 319/674 445/4639
f 2637/9835 2470/8068 2455/8067 2589/9836
f 4327/9837 4475/5920 4456/5921 4284/9838
f 2064/7337 2075/7462 1943/9839 1919/7338
f 3630/6926 3615/1483 3574/1486 3614/6927
f 2028/8335 2101/8334 2008/9840 1934/9841
f 3845/9842 4117/5526 4095/7352 3846/9843
f 1611/4083 1612/7641 1580/7642 1594/4084
f 3525/8826 3584/3359 3548/3358 3478/9844
f 207/791 208/9845 201/9846 204/789
f 2012/6770 1917/6769 1861/7936 1960/9847
f 2445/5086 2345/7480 2344/7481 2444/5087
f 3917/8579 3946/7440 3916/7439 3838/8167
f 1847/7937 1848/9848 1814/9849 1813/7938
f 1970/4936 1965/7510 1964/6649 1969/6648
f 1988/8252 1989/1590 1822/6003 1821/9850
f 2409/457 2644/9851 2661/3962 2458/4650
f 4345/8121 4424/3900 4437/9608
f 53/9852 51/9853 30/39 38/38
f 4362/1159 4373/8455 4413/5339
f 1530/5053 1520/5017 1509/346 1529/5041
f 1221/6616 1278/5333 1252/8765 1196/4729
f 3577/4788 3683/4787 3648/8708 3543/9000
f 1855/6860 1877/6859 1711/9854 1674/8792
f 2716/23 2589/9749 2542/9855 2674/9856
f 412/6953 421/6952 332/9732 314/9857
f 3799/9858 3859/9859 3794/7097 3718/7096
f 2191/154 2192/153 2186/9860 2190/3121
f 459/2280 476/2279 367/9861 355/9862
f 4757/9863 4758/9864 4701/1275 4702/1274
f 3399/2219 3350/2218 3347/8770 3398/4777
f 108/408 86/9865 88/8786 91/406
f 808/1422 748/1425 730/2456 775/2844
f 887/8697 947/9866 888/9413 850/8698
f 665/2922 723/1131 642/9867 562/2923
f 3747/6394 3878/8119 3748/9868 3642/8381
f 1450/9796 1456/9795 1438/4813 1425/6849
f 4412/9869 4453/9870 4437/9871
f 697/3122 750/9872 712/9873 702/3123
f 2063/7336 2278/9874 2243/7460 2064/7337
f 3341/3598 3383/2733 3365/9790 3329/6974
f 4357/5557 4394/6534 4265/1241 4206/3467
f 904/9875 905/3230 842/3229 853/9876
f 3247/8644 3246/9877 3212/9878 3213/8645
f 85/9166 50/3144 49/3147 84/9167
f 791/6749 846/3444 813/3443 747/2682
f 715/6773 716/6772 638/9879 637/9880
f 4437/9608 4453/9881 4372/9882 4345/8121
f 2991/9883 2992/4024 2769/4023 2801/1566
f 110/668 111/9884 100/9885 106/669
f 1992/5620 1893/9886 1880/9887 1956/2369
f 4674/1095 4751/1094 4725/9888 4676/608
f 2848/557 2763/57 2684/60 2788/558
f 2713/9889 2759/9890 2612/9891 2558/9892
f 2167/6718 2226/9893 2227/3434 2152/3433
f 1757/4343 1758/4342 1660/3131 1641/3130
f 3022/9894 3050/5426 2904/5425 2859/6631
f 3284/9895 3348/4880 3328/8271 3266/8795
f 2324/5488 2325/1840 2213/9896 2211/9897
f 531/9898 578/9899 448/4355 435/4358
f 4428/8200 4438/6679 4439/9900
f 3896/8144 4172/8718 4129/4052 3848/4353
f 4378/9901 4379/9902 4235/6415 4220/6414
f 2798/9903 2660/8865 2594/8866 2763/9904
f 2395/8867 2361/7038 2362/1784 2383/1783
f 1854/6120 2005/6122 1974/9905 1756/4180
f 4406/9906 4470/257 4449/260
f 1165/8600 1241/9907 1210/9908 1139/5068
f 523/8369 583/2084 552/2083 494/7521
f 195/3739 229/3738 163/9909 150/9910
f 4088/5460 4205/5186 4089/5185 3962/9911
f 4654/9912 4678/9680 4655/9683 4652/9913
f 4367/2435 4480/9225 4481/7608
f 583/9914 603/9915 555/9916 554/9917
f 1367/4608 1382/6509 1366/6511 1353/4609
f 1983/8344 1984/9918 1775/5601 1774/5600
f 1491/8181 1519/9919 1481/9920 1472/8182
f 2812/318 2811/5713 2747/702 2761/319
f 2197/5704 2235/6132 2102/9921 2027/5705
f 3169/7782 3175/7493 3153/7496 3152/7783
f 2406/8225 2407/8224 2265/4096 2245/4095
f 4351/9281 4439/9900 4438/6679 4364/6678
f 4164/9922 4229/9923 3980/9924 3903/9925
f 1196/4729 1252/8765 1232/9926 1178/4730
f 4715/825 4716/824 4693/8705 4692/8704
f 820/8699 850/8698 795/5520 757/5519
f 3840/7700 3889/4415 3802/9779 3756/9927
f 3583/5766 3558/5765 3523/8129 3527/6334
f 4553/776 4554/779 4417/9689 4465/9928
f 2817/1908 3007/1907 2970/6776 2780/9929
f 2820/1668 2859/6631 2665/1158 2664/1669
f 756/9930 750/2690 695/2689 694/8163
f 4385/9599 4498/9598 4499/5962
f 4300/9931 4326/9932 4492/9933
f 4269/9934 4415/9935 4398/9936 4243/9937
f 3608/6542 3702/4702 3552/5408 3456/6543
f 933/1248 875/1247 874/7728 932/9536
f 1979/9938 2179/9939 2157/9940 1978/9941
f 2997/6396 3010/1210 2820/2783 2805/9942
f 2885/4994 2886/4993 2691/3135 2690/3134
f 4587/7986 4579/9943 4541/9944 4571/9249
f 2359/6420 2358/9945 2305/7703 2304/6421
f 2745/7423 2928/9746 2887/9946 2708/7424
f 717/9947 761/9948 718/9949 639/9950
f 2952/8046 2838/9951 2768/8151 2901/5995
f 168/635 125/72 145/11 160/10
f 435/7891 383/9087 382/9088 434/7892
f 3125/8196 3209/1914 3208/1913 3126/8040
f 2046/9952 2080/5503 2048/5506 2004/9953
f 4584/5636 4553/776 4465/9928 4481/9954
f 2644/3911 2856/3520 2854/4138 2661/9955
f 4296/7829 4339/7828 4228/2610 4180/2609
f 657/5056 681/3087 623/2221 559/9956
f 1157/1837 1191/9957 1156/9958 1142/1838
f 96/6690 103/6689 97/8643 79/9959
f 4324/9960 4492/9961 4326/9962
f 4617/8411 4623/8648 4609/8651 4604/8412
f 3797/1727 3881/3889 3798/1524 3717/1523
f 1351/4349 1376/3957 1344/4652 1316/4651
f 1897/2313 1937/6603 1896/9752 1848/2314
f 250/7720 260/2768 224/9781 206/9545
f 4121/3043 4215/3042 4078/7770 3954/9621
f 3141/9963 3206/9964 3059/5090 3017/5089
f 1376/3957 1397/3956 1368/9467 1344/4652
f 3472/2789 3629/9965 3461/4663 3371/725
f 2503/6454 2501/9966 2316/7730 2318/6455
f 191/5887 256/7449 185/9967 151/4260
f 3009/3519 3087/9968 3074/1415 2993/1414
f 3242/8254 3174/8501 3127/8039 3210/8038
f 1494/7590 1497/7589 1479/5794 1478/5793
f 2336/3566 2197/5704 2158/5703 2335/3563
f 3580/5446 3620/5445 3545/9969 3501/9970
f 1265/2348 1286/5740 1229/9971 1213/2349
f 3671/5754 3697/8819 3549/8744 3503/5755
f 261/6634 262/6635 208/9845 207/791
f 3939/9217 3978/9216 3855/9972 3814/9973
f 3485/9974 3675/9975 3564/6045 3434/1891
f 3427/3424 3475/9685 3450/8639 3408/3425
f 115/6688 127/7592 116/7595 103/6689
f 2271/9976 2283/4553 2250/4556 2210/9977
f 2734/1115 2735/1114 2472/9480 2504/9978
f 1007/248 1031/8415 1008/9330 972/5687
f 2488/7133 2721/8968 2641/6453 2390/6452
f 3001/9979 3098/9980 3091/9981 3002/9982
f 1213/2349 1229/9971 1191/9957 1157/1837
f 2558/9983 2376/8421 2375/8422 2557/9984
f 365/1540 363/1539 303/1921 308/9985
f 2877/4548 2911/4088 2709/8936 2679/4549
f 4440/3284 4547/9007 4536/9986 4430/7206
f 4756/9987 4776/473 4766/476 4720/6838
f 2545/9988 2370/9451 2340/3839 2544/6591
f 4515/3670 4545/9989 4516/3667
f 2322/7039 2361/7038 2323/4554 2283/4553
f 858/7134 883/1885 884/9990 849/9991
f 2682/9992 2497/9993 2496/9994 2681/9995
f 921/9996 940/9997 922/8775 916/8776
f 1373/5530 1401/9998 1390/9999 1379/5531
f 1738/5881 1891/5883 1819/5729 1671/4913
f 3359/1175 3385/1650 3384/267 3376/1176
f 2371/1655 2547/1654 2506/6188 2324/10000
f 1621/3132 1622/2623 1619/10001 1590/7282
f 4514/10002 4562/10003 4545/10004
f 4433/8189 4451/1920 4357/4030 4310/7212
f 1133/10005 1111/3684 1120/2009 1132/4731
f 1775/5605 1984/5256 1976/1125 1744/1124
f 137/9422 232/4034 199/4037 128/9423
f 4125/5282 4342/7315 4304/3282 4092/6936
f 3346/9261 3356/10006 3340/10007 3324/9262
f 3949/4122 3760/8627 3703/8628 3900/4123
f 663/10008 626/3368 625/3367 652/6709
f 2265/7073 2279/7072 2149/6259 2118/6258
f 4517/4267 4595/8219 4546/7458 4464/4268
f 913/10009 866/2497 865/2500 912/10010
f 4421/9067 4432/9066 4276/7617 4275/7616
f 2702/2958 2727/3219 2701/3222 2657/2959
f 1974/9905 2022/6153 1870/6152 1756/4180
f 4755/3344 4749/2029 4733/2032 4754/10011
f 4646/5968 4575/7952 4555/7955 4621/5969
f 4542/3878 4525/626 4504/629 4505/3879
f 4513/4819 4578/3345 4552/3348
f 3605/8145 3848/4353 3780/4354 3556/7927
f 4476/4996 4490/4995 4409/9051 4448/10012
f 2741/10013 2824/10014 2607/9583 2516/9582
f 4038/10015 4278/9722 4277/5385 4024/10016
f 548/2616 601/2615 554/10017 509/10018
f 2796/10019 2681/5691 2683/5690 2795/10020
f 3664/5 3667/9384 3665/9385 3631/2094
f 3928/6561 3887/4005 3912/6820 3913/10021
f 1195/8365 1215/420 1159/681 1148/8637
f 3625/10022 3550/10023 3417/8610 3449/6225
f 593/4899 658/4898 622/5442 532/5444
f 998/6342 1042/10024 1018/6501 969/2896
f 1008/8082 1030/10025 1025/10026 993/8083
f 4480/10027 4588/64 4589/63
f 4257/10028 4352/9143 4217/4139 4084/7074
f 3620/10029 3650/6348 3546/2381 3545/4861
f 3115/8943 3264/10030 3198/5436 3077/5435
f 4066/7223 3847/10031 3806/9495 4065/6597
f 3867/10032 4155/9530 4118/6168 3829/6167
f 3183/4829 3252/8236 3079/10033 3078/6350
f 2616/6552 2617/6551 2437/7071 2407/7070
f 4499/10034 4565/9308 4599/8348
f 1095/5933 1164/3604 1101/3607 1084/6670
f 108/10035 157/10036 135/10037 86/10038
f 3250/50 3283/8807 3307/10039 3258/51
f 4656/5824 4657/1688 4652/1690 4655/10040
f 2357/6422 2304/6421 2270/2322 2303/2321
f 3290/34 3369/8514 3310/9421 3222/35
f 2088/7018 2156/7017 2154/830 2054/833
f 4198/10041 3933/7256 3932/3409 4158/3898
f 3754/492 3886/491 3826/7601 3725/7604
f 3142/727 3275/726 3143/10042 3045/6659
f 2272/4226 2452/3275 2450/410 2288/409
f 1306/2629 1346/8554 1326/5469 1293/5468
f 2757/5776 2940/6899 2821/1794 2666/2950
f 3728/6128 3757/8982 3614/10043 3600/6129
f 2259/2759 2308/6739 2287/7376 2203/2760
f 2548/2951 2737/1797 2690/9694 2509/10044
f 834/3907 879/5594 871/5595 820/3908
f 4196/9717 3967/10045 3983/6571 4195/6570
f 2799/4511 2815/4510 2675/10046 2640/8221
f 279/4863 324/10047 295/10048 241/4864
f 1266/4495 1267/4494 1173/2775 1181/2774
f 925/2663 954/2662 926/4841 896/4840
f 1806/2595 1844/4044 1807/9577 1748/6425
f 1283/8863 1347/6756 1335/4496 1266/4495
f 1252/10049 1307/10050 1287/8881 1232/4844
f 2733/10051 2545/9988 2544/6591 2732/6590
f 529/393 669/392 667/7515 530/8811
f 1635/9186 1651/9185 1597/9486 1585/9485
f 3582/7906 3669/9299 3652/9298 3547/7907
f 1717/10052 1748/10053 1716/10054 1680/10055
f 3510/4065 3701/4064 3535/6241 3439/10056
f 2436/10057 2660/4403 2659/4404 2355/10058
f 4668/10059 4684/10060 4597/6477 4582/6476
f 3058/7387 3171/10061 3141/8258 3031/4321
f 516/10062 616/2338 517/2337 427/10063
f 2171/10064 2193/2761 2126/6356 2055/10065
f 2776/10066 2703/7757 2485/7758 2659/10067
f 4627/6626 4628/10068 4629/6623
f 1457/7430 1430/10069 1438/10070 1456/7429
f 2836/3429 2787/1365 2638/10071 2703/3430
f 2607/4550 2679/4549 2584/8173 2515/10072
f 894/10073 905/10074 1006/10075 889/10076
f 4579/9943 4587/7986 4533/4818 4543/5938
f 2426/3726 2427/3320 2422/1152 2419/1151
f 3247/8644 3282/3506 3284/3509 3259/10077
f 217/10078 253/10079 230/10080 213/10081
f 1748/10053 1807/9206 1719/9207 1716/10054
f 452/8156 532/5444 478/5443 423/9233
f 1684/8594 1699/1463 1682/1466 1676/5413
f 4075/511 4269/9934 4243/9937 3999/1537
f 3130/9235 3011/963 2980/966 3102/8847
f 240/1029 195/7159 165/2512 176/1027
f 4176/8686 4211/8685 4160/3934 4074/3937
f 4509/4170 4643/1324 4565/1327
f 3526/4797 3734/958 3654/961 3479/5831
f 668/5908 680/4277 578/4278 531/7890
f 2117/9159 2292/10082 2278/9874 2063/7336
f 2074/10083 1982/8426 1997/6768 2061/6767
f 3322/8733 3317/9632 3316/6124 3321/8801
f 1170/625 1207/624 1119/2450 1097/9091
f 3941/8041 4082/9142 3857/6392 3746/8042
f 515/5140 536/8676 480/8983 466/5141
f 3742/10084 3764/10085 3469/9094 3458/9093
f 3452/6527 3502/10086 3475/10087 3427/6528
f 4562/6979 4534/6978 4516/8945 4545/10088
f 4118/6168 4332/6712 4266/4908 4023/6169
f 182/6637 180/7656 177/10089 181/9787
f 4653/10090 4658/10091 4659/10092
f 843/10093 905/10074 894/10073 832/10094
f 3356/10006 3378/3469 3357/3472 3340/10007
f 2894/7880 2933/7081 2895/7083 2890/8283
f 1235/4143 1236/4144 1203/9821 1201/9820
f 358/2833 359/3527 264/10095 263/2834
f 2988/7332 2951/6842 2853/9188 2918/7533
f 4108/4280 4231/10096 4184/7701 3981/4281
f 3793/9431 3816/9430 3716/10097 3715/10098
f 4683/8483 4687/6815 4686/3226 4638/3225
f 432/1829 365/1828 308/4324 329/5900
f 3705/7777 3744/10099 3536/7417 3491/5935
f 3275/10100 3353/1100 3276/1103 3143/6097
f 4322/7702 4465/10101 4417/6328 4248/5876
f 2971/10102 3056/10103 2907/4032 2791/4031
f 4626/10104 4668/10105 4582/4969 4564/4968
f 2162/6747 2199/1145 2043/6389 2011/10106
f 173/10107 241/6855 210/6858 169/10108
f 4654/10109 4660/3875 4677/3874
f 3749/6992 3753/10110 3774/6973 3773/4551
f 4058/1819 4282/1818 4232/8493 4034/4693
f 4639/8347 4679/4394 4680/5163
f 2131/9108 2290/9760 2274/9763 2104/9109
f 1317/8772 1345/10111 1342/10112 1314/8773
f 2967/3464 2962/10113 2935/10114 2959/3465
f 4215/3042 4255/7686 4144/5150 4078/7770
f 3000/6385 3107/3992 3082/3995 2956/6291
f 501/1333 558/10115 422/7716 396/1334
f 4385/9599 4499/5962 4480/5963 4367/10116
f 2120/10117 2124/5383 2035/1701 2015/4935
f 4370/9171 4489/9192 4459/10118 4328/10119
f 3873/5269 3656/1516 3586/1518 3783/6866
f 464/5848 461/6537 460/6540 463/5849
f 730/2456 654/2455 631/3744 677/2558
f 774/2396 790/2395 746/4445 737/4444
f 2589/9749 2455/10120 2384/10121 2542/9855
f 299/1446 408/1448 409/9271 326/10122
f 1929/8660 2091/3337 2007/10123 1871/10124
f 4536/8572 4618/8433 4611/8436 4537/8573
f 208/7924 238/7923 202/6015 201/6018
f 4138/10125 4046/10126 3901/9487 3994/1010
f 4698/10127 4668/10128 4626/10129 4675/609
f 4675/609 4676/608 4698/10127
f 1978/8303 1990/8302 1839/5731 1803/5730
f 4553/776 4584/5636 4699/777
f 4737/2819 4706/3398 4700/7378 4730/3862
f 533/2467 640/1292 609/1295 477/5362
f 2356/5260 2389/5327 2280/10130 2225/3622
f 1674/8792 1711/9854 1624/2564 1595/2563
f 4396/3999 4291/3998 4290/2368 4395/2367
f 1149/3969 1162/806 1150/3158 1127/8157
f 3550/10023 3506/8582 3418/8585 3417/8610
f 1484/10131 1579/8606 1534/4621 1466/4620
f 4447/3669 4461/3668 4358/10132 4329/10133
f 3675/9975 3902/4157 3765/2784 3564/6045
f 4245/2505 4364/6678 4298/6681 4202/2506
f 3441/3022 3604/4795 3526/4797 3412/5830
f 787/10134 751/10135 745/10136 786/10137
f 367/10138 376/10139 249/9546 234/9549
f 4688/3876 4685/10140 4712/8974
f 581/4638 598/10141 446/9834 445/4639
f 493/10142 523/10143 494/10144 474/10145
f 2091/3337 2218/2622 2145/3790 2007/10123
f 4214/10146 4350/6930 4320/3041 4178/3040
f 2811/5713 2812/318 2748/9121 2775/3251
f 231/7612 284/10147 257/10148 214/9551
f 2831/5465 2810/5642 2809/5643 2827/5466
f 4563/6599 4606/8816 4506/8846 4463/6600
f 4126/5892 4327/10149 4284/7825 4093/5893
f 1230/947 1280/6459 1211/7027 1163/948
f 1546/4244 1665/5655 1610/4960 1524/4245
f 541/8654 565/2014 518/4100 417/10150
f 3118/984 3119/395 3062/394 3061/985
f 4677/3874 4689/3873 4726/83
f 4707/1903 4721/8341 4624/8844 4606/8816
f 4073/9617 4137/1165 4044/2493 3951/7195
f 1451/10151 1471/10152 1470/4917 1453/4916
f 1746/9272 1762/6203 1667/10153 1650/10154
f 4260/1735 4283/5183 4205/5186 4191/1736
f 635/2458 633/2457 534/4115 513/4114
f 580/10155 648/10156 537/7981 486/7219
f 1035/3617 1067/5067 1068/3730 1036/3618
f 582/2013 602/10157 566/10158 549/4099
f 2262/3209 2399/10159 2368/10160 2204/4949
f 3166/4334 3149/4834 3163/4833 3165/4335
f 2305/7626 2322/7039 2283/4553 2271/9976
f 4193/7476 4261/10161 4259/10162 4190/7473
f 2919/10163 2976/8045 2963/5994 2902/8671
f 2575/4109 2670/10164 2623/10165 2564/4110
f 3330/9792 3361/9791 3362/10166 3337/10167
f 3888/6824 3983/10168 3967/10169 3825/6825
f 4679/4394 4713/4393 4717/5161
f 424/1519 441/6326 416/1545 359/3964
f 3320/435 3339/6166 3321/8801 3316/6124
f 4661/9478 4681/9477 4727/10170
f 2936/10171 2937/10172 2779/10173 2790/10174
f 1073/3806 1079/1639 1037/1642 1036/10175
f 2326/1843 2459/1842 2413/8993 2306/8992
f 1825/1744 1824/2594 1785/4013 1786/1741
f 4641/61 4746/1998 4704/62
f 1709/567 1710/570 1651/9718 1708/7872
f 4663/10176 4748/10177 4747/10178
f 2085/9034 2171/10179 2154/9049 2086/6507
f 929/3295 927/7463 864/3118 866/3117
f 544/1948 628/7311 618/10180 600/5108
f 1203/7163 1225/2108 1202/2111 1161/10181
f 2833/10182 2845/5660 2831/5663 2826/10183
f 3161/10184 3051/10185 3050/10186 3129/10187
f 3828/9145 3893/7963 3758/7962 3696/9070
f 951/7280 930/7178 931/7177 883/10188
f 959/10189 974/7486 938/7489 937/10190
f 1960/9847 1861/7936 1860/7939 1959/10191
f 3230/10192 3102/10193 3101/4697 3147/4696
f 3114/10194 3112/10195 2996/7247 2998/7246
f 4711/10196 4725/10197 4712/10198
f 1243/2630 1306/2629 1293/5468 1228/5915
f 1827/6737 1864/918 1811/3237 1792/3240
f 3964/2428 4086/2431 3962/124 3910/123
f 1890/3959 2088/10199 2054/6242 1869/3960
f 630/10200 628/10201 664/2673 604/4762
f 4699/777 4704/5635 4762/7416
f 437/1679 388/1395 347/1394 389/1822
f 1070/3653 1049/41 1048/44 1069/3654
f 3470/9702 3513/5539 3367/6254 3352/6628
f 3492/3595 3612/3594 3471/2476 3403/2475
f 3789/3949 3903/8438 3679/10202 3594/8262
f 4758/9864 4757/9863 4765/10203
f 1941/8593 2062/10204 2029/916 1899/915
f 1660/3131 1661/2624 1622/2623 1621/3132
f 4757/6839 4766/476 4765/475
f 4725/10205 4711/10206 4698/10207 4676/10208
f 3321/8801 3344/8800 3343/8734 3322/8733
f 1373/10209 1341/10210 1340/10211 1372/10212
f 3579/4957 3601/4956 3554/10213 3520/6864
f 4748/10214 4764/10215 4768/10216
f 4748/10217 4768/10218 4747/10219
f 267/10220 283/6851 268/6854 230/10221
f 307/9638 325/9637 283/10222 282/10223
f 4214/8940 3977/1971 3976/1974 4213/8937
f 4760/2748 4751/2747 4773/10224
f 4392/4072 4352/7977 4299/7976 4366/4073
f 149/6996 193/7402 171/7405 132/6997
f 4765/10225 4774/2901 4768/2904
f 2863/6444 2793/6443 2697/10226 2862/10227
f 400/828 451/827 410/9461 387/1389
f 3832/719 3938/718 3657/1382 3590/5538
f 1346/4573 1333/4572 1320/10228 1326/10229
f 1370/8395 1398/10230 1374/6580 1342/6579
f 1681/8595 1684/8594 1676/5413 1675/5400
f 2004/10231 2048/9555 2014/5942 1969/10232
f 415/10233 425/10234 352/5132 351/5131
f 521/10235 567/10236 510/866 372/869
f 4777/4519 4779/9223 4780/7121
f 1482/8191 1483/8190 1447/6520 1443/6519
